63_IR-PCI-MSI_512000-edge_ahci[0000:00:1f.2]_CPU3;MCE_Machine_check_exceptions_CPU2;95_IR-PCI-MSI_2099200-edge_eno8-TxRx-0_CPU3;MIS_CPU0;NMI_Non-maskable_interrupts_CPU2;51_IR-PCI-MSI_2097153-edge_eno7-TxRx-1_CPU3;DFR_Deferred_Error_APIC_interrupts_CPU0;HRE_Hyper-V_reenlightenment_interrupts_CPU3;42_IR-PCI-MSI_1576960-edge_ioat-msix_CPU0;LOC_Local_timer_interrupts_CPU3;4_IR-IO-APIC_4-edge_ttyS0_CPU2;TLB_TLB_shootdowns_CPU3;NMI_Non-maskable_interrupts_CPU1;8_IR-IO-APIC_8-edge_rtc0_CPU3;34_IR-PCI-MSI_524290-edge_nvme0q2_CPU1;49_IR-PCI-MSI_2361344-edge_vfio-msix[0](0000:04:10.1)_CPU1;NMI_Non-maskable_interrupts_CPU3;4_IR-IO-APIC_4-edge_ttyS0_CPU3;MCE_Machine_check_exceptions_CPU3;42_IR-PCI-MSI_1576960-edge_ioat-msix_CPU2;92_IR-PCI-MSI_2097156-edge_eno7_CPU3;92_IR-PCI-MSI_2097156-edge_eno7_CPU1;RTR_APIC_ICR_read_retries_CPU1;97_IR-PCI-MSI_2099202-edge_eno8-TxRx-2_CPU1;33_IR-PCI-MSI_524289-edge_nvme0q1_CPU3;36_IR-PCI-MSI_524292-edge_nvme0q4_CPU1;32_IR-PCI-MSI_3670020-edge_eno1-TxRx-3_CPU1;50_IR-PCI-MSI_2097152-edge_eno7-TxRx-0_CPU0;PIW_Posted-interrupt_wakeup_event_CPU0;NPI_Nested_posted-interrupt_event_CPU3;SPU_Spurious_interrupts_CPU1;31_IR-PCI-MSI_3670019-edge_eno1-TxRx-2_CPU0;8_IR-IO-APIC_8-edge_rtc0_CPU2;39_IR-PCI-MSI_524295-edge_nvme0q7_CPU1;96_IR-PCI-MSI_2099201-edge_eno8-TxRx-1_CPU2;THR_Threshold_APIC_interrupts_CPU2;96_IR-PCI-MSI_2099201-edge_eno8-TxRx-1_CPU1;PIN_Posted-interrupt_notification_event_CPU2;25_IR-PCI-MSI_1572864-edge_ioat-msix_CPU2;30_IR-PCI-MSI_3670018-edge_eno1-TxRx-1_CPU3;49_IR-PCI-MSI_2361344-edge_vfio-msix[0](0000:04:10.1)_CPU0;HVS_Hyper-V_stimer0_interrupts_CPU2;PIW_Posted-interrupt_wakeup_event_CPU1;PIN_Posted-interrupt_notification_event_CPU3;30_IR-PCI-MSI_3670018-edge_eno1-TxRx-1_CPU2;TRM_Thermal_event_interrupts_CPU1;39_IR-PCI-MSI_524295-edge_nvme0q7_CPU2;51_IR-PCI-MSI_2097153-edge_eno7-TxRx-1_CPU0;28_IR-PCI-MSI_3670016-edge_eno1_CPU3;38_IR-PCI-MSI_524294-edge_nvme0q6_CPU1;40_IR-PCI-MSI_524296-edge_nvme0q8_CPU0;SPU_Spurious_interrupts_CPU2;18_IR-IO-APIC_18-fasteoi_ehci_hcd:usb1,_ehci_hcd:usb4,_i801_smbus_CPU3;24_DMAR-MSI_0-edge_dmar0_CPU1;37_IR-PCI-MSI_524293-edge_nvme0q5_CPU2;timestamp_us;TLB_TLB_shootdowns_CPU0;29_IR-PCI-MSI_3670017-edge_eno1-TxRx-0_CPU1;27_IR-PCI-MSI_524288-edge_nvme0q0_CPU1;50_IR-PCI-MSI_2097152-edge_eno7-TxRx-0_CPU1;36_IR-PCI-MSI_524292-edge_nvme0q4_CPU2;TLB_TLB_shootdowns_CPU2;SPU_Spurious_interrupts_CPU3;HYP_Hypervisor_callback_interrupts_CPU2;34_IR-PCI-MSI_524290-edge_nvme0q2_CPU0;91_IR-PCI-MSI_2097155-edge_eno7-TxRx-3_CPU3;37_IR-PCI-MSI_524293-edge_nvme0q5_CPU1;MCP_Machine_check_polls_CPU1;96_IR-PCI-MSI_2099201-edge_eno8-TxRx-1_CPU0;CAL_Function_call_interrupts_CPU0;IWI_IRQ_work_interrupts_CPU2;HRE_Hyper-V_reenlightenment_interrupts_CPU1;RTR_APIC_ICR_read_retries_CPU0;DFR_Deferred_Error_APIC_interrupts_CPU3;39_IR-PCI-MSI_524295-edge_nvme0q7_CPU3;NMI_Non-maskable_interrupts_CPU0;33_IR-PCI-MSI_524289-edge_nvme0q1_CPU0;NPI_Nested_posted-interrupt_event_CPU2;63_IR-PCI-MSI_512000-edge_ahci[0000:00:1f.2]_CPU1;HYP_Hypervisor_callback_interrupts_CPU3;24_DMAR-MSI_0-edge_dmar0_CPU3;IWI_IRQ_work_interrupts_CPU0;4_IR-IO-APIC_4-edge_ttyS0_CPU1;63_IR-PCI-MSI_512000-edge_ahci[0000:00:1f.2]_CPU2;PMI_Performance_monitoring_interrupts_CPU1;48_IR-PCI-MSI_2359296-edge_vfio-msix[0](0000:04:10.0)_CPU3;8_IR-IO-APIC_8-edge_rtc0_CPU0;CAL_Function_call_interrupts_CPU1;53_IR-PCI-MSI_1579008-edge_ioat-msix_CPU3;25_IR-PCI-MSI_1572864-edge_ioat-msix_CPU0;97_IR-PCI-MSI_2099202-edge_eno8-TxRx-2_CPU2;40_IR-PCI-MSI_524296-edge_nvme0q8_CPU2;50_IR-PCI-MSI_2097152-edge_eno7-TxRx-0_CPU2;41_IR-PCI-MSI_327680-edge_xhci_hcd_CPU1;27_IR-PCI-MSI_524288-edge_nvme0q0_CPU2;24_DMAR-MSI_0-edge_dmar0_CPU2;31_IR-PCI-MSI_3670019-edge_eno1-TxRx-2_CPU2;95_IR-PCI-MSI_2099200-edge_eno8-TxRx-0_CPU2;40_IR-PCI-MSI_524296-edge_nvme0q8_CPU3;25_IR-PCI-MSI_1572864-edge_ioat-msix_CPU1;MCP_Machine_check_polls_CPU0;PIW_Posted-interrupt_wakeup_event_CPU3;26_IR-PCI-MSI_1574912-edge_ioat-msix_CPU1;38_IR-PCI-MSI_524294-edge_nvme0q6_CPU2;38_IR-PCI-MSI_524294-edge_nvme0q6_CPU0;91_IR-PCI-MSI_2097155-edge_eno7-TxRx-3_CPU2;HYP_Hypervisor_callback_interrupts_CPU0;42_IR-PCI-MSI_1576960-edge_ioat-msix_CPU1;97_IR-PCI-MSI_2099202-edge_eno8-TxRx-2_CPU0;97_IR-PCI-MSI_2099202-edge_eno8-TxRx-2_CPU3;35_IR-PCI-MSI_524291-edge_nvme0q3_CPU3;91_IR-PCI-MSI_2097155-edge_eno7-TxRx-3_CPU0;HRE_Hyper-V_reenlightenment_interrupts_CPU2;51_IR-PCI-MSI_2097153-edge_eno7-TxRx-1_CPU1;HYP_Hypervisor_callback_interrupts_CPU1;91_IR-PCI-MSI_2097155-edge_eno7-TxRx-3_CPU1;31_IR-PCI-MSI_3670019-edge_eno1-TxRx-2_CPU3;30_IR-PCI-MSI_3670018-edge_eno1-TxRx-1_CPU1;95_IR-PCI-MSI_2099200-edge_eno8-TxRx-0_CPU0;NPI_Nested_posted-interrupt_event_CPU1;THR_Threshold_APIC_interrupts_CPU1;24_DMAR-MSI_0-edge_dmar0_CPU0;DFR_Deferred_Error_APIC_interrupts_CPU2;PIN_Posted-interrupt_notification_event_CPU1;53_IR-PCI-MSI_1579008-edge_ioat-msix_CPU0;38_IR-PCI-MSI_524294-edge_nvme0q6_CPU3;95_IR-PCI-MSI_2099200-edge_eno8-TxRx-0_CPU1;18_IR-IO-APIC_18-fasteoi_ehci_hcd:usb1,_ehci_hcd:usb4,_i801_smbus_CPU1;35_IR-PCI-MSI_524291-edge_nvme0q3_CPU0;52_IR-PCI-MSI_2097154-edge_eno7-TxRx-2_CPU1;RTR_APIC_ICR_read_retries_CPU2;HVS_Hyper-V_stimer0_interrupts_CPU1;26_IR-PCI-MSI_1574912-edge_ioat-msix_CPU0;MCE_Machine_check_exceptions_CPU1;48_IR-PCI-MSI_2359296-edge_vfio-msix[0](0000:04:10.0)_CPU2;53_IR-PCI-MSI_1579008-edge_ioat-msix_CPU2;41_IR-PCI-MSI_327680-edge_xhci_hcd_CPU3;SPU_Spurious_interrupts_CPU0;HVS_Hyper-V_stimer0_interrupts_CPU3;42_IR-PCI-MSI_1576960-edge_ioat-msix_CPU3;35_IR-PCI-MSI_524291-edge_nvme0q3_CPU2;8_IR-IO-APIC_8-edge_rtc0_CPU1;26_IR-PCI-MSI_1574912-edge_ioat-msix_CPU3;IWI_IRQ_work_interrupts_CPU3;52_IR-PCI-MSI_2097154-edge_eno7-TxRx-2_CPU0;29_IR-PCI-MSI_3670017-edge_eno1-TxRx-0_CPU0;35_IR-PCI-MSI_524291-edge_nvme0q3_CPU1;36_IR-PCI-MSI_524292-edge_nvme0q4_CPU3;TLB_TLB_shootdowns_CPU1;99_IR-PCI-MSI_2099204-edge_eno8_CPU3;92_IR-PCI-MSI_2097156-edge_eno7_CPU0;IWI_IRQ_work_interrupts_CPU1;34_IR-PCI-MSI_524290-edge_nvme0q2_CPU2;99_IR-PCI-MSI_2099204-edge_eno8_CPU1;ERR_CPU0;99_IR-PCI-MSI_2099204-edge_eno8_CPU2;98_IR-PCI-MSI_2099203-edge_eno8-TxRx-3_CPU3;9_IR-IO-APIC_9-fasteoi_acpi_CPU2;PMI_Performance_monitoring_interrupts_CPU0;41_IR-PCI-MSI_327680-edge_xhci_hcd_CPU0;50_IR-PCI-MSI_2097152-edge_eno7-TxRx-0_CPU3;9_IR-IO-APIC_9-fasteoi_acpi_CPU0;32_IR-PCI-MSI_3670020-edge_eno1-TxRx-3_CPU0;PMI_Performance_monitoring_interrupts_CPU2;MCE_Machine_check_exceptions_CPU0;28_IR-PCI-MSI_3670016-edge_eno1_CPU0;37_IR-PCI-MSI_524293-edge_nvme0q5_CPU3;48_IR-PCI-MSI_2359296-edge_vfio-msix[0](0000:04:10.0)_CPU0;PIW_Posted-interrupt_wakeup_event_CPU2;40_IR-PCI-MSI_524296-edge_nvme0q8_CPU1;28_IR-PCI-MSI_3670016-edge_eno1_CPU1;51_IR-PCI-MSI_2097153-edge_eno7-TxRx-1_CPU2;49_IR-PCI-MSI_2361344-edge_vfio-msix[0](0000:04:10.1)_CPU2;32_IR-PCI-MSI_3670020-edge_eno1-TxRx-3_CPU2;4_IR-IO-APIC_4-edge_ttyS0_CPU0;27_IR-PCI-MSI_524288-edge_nvme0q0_CPU0;41_IR-PCI-MSI_327680-edge_xhci_hcd_CPU2;THR_Threshold_APIC_interrupts_CPU0;98_IR-PCI-MSI_2099203-edge_eno8-TxRx-3_CPU1;NPI_Nested_posted-interrupt_event_CPU0;99_IR-PCI-MSI_2099204-edge_eno8_CPU0;9_IR-IO-APIC_9-fasteoi_acpi_CPU1;TRM_Thermal_event_interrupts_CPU2;LOC_Local_timer_interrupts_CPU2;DFR_Deferred_Error_APIC_interrupts_CPU1;MCP_Machine_check_polls_CPU2;9_IR-IO-APIC_9-fasteoi_acpi_CPU3;39_IR-PCI-MSI_524295-edge_nvme0q7_CPU0;RTR_APIC_ICR_read_retries_CPU3;33_IR-PCI-MSI_524289-edge_nvme0q1_CPU2;29_IR-PCI-MSI_3670017-edge_eno1-TxRx-0_CPU2;33_IR-PCI-MSI_524289-edge_nvme0q1_CPU1;49_IR-PCI-MSI_2361344-edge_vfio-msix[0](0000:04:10.1)_CPU3;LOC_Local_timer_interrupts_CPU0;53_IR-PCI-MSI_1579008-edge_ioat-msix_CPU1;36_IR-PCI-MSI_524292-edge_nvme0q4_CPU0;TRM_Thermal_event_interrupts_CPU0;RES_Rescheduling_interrupts_CPU0;RES_Rescheduling_interrupts_CPU2;TRM_Thermal_event_interrupts_CPU3;63_IR-PCI-MSI_512000-edge_ahci[0000:00:1f.2]_CPU0;52_IR-PCI-MSI_2097154-edge_eno7-TxRx-2_CPU2;96_IR-PCI-MSI_2099201-edge_eno8-TxRx-1_CPU3;31_IR-PCI-MSI_3670019-edge_eno1-TxRx-2_CPU1;RES_Rescheduling_interrupts_CPU3;28_IR-PCI-MSI_3670016-edge_eno1_CPU2;98_IR-PCI-MSI_2099203-edge_eno8-TxRx-3_CPU2;98_IR-PCI-MSI_2099203-edge_eno8-TxRx-3_CPU0;34_IR-PCI-MSI_524290-edge_nvme0q2_CPU3;PMI_Performance_monitoring_interrupts_CPU3;30_IR-PCI-MSI_3670018-edge_eno1-TxRx-1_CPU0;THR_Threshold_APIC_interrupts_CPU3;26_IR-PCI-MSI_1574912-edge_ioat-msix_CPU2;27_IR-PCI-MSI_524288-edge_nvme0q0_CPU3;32_IR-PCI-MSI_3670020-edge_eno1-TxRx-3_CPU3;HRE_Hyper-V_reenlightenment_interrupts_CPU0;52_IR-PCI-MSI_2097154-edge_eno7-TxRx-2_CPU3;25_IR-PCI-MSI_1572864-edge_ioat-msix_CPU3;37_IR-PCI-MSI_524293-edge_nvme0q5_CPU0;48_IR-PCI-MSI_2359296-edge_vfio-msix[0](0000:04:10.0)_CPU1;MCP_Machine_check_polls_CPU3;HVS_Hyper-V_stimer0_interrupts_CPU0;PIN_Posted-interrupt_notification_event_CPU0;18_IR-IO-APIC_18-fasteoi_ehci_hcd:usb1,_ehci_hcd:usb4,_i801_smbus_CPU0;29_IR-PCI-MSI_3670017-edge_eno1-TxRx-0_CPU3;CAL_Function_call_interrupts_CPU2;LOC_Local_timer_interrupts_CPU1;92_IR-PCI-MSI_2097156-edge_eno7_CPU2;RES_Rescheduling_interrupts_CPU1;18_IR-IO-APIC_18-fasteoi_ehci_hcd:usb1,_ehci_hcd:usb4,_i801_smbus_CPU2;CAL_Function_call_interrupts_CPU3
0;0;0;0;0;0;0;0;2;49572;0;116;0;0;0;0;0;0;0;0;0;0;0;0;0;0;0;444;0;0;0;61136;0;0;0;0;0;2;0;0;0;0;0;0;0;0;0;444;0;0;0;0;0;0;0;74;0;0;0;0;0;116;0;0;0;0;0;1;445;41;29;0;3;0;0;0;49;0;0;0;0;60947;0;0;0;0;1;69864;0;2;0;0;0;0;0;0;0;0;0;0;1;0;0;0;0;0;0;0;445;0;0;444;0;0;0;0;0;0;445;0;0;0;0;2;2;0;0;0;0;0;0;0;2;0;0;0;0;0;0;0;0;0;0;20;444;42095;0;0;1;0;24;203060;0;0;0;0;0;0;0;151;0;1;9579;0;0;1;0;0;0;0;0;0;0;0;445;22;0;0;0;0;25;0;0;49576;0;1;0;0;0;0;0;0;0;238616;0;0;0;30;14;0;0;0;0;0;14;0;0;445;0;0;23496;0;0;0;0;0;0;0;0;0;1;0;0;64;0;12082;41705;0;58313;0;12076
0;0;0;0;0;0;0;0;2;49572;0;116;0;0;0;0;0;0;0;0;0;0;0;0;0;0;0;444;0;0;0;61136;0;0;0;0;0;2;0;0;0;0;0;0;0;0;0;444;0;0;0;0;0;0;0;1001943;0;0;0;0;0;116;0;0;0;0;0;1;446;41;29;0;3;0;0;0;49;0;0;0;0;61012;0;0;0;0;1;69865;0;2;0;0;0;0;0;0;0;0;0;0;1;0;0;0;0;0;0;0;446;0;0;444;0;0;0;0;0;0;446;0;0;0;0;2;2;0;0;0;0;0;0;0;2;0;0;0;0;0;0;0;0;0;0;20;444;42095;0;0;1;0;24;203063;0;0;0;0;0;0;0;151;0;1;9579;0;0;1;0;0;0;0;0;0;0;0;445;22;0;0;0;0;25;0;0;49576;0;1;0;0;0;0;0;0;0;238868;0;0;0;30;14;0;0;0;0;0;14;0;0;446;0;0;23496;0;0;0;0;0;0;0;0;0;1;0;0;64;0;12082;41708;0;58314;0;12076
0;0;0;0;0;0;0;0;2;49572;0;116;0;0;0;0;0;0;0;0;0;0;0;0;0;0;0;445;0;0;0;61137;0;0;0;0;0;2;0;0;0;0;0;0;0;0;0;445;0;0;0;0;0;0;0;2002790;0;0;0;0;0;116;0;0;0;0;0;1;446;41;29;0;3;0;0;0;49;0;0;0;0;61076;0;0;0;0;1;69866;0;2;0;0;0;0;0;0;0;0;0;0;1;0;0;0;0;0;0;0;446;0;0;445;0;0;0;0;0;0;446;0;0;0;0;2;2;0;0;0;0;0;0;0;2;0;0;0;0;0;0;0;0;0;0;20;445;42096;0;0;1;0;24;203065;0;0;0;0;0;0;0;151;0;1;9580;0;0;1;0;0;0;0;0;0;0;0;445;22;0;0;0;0;25;0;0;49576;0;1;0;0;0;0;0;0;0;239122;0;0;0;30;14;0;0;0;0;0;14;0;0;446;0;0;23497;0;0;0;0;0;0;0;0;0;1;0;0;64;0;12082;41710;0;58315;0;12076
0;0;0;0;0;0;0;0;2;49572;0;116;0;0;0;0;0;0;0;0;0;0;0;0;0;0;0;446;0;0;0;61154;0;0;0;0;0;2;0;0;0;0;0;0;0;0;0;446;0;0;0;0;0;0;0;3003819;0;0;0;0;0;116;0;0;0;0;0;1;447;41;29;0;3;0;0;0;49;0;0;0;0;61147;0;0;0;0;1;69872;0;2;0;0;0;0;0;0;0;0;0;0;1;0;0;0;0;0;0;0;447;0;0;446;0;0;0;0;0;0;447;0;0;0;0;2;2;0;0;0;0;0;0;0;2;0;0;0;0;0;0;0;0;0;0;20;446;42096;0;0;1;0;25;203074;0;0;0;0;0;0;0;151;0;1;9585;0;0;1;0;0;0;0;0;0;0;0;445;22;0;0;0;0;25;0;0;49576;0;1;0;0;0;0;0;0;0;239375;0;0;0;30;14;0;0;0;0;0;14;0;0;447;0;0;23502;0;0;0;0;0;0;0;0;0;1;0;0;64;0;12082;41714;0;58321;0;12076
0;0;0;0;0;0;0;0;2;49572;0;116;0;0;0;0;0;0;0;0;0;0;0;0;0;0;0;447;0;0;0;61155;0;0;0;0;0;2;0;0;0;0;0;0;0;0;0;447;0;0;0;0;0;0;0;4010286;0;0;0;0;0;116;0;0;0;0;0;1;448;41;29;0;3;0;0;0;49;0;0;0;0;61217;0;0;0;0;1;69876;0;2;0;0;0;0;0;0;0;0;0;0;1;0;0;0;0;0;0;0;448;0;0;447;0;0;0;0;0;0;448;0;0;0;0;2;2;0;0;0;0;0;0;0;2;0;0;0;0;0;0;0;0;0;0;20;447;42108;0;0;1;0;26;203080;0;0;0;0;0;0;0;151;0;1;9589;0;0;1;0;0;0;0;0;0;0;0;445;22;0;0;0;0;26;0;0;49576;0;1;0;0;0;0;0;0;0;239629;0;0;0;30;14;0;0;0;0;0;14;0;0;448;0;0;23506;0;0;0;0;0;0;0;0;0;1;0;0;64;0;12082;41717;0;58325;0;12076
0;0;0;0;0;0;0;0;2;49572;0;116;0;0;0;0;0;0;0;0;0;0;0;0;0;0;0;450;0;0;0;61155;0;0;0;0;0;2;0;0;0;0;0;0;0;0;0;450;0;0;0;0;0;0;0;5010787;0;0;0;0;0;116;0;0;0;0;0;1;454;41;29;0;3;0;0;0;49;0;0;0;0;61283;0;0;0;0;1;69877;0;2;0;0;0;0;0;0;0;0;0;0;1;0;0;0;0;0;0;0;454;0;0;450;0;0;0;0;0;0;454;0;0;0;0;2;2;0;0;0;0;0;0;0;2;0;0;0;0;0;0;0;0;0;0;20;450;42108;0;0;1;0;27;203083;0;0;0;0;0;0;0;151;0;1;9589;0;0;1;0;0;0;0;0;0;0;0;445;22;0;0;0;0;28;0;0;49576;0;1;0;0;0;0;0;0;0;239882;0;0;0;30;14;0;0;0;0;0;14;0;0;454;0;0;23506;0;0;0;0;0;0;0;0;0;1;0;0;64;0;12082;41720;0;58326;0;12076
0;0;0;0;0;0;0;0;2;49572;0;116;0;0;0;0;0;0;0;0;0;0;0;0;0;0;0;450;0;0;0;61156;0;0;0;0;0;2;0;0;0;0;0;0;0;0;0;450;0;0;0;0;0;0;0;6011791;0;0;0;0;0;116;0;0;0;0;0;1;454;41;29;0;3;0;0;0;49;0;0;0;0;61346;0;0;0;0;1;69878;0;2;0;0;0;0;0;0;0;0;0;0;1;0;0;0;0;0;0;0;454;0;0;450;0;0;0;0;0;0;454;0;0;0;0;2;2;0;0;0;0;0;0;0;2;0;0;0;0;0;0;0;0;0;0;20;450;42109;0;0;1;0;27;203085;0;0;0;0;0;0;0;151;0;1;9590;0;0;1;0;0;0;0;0;0;0;0;445;22;0;0;0;0;28;0;0;49576;0;1;0;0;0;0;0;0;0;240137;0;0;0;30;14;0;0;0;0;0;14;0;0;454;0;0;23507;0;0;0;0;0;0;0;0;0;1;0;0;64;0;12082;41722;0;58327;0;12076
0;0;0;0;0;0;0;0;2;49572;0;116;0;0;0;0;0;0;0;0;0;0;0;0;0;0;0;453;0;0;0;61156;0;0;0;0;0;2;0;0;0;0;0;0;0;0;0;453;0;0;0;0;0;0;0;7012815;0;0;0;0;0;116;0;0;0;0;0;1;455;41;29;0;3;0;0;0;49;0;0;0;0;61410;0;0;0;0;1;69879;0;2;0;0;0;0;0;0;0;0;0;0;1;0;0;0;0;0;0;0;455;0;0;453;0;0;0;0;0;0;455;0;0;0;0;2;2;0;0;0;0;0;0;0;2;0;0;0;0;0;0;0;0;0;0;20;453;42109;0;0;1;0;28;203087;0;0;0;0;0;0;0;151;0;1;9590;0;0;1;0;0;0;0;0;0;0;0;445;22;0;0;0;0;28;0;0;49576;0;1;0;0;0;0;0;0;0;240390;0;0;0;30;14;0;0;0;0;0;14;0;0;455;0;0;23507;0;0;0;0;0;0;0;0;0;1;0;0;64;0;12082;41724;0;58328;0;12076
0;0;0;0;0;0;0;0;2;49572;0;116;0;0;0;0;0;0;0;0;0;0;0;0;0;0;0;453;0;0;0;61157;0;0;0;0;0;2;0;0;0;0;0;0;0;0;0;453;0;0;0;0;0;0;0;8013822;0;0;0;0;0;116;0;0;0;0;0;1;455;41;29;0;3;0;0;0;49;0;0;0;0;61474;0;0;0;0;1;69880;0;2;0;0;0;0;0;0;0;0;0;0;1;0;0;0;0;0;0;0;455;0;0;453;0;0;0;0;0;0;455;0;0;0;0;2;2;0;0;0;0;0;0;0;2;0;0;0;0;0;0;0;0;0;0;20;453;42110;0;0;1;0;28;203089;0;0;0;0;0;0;0;151;0;1;9591;0;0;1;0;0;0;0;0;0;0;0;445;22;0;0;0;0;28;0;0;49576;0;1;0;0;0;0;0;0;0;240643;0;0;0;30;14;0;0;0;0;0;14;0;0;455;0;0;23508;0;0;0;0;0;0;0;0;0;1;0;0;64;0;12082;41726;0;58329;0;12076
0;0;0;0;0;0;0;0;2;49572;0;116;0;0;0;0;0;0;0;0;0;0;0;0;0;0;0;454;0;0;0;61157;0;0;0;0;0;2;0;0;0;0;0;0;0;0;0;454;0;0;0;0;0;0;0;9014766;0;0;0;0;0;116;0;0;0;0;0;1;456;41;29;0;3;0;0;0;49;0;0;0;0;61538;0;0;0;0;1;69881;0;2;0;0;0;0;0;0;0;0;0;0;1;0;0;0;0;0;0;0;456;0;0;454;0;0;0;0;0;0;456;0;0;0;0;2;2;0;0;0;0;0;0;0;2;0;0;0;0;0;0;0;0;0;0;20;454;42110;0;0;1;0;28;203091;0;0;0;0;0;0;0;151;0;1;9591;0;0;1;0;0;0;0;0;0;0;0;445;22;0;0;0;0;28;0;0;49576;0;1;0;0;0;0;0;0;0;240896;0;0;0;30;14;0;0;0;0;0;14;0;0;456;0;0;23508;0;0;0;0;0;0;0;0;0;1;0;0;64;0;12082;41728;0;58330;0;12076
0;0;0;0;0;0;0;0;2;49572;0;116;0;0;0;0;0;0;0;0;0;0;0;0;0;0;0;454;0;0;0;61158;0;0;0;0;0;2;0;0;0;0;0;0;0;0;0;454;0;0;0;0;0;0;0;10015778;0;0;0;0;0;116;0;0;0;0;0;1;456;41;29;0;3;0;0;0;49;0;0;0;0;61601;0;0;0;0;1;69882;0;2;0;0;0;0;0;0;0;0;0;0;1;0;0;0;0;0;0;0;456;0;0;454;0;0;0;0;0;0;456;0;0;0;0;2;2;0;0;0;0;0;0;0;2;0;0;0;0;0;0;0;0;0;0;20;454;42111;0;0;1;0;28;203093;0;0;0;0;0;0;0;151;0;1;9592;0;0;1;0;0;0;0;0;0;0;0;445;22;0;0;0;0;28;0;0;49576;0;1;0;0;0;0;0;0;0;241149;0;0;0;30;14;0;0;0;0;0;14;0;0;456;0;0;23509;0;0;0;0;0;0;0;0;0;1;0;0;64;0;12082;41730;0;58331;0;12076
0;0;0;0;0;0;0;0;2;49572;0;116;0;0;0;0;0;0;0;0;0;0;0;0;0;0;0;455;0;0;0;61158;0;0;0;0;0;2;0;0;0;0;0;0;0;0;0;455;0;0;0;0;0;0;0;11016795;0;0;0;0;0;116;0;0;0;0;0;1;457;41;29;0;3;0;0;0;49;0;0;0;0;61665;0;0;0;0;1;69883;0;2;0;0;0;0;0;0;0;0;0;0;1;0;0;0;0;0;0;0;457;0;0;455;0;0;0;0;0;0;457;0;0;0;0;2;2;0;0;0;0;0;0;0;2;0;0;0;0;0;0;0;0;0;0;20;455;42111;0;0;1;0;28;203095;0;0;0;0;0;0;0;151;0;1;9592;0;0;1;0;0;0;0;0;0;0;0;445;22;0;0;0;0;28;0;0;49576;0;1;0;0;0;0;0;0;0;241401;0;0;0;30;14;0;0;0;0;0;14;0;0;457;0;0;23509;0;0;0;0;0;0;0;0;0;1;0;0;64;0;12082;41732;0;58332;0;12076
0;0;0;0;0;0;0;0;2;49572;0;116;0;0;0;0;0;0;0;0;0;0;0;0;0;0;0;455;0;0;0;61159;0;0;0;0;0;2;0;0;0;0;0;0;0;0;0;455;0;0;0;0;0;0;0;12017811;0;0;0;0;0;116;0;0;0;0;0;1;457;41;29;0;3;0;0;0;49;0;0;0;0;61729;0;0;0;0;1;69884;0;2;0;0;0;0;0;0;0;0;0;0;1;0;0;0;0;0;0;0;457;0;0;455;0;0;0;0;0;0;457;0;0;0;0;2;2;0;0;0;0;0;0;0;2;0;0;0;0;0;0;0;0;0;0;20;455;42112;0;0;1;0;28;203097;0;0;0;0;0;0;0;151;0;1;9593;0;0;1;0;0;0;0;0;0;0;0;445;22;0;0;0;0;28;0;0;49576;0;1;0;0;0;0;0;0;0;241654;0;0;0;30;14;0;0;0;0;0;14;0;0;457;0;0;23510;0;0;0;0;0;0;0;0;0;1;0;0;64;0;12082;41734;0;58333;0;12076
0;0;0;0;0;0;0;0;2;49572;0;116;0;0;0;0;0;0;0;0;0;0;0;0;0;0;0;456;0;0;0;61159;0;0;0;0;0;2;0;0;0;0;0;0;0;0;0;456;0;0;0;0;0;0;0;13018764;0;0;0;0;0;116;0;0;0;0;0;1;457;41;29;0;3;0;0;0;49;0;0;0;0;61792;0;0;0;0;1;69885;0;2;0;0;0;0;0;0;0;0;0;0;1;0;0;0;0;0;0;0;457;0;0;456;0;0;0;0;0;0;457;0;0;0;0;2;2;0;0;0;0;0;0;0;2;0;0;0;0;0;0;0;0;0;0;20;456;42112;0;0;1;0;28;203100;0;0;0;0;0;0;0;151;0;1;9593;0;0;1;0;0;0;0;0;0;0;0;445;22;0;0;0;0;28;0;0;49576;0;1;0;0;0;0;0;0;0;241906;0;0;0;30;14;0;0;0;0;0;14;0;0;457;0;0;23510;0;0;0;0;0;0;0;0;0;1;0;0;64;0;12082;41737;0;58334;0;12076
0;0;0;0;0;0;0;0;2;49572;0;116;0;0;0;0;0;0;0;0;0;0;0;0;0;0;0;456;0;0;0;61160;0;0;0;0;0;2;0;0;0;0;0;0;0;0;0;456;0;0;0;0;0;0;0;14019775;0;0;0;0;0;116;0;0;0;0;0;1;458;41;29;0;3;0;0;0;49;0;0;0;0;61856;0;0;0;0;1;69886;0;2;0;0;0;0;0;0;0;0;0;0;1;0;0;0;0;0;0;0;458;0;0;456;0;0;0;0;0;0;458;0;0;0;0;2;2;0;0;0;0;0;0;0;2;0;0;0;0;0;0;0;0;0;0;20;456;42113;0;0;1;0;28;203102;0;0;0;0;0;0;0;151;0;1;9594;0;0;1;0;0;0;0;0;0;0;0;445;22;0;0;0;0;28;0;0;49576;0;1;0;0;0;0;0;0;0;242159;0;0;0;30;14;0;0;0;0;0;14;0;0;458;0;0;23511;0;0;0;0;0;0;0;0;0;1;0;0;64;0;12082;41739;0;58335;0;12076
0;0;0;0;0;0;0;0;2;49572;0;116;0;0;0;0;0;0;0;0;0;0;0;0;0;0;0;457;0;0;0;61160;0;0;0;0;0;2;0;0;0;0;0;0;0;0;0;457;0;0;0;0;0;0;0;15020792;0;0;0;0;0;116;0;0;0;0;0;1;458;41;29;0;3;0;0;0;49;0;0;0;0;61920;0;0;0;0;1;69887;0;2;0;0;0;0;0;0;0;0;0;0;1;0;0;0;0;0;0;0;458;0;0;457;0;0;0;0;0;0;458;0;0;0;0;2;2;0;0;0;0;0;0;0;2;0;0;0;0;0;0;0;0;0;0;20;457;42113;0;0;1;0;28;203104;0;0;0;0;0;0;0;151;0;1;9594;0;0;1;0;0;0;0;0;0;0;0;445;22;0;0;0;0;28;0;0;49576;0;1;0;0;0;0;0;0;0;242412;0;0;0;30;14;0;0;0;0;0;14;0;0;458;0;0;23511;0;0;0;0;0;0;0;0;0;1;0;0;64;0;12082;41741;0;58336;0;12076
0;0;0;0;0;0;0;0;2;49572;0;116;0;0;0;0;0;0;0;0;0;0;0;0;0;0;0;457;0;0;0;61161;0;0;0;0;0;2;0;0;0;0;0;0;0;0;0;457;0;0;0;0;0;0;0;16021803;0;0;0;0;0;116;0;0;0;0;0;1;459;41;29;0;3;0;0;0;49;0;0;0;0;61984;0;0;0;0;1;69888;0;2;0;0;0;0;0;0;0;0;0;0;1;0;0;0;0;0;0;0;459;0;0;457;0;0;0;0;0;0;459;0;0;0;0;2;2;0;0;0;0;0;0;0;2;0;0;0;0;0;0;0;0;0;0;20;457;42114;0;0;1;0;28;203106;0;0;0;0;0;0;0;151;0;1;9595;0;0;1;0;0;0;0;0;0;0;0;445;22;0;0;0;0;28;0;0;49576;0;1;0;0;0;0;0;0;0;242665;0;0;0;30;14;0;0;0;0;0;14;0;0;459;0;0;23512;0;0;0;0;0;0;0;0;0;1;0;0;64;0;12082;41743;0;58337;0;12076
0;0;0;0;0;0;0;0;2;49572;0;116;0;0;0;0;0;0;0;0;0;0;0;0;0;0;0;458;0;0;0;61161;0;0;0;0;0;2;0;0;0;0;0;0;0;0;0;458;0;0;0;0;0;0;0;17022763;0;0;0;0;0;116;0;0;0;0;0;1;459;41;29;0;3;0;0;0;49;0;0;0;0;62048;0;0;0;0;1;69889;0;2;0;0;0;0;0;0;0;0;0;0;1;0;0;0;0;0;0;0;459;0;0;458;0;0;0;0;0;0;459;0;0;0;0;2;2;0;0;0;0;0;0;0;2;0;0;0;0;0;0;0;0;0;0;20;458;42114;0;0;1;0;28;203109;0;0;0;0;0;0;0;151;0;1;9595;0;0;1;0;0;0;0;0;0;0;0;445;22;0;0;0;0;28;0;0;49576;0;1;0;0;0;0;0;0;0;242917;0;0;0;30;14;0;0;0;0;0;14;0;0;459;0;0;23512;0;0;0;0;0;0;0;0;0;1;0;0;64;0;12082;41746;0;58338;0;12076
0;0;0;0;0;0;0;0;2;49572;0;116;0;0;0;0;0;0;0;0;0;0;0;0;0;0;0;458;0;0;0;61162;0;0;0;0;0;2;0;0;0;0;0;0;0;0;0;458;0;0;0;0;0;0;0;18023798;0;0;0;0;0;116;0;0;0;0;0;1;460;41;29;0;3;0;0;0;49;0;0;0;0;62112;0;0;0;0;1;69892;0;2;0;0;0;0;0;0;0;0;0;0;1;0;0;0;0;0;0;0;460;0;0;458;0;0;0;0;0;0;460;0;0;0;0;2;2;0;0;0;0;0;0;0;2;0;0;0;0;0;0;0;0;0;0;20;458;42120;0;0;1;0;28;203115;0;0;0;0;0;0;0;151;0;1;9598;0;0;1;0;0;0;0;0;0;0;0;445;22;0;0;0;0;28;0;0;49576;0;1;0;0;0;0;0;0;0;243171;0;0;0;30;14;0;0;0;0;0;14;0;0;460;0;0;23515;0;0;0;0;0;0;0;0;0;1;0;0;64;0;12082;41751;0;58341;0;12076
0;0;0;0;0;0;0;0;2;49572;0;116;0;0;0;0;0;0;0;0;0;0;0;0;0;0;0;459;0;0;0;61162;0;0;0;0;0;2;0;0;0;0;0;0;0;0;0;459;0;0;0;0;0;0;0;19024814;0;0;0;0;0;116;0;0;0;0;0;1;460;41;29;0;3;0;0;0;49;0;0;0;0;62179;0;0;0;0;1;69894;0;2;0;0;0;0;0;0;0;0;0;0;1;0;0;0;0;0;0;0;460;0;0;459;0;0;0;0;0;0;460;0;0;0;0;2;2;0;0;0;0;0;0;0;2;0;0;0;0;0;0;0;0;0;0;20;459;42120;0;0;1;0;28;203119;0;0;0;0;0;0;0;151;0;1;9598;0;0;1;0;0;0;0;0;0;0;0;445;22;0;0;0;0;28;0;0;49576;0;1;0;0;0;0;0;0;0;243424;0;0;0;30;14;0;0;0;0;0;14;0;0;460;0;0;23515;0;0;0;0;0;0;0;0;0;1;0;0;64;0;12082;41754;0;58343;0;12076
0;0;0;0;0;0;0;0;2;49572;0;116;0;0;0;0;0;0;0;0;0;0;0;0;0;0;0;459;0;0;0;61163;0;0;0;0;0;2;0;0;0;0;0;0;0;0;0;459;0;0;0;0;0;0;0;20025835;0;0;0;0;0;116;0;0;0;0;0;1;461;41;29;0;3;0;0;0;49;0;0;0;0;62245;0;0;0;0;1;69899;0;2;0;0;0;0;0;0;0;0;0;0;1;0;0;0;0;0;0;0;461;0;0;459;0;0;0;0;0;0;461;0;0;0;0;2;2;0;0;0;0;0;0;0;2;0;0;0;0;0;0;0;0;0;0;20;459;42124;0;0;1;0;28;203125;0;0;0;0;0;0;0;151;0;1;9610;0;0;1;0;0;0;0;0;0;0;0;445;22;0;0;0;0;28;0;0;49576;0;1;0;0;0;0;0;0;0;243677;0;0;0;30;14;0;0;0;0;0;14;0;0;461;0;0;23519;0;0;0;0;0;0;0;0;0;1;0;0;64;0;12082;41757;0;58348;0;12076
0;0;0;0;0;0;0;0;2;49572;0;116;0;0;0;0;0;0;0;0;0;0;0;0;0;0;0;460;0;0;0;61163;0;0;0;0;0;2;0;0;0;0;0;0;0;0;0;460;0;0;0;0;0;0;0;21026775;0;0;0;0;0;116;0;0;0;0;0;1;461;41;29;0;3;0;0;0;49;0;0;0;0;62309;0;0;0;0;1;69900;0;2;0;0;0;0;0;0;0;0;0;0;1;0;0;0;0;0;0;0;461;0;0;460;0;0;0;0;0;0;461;0;0;0;0;2;2;0;0;0;0;0;0;0;2;0;0;0;0;0;0;0;0;0;0;20;460;42124;0;0;1;0;28;203128;0;0;0;0;0;0;0;151;0;1;9610;0;0;1;0;0;0;0;0;0;0;0;445;22;0;0;0;0;28;0;0;49576;0;1;0;0;0;0;0;0;0;243929;0;0;0;30;14;0;0;0;0;0;14;0;0;461;0;0;23519;0;0;0;0;0;0;0;0;0;1;0;0;64;0;12082;41760;0;58349;0;12076
0;0;0;0;0;0;0;0;2;49572;0;116;0;0;0;0;0;0;0;0;0;0;0;0;0;0;0;460;0;0;0;61164;0;0;0;0;0;2;0;0;0;0;0;0;0;0;0;460;0;0;0;0;0;0;0;22027785;0;0;0;0;0;116;0;0;0;0;0;1;462;41;29;0;3;0;0;0;49;0;0;0;0;62373;0;0;0;0;1;69901;0;2;0;0;0;0;0;0;0;0;0;0;1;0;0;0;0;0;0;0;462;0;0;460;0;0;0;0;0;0;462;0;0;0;0;2;2;0;0;0;0;0;0;0;2;0;0;0;0;0;0;0;0;0;0;20;460;42125;0;0;1;0;28;203130;0;0;0;0;0;0;0;151;0;1;9611;0;0;1;0;0;0;0;0;0;0;0;445;22;0;0;0;0;28;0;0;49576;0;1;0;0;0;0;0;0;0;244182;0;0;0;30;14;0;0;0;0;0;14;0;0;462;0;0;23520;0;0;0;0;0;0;0;0;0;1;0;0;64;0;12082;41762;0;58350;0;12076
0;0;0;0;0;0;0;0;2;49572;0;116;0;0;0;0;0;0;0;0;0;0;0;0;0;0;0;461;0;0;0;61164;0;0;0;0;0;2;0;0;0;0;0;0;0;0;0;461;0;0;0;0;0;0;0;23028797;0;0;0;0;0;116;0;0;0;0;0;1;462;41;29;0;3;0;0;0;49;0;0;0;0;62437;0;0;0;0;1;69902;0;2;0;0;0;0;0;0;0;0;0;0;1;0;0;0;0;0;0;0;462;0;0;461;0;0;0;0;0;0;462;0;0;0;0;2;2;0;0;0;0;0;0;0;2;0;0;0;0;0;0;0;0;0;0;20;461;42125;0;0;1;0;28;203132;0;0;0;0;0;0;0;151;0;1;9611;0;0;1;0;0;0;0;0;0;0;0;445;22;0;0;0;0;28;0;0;49576;0;1;0;0;0;0;0;0;0;244434;0;0;0;30;14;0;0;0;0;0;14;0;0;462;0;0;23520;0;0;0;0;0;0;0;0;0;1;0;0;64;0;12082;41764;0;58351;0;12076
0;0;0;0;0;0;0;0;2;49572;0;116;0;0;0;0;0;0;0;0;0;0;0;0;0;0;0;461;0;0;0;61165;0;0;0;0;0;2;0;0;0;0;0;0;0;0;0;461;0;0;0;0;0;0;0;24029817;0;0;0;0;0;116;0;0;0;0;0;1;463;41;29;0;3;0;0;0;49;0;0;0;0;62500;0;0;0;0;1;69904;0;2;0;0;0;0;0;0;0;0;0;0;1;0;0;0;0;0;0;0;463;0;0;461;0;0;0;0;0;0;463;0;0;0;0;2;2;0;0;0;0;0;0;0;2;0;0;0;0;0;0;0;0;0;0;20;461;42127;0;0;1;0;28;203136;0;0;0;0;0;0;0;151;0;1;9612;0;0;1;0;0;0;0;0;0;0;0;445;22;0;0;0;0;28;0;0;49576;0;1;0;0;0;0;0;0;0;244688;0;0;0;30;14;0;0;0;0;0;14;0;0;463;0;0;23521;0;0;0;0;0;0;0;0;0;1;0;0;64;0;12082;41768;0;58353;0;12076
0;0;0;0;0;0;0;0;2;49572;0;116;0;0;0;0;0;0;0;0;0;0;0;0;0;0;0;462;0;0;0;61165;0;0;0;0;0;2;0;0;0;0;0;0;0;0;0;462;0;0;0;0;0;0;0;25030763;0;0;0;0;0;116;0;0;0;0;0;1;463;41;29;0;3;0;0;0;49;0;0;0;0;62564;0;0;0;0;1;69906;0;2;0;0;0;0;0;0;0;0;0;0;1;0;0;0;0;0;0;0;463;0;0;462;0;0;0;0;0;0;463;0;0;0;0;2;2;0;0;0;0;0;0;0;2;0;0;0;0;0;0;0;0;0;0;20;462;42128;0;0;1;0;28;203141;0;0;0;0;0;0;0;151;0;1;9612;0;0;1;0;0;0;0;0;0;0;0;445;22;0;0;0;0;28;0;0;49576;0;1;0;0;0;0;0;0;0;244940;0;0;0;30;14;0;0;0;0;0;14;0;0;463;0;0;23521;0;0;0;0;0;0;0;0;0;1;0;0;64;0;12082;41773;0;58355;0;12076
0;0;0;0;0;0;0;0;2;49572;0;116;0;0;0;0;0;0;0;0;0;0;0;0;0;0;0;462;0;0;0;61166;0;0;0;0;0;2;0;0;0;0;0;0;0;0;0;462;0;0;0;0;0;0;0;26031778;0;0;0;0;0;116;0;0;0;0;0;1;464;41;29;0;3;0;0;0;49;0;0;0;0;62628;0;0;0;0;1;69908;0;2;0;0;0;0;0;0;0;0;0;0;1;0;0;0;0;0;0;0;464;0;0;462;0;0;0;0;0;0;464;0;0;0;0;2;2;0;0;0;0;0;0;0;2;0;0;0;0;0;0;0;0;0;0;20;462;42130;0;0;1;0;28;203145;0;0;0;0;0;0;0;151;0;1;9613;0;0;1;0;0;0;0;0;0;0;0;445;22;0;0;0;0;28;0;0;49576;0;1;0;0;0;0;0;0;0;245193;0;0;0;30;14;0;0;0;0;0;14;0;0;464;0;0;23522;0;0;0;0;0;0;0;0;0;1;0;0;64;0;12082;41777;0;58357;0;12076
0;0;0;0;0;0;0;0;2;49572;0;116;0;0;0;0;0;0;0;0;0;0;0;0;0;0;0;463;0;0;0;61167;0;0;0;0;0;2;0;0;0;0;0;0;0;0;0;463;0;0;0;0;0;0;0;27032803;0;0;0;0;0;116;0;0;0;0;0;1;464;41;29;0;3;0;0;0;49;0;0;0;0;62693;0;0;0;0;1;69911;0;2;0;0;0;0;0;0;0;0;0;0;1;0;0;0;0;0;0;0;464;0;0;463;0;0;0;0;0;0;464;0;0;0;0;2;2;0;0;0;0;0;0;0;2;0;0;0;0;0;0;0;0;0;0;20;463;42132;0;0;1;0;28;203150;0;0;0;0;0;0;0;151;0;1;9622;0;0;1;0;0;0;0;0;0;0;0;445;22;0;0;0;0;28;0;0;49576;0;1;0;0;0;0;0;0;0;245446;0;0;0;30;14;0;0;0;0;0;14;0;0;464;0;0;23524;0;0;0;0;0;0;0;0;0;1;0;0;64;0;12082;41780;0;58360;0;12076
0;0;0;0;0;0;0;0;2;49572;0;116;0;0;0;0;0;0;0;0;0;0;0;0;0;0;0;463;0;0;0;61176;0;0;0;0;0;2;0;0;0;0;0;0;0;0;0;463;0;0;0;0;0;0;0;28033821;0;0;0;0;0;116;0;0;0;0;0;1;465;41;29;0;3;0;0;0;49;0;0;0;0;62762;0;0;0;0;1;69915;0;2;0;0;0;0;0;0;0;0;0;0;1;0;0;0;0;0;0;0;465;0;0;463;0;0;0;0;0;0;465;0;0;0;0;2;2;0;0;0;0;0;0;0;2;0;0;0;0;0;0;0;0;0;0;20;463;42133;0;0;1;0;28;203156;0;0;0;0;0;0;0;151;0;1;9626;0;0;1;0;0;0;0;0;0;0;0;445;22;0;0;0;0;28;0;0;49576;0;1;0;0;0;0;0;0;0;245700;0;0;0;30;14;0;0;0;0;0;14;0;0;465;0;0;23531;0;0;0;0;0;0;0;0;0;1;0;0;64;0;12082;41783;0;58364;0;12076
0;0;0;0;0;0;0;0;2;49572;0;116;0;0;0;0;0;0;0;0;0;0;0;0;0;0;0;464;0;0;0;61176;0;0;0;0;0;2;0;0;0;0;0;0;0;0;0;464;0;0;0;0;0;0;0;29034762;0;0;0;0;0;116;0;0;0;0;0;1;465;41;29;0;3;0;0;0;49;0;0;0;0;62825;0;0;0;0;1;69916;0;2;0;0;0;0;0;0;0;0;0;0;1;0;0;0;0;0;0;0;465;0;0;464;0;0;0;0;0;0;465;0;0;0;0;2;2;0;0;0;0;0;0;0;2;0;0;0;0;0;0;0;0;0;0;20;464;42133;0;0;1;0;28;203158;0;0;0;0;0;0;0;151;0;1;9626;0;0;1;0;0;0;0;0;0;0;0;445;22;0;0;0;0;28;0;0;49576;0;1;0;0;0;0;0;0;0;245952;0;0;0;30;14;0;0;0;0;0;14;0;0;465;0;0;23531;0;0;0;0;0;0;0;0;0;1;0;0;64;0;12082;41785;0;58365;0;12076
0;0;0;0;0;0;0;0;2;49572;0;116;0;0;0;0;0;0;0;0;0;0;0;0;0;0;0;464;0;0;0;61177;0;0;0;0;0;2;0;0;0;0;0;0;0;0;0;464;0;0;0;0;0;0;0;30035779;0;0;0;0;0;116;0;0;0;0;0;1;466;41;29;0;3;0;0;0;49;0;0;0;0;62889;0;0;0;0;1;69917;0;2;0;0;0;0;0;0;0;0;0;0;1;0;0;0;0;0;0;0;466;0;0;464;0;0;0;0;0;0;466;0;0;0;0;2;2;0;0;0;0;0;0;0;2;0;0;0;0;0;0;0;0;0;0;20;464;42134;0;0;1;0;28;203160;0;0;0;0;0;0;0;151;0;1;9627;0;0;1;0;0;0;0;0;0;0;0;445;22;0;0;0;0;28;0;0;49576;0;1;0;0;0;0;0;0;0;246205;0;0;0;30;14;0;0;0;0;0;14;0;0;466;0;0;23532;0;0;0;0;0;0;0;0;0;1;0;0;64;0;12082;41787;0;58366;0;12076
0;0;0;0;0;0;0;0;2;49572;0;116;0;0;0;0;0;0;0;0;0;0;0;0;0;0;0;465;0;0;0;61177;0;0;0;0;0;2;0;0;0;0;0;0;0;0;0;465;0;0;0;0;0;0;0;31036798;0;0;0;0;0;116;0;0;0;0;0;1;466;41;29;0;3;0;0;0;49;0;0;0;0;62953;0;0;0;0;1;69918;0;2;0;0;0;0;0;0;0;0;0;0;1;0;0;0;0;0;0;0;466;0;0;465;0;0;0;0;0;0;466;0;0;0;0;2;2;0;0;0;0;0;0;0;2;0;0;0;0;0;0;0;0;0;0;20;465;42134;0;0;1;0;28;203162;0;0;0;0;0;0;0;151;0;1;9627;0;0;1;0;0;0;0;0;0;0;0;445;22;0;0;0;0;28;0;0;49576;0;1;0;0;0;0;0;0;0;246458;0;0;0;30;14;0;0;0;0;0;14;0;0;466;0;0;23532;0;0;0;0;0;0;0;0;0;1;0;0;64;0;12082;41789;0;58367;0;12076
0;0;0;0;0;0;0;0;2;49572;0;116;0;0;0;0;0;0;0;0;0;0;0;0;0;0;0;465;0;0;0;61178;0;0;0;0;0;2;0;0;0;0;0;0;0;0;0;465;0;0;0;0;0;0;0;32037808;0;0;0;0;0;116;0;0;0;0;0;1;467;41;29;0;3;0;0;0;49;0;0;0;0;63017;0;0;0;0;1;69919;0;2;0;0;0;0;0;0;0;0;0;0;1;0;0;0;0;0;0;0;467;0;0;465;0;0;0;0;0;0;467;0;0;0;0;2;2;0;0;0;0;0;0;0;2;0;0;0;0;0;0;0;0;0;0;20;465;42135;0;0;1;0;28;203164;0;0;0;0;0;0;0;151;0;1;9628;0;0;1;0;0;0;0;0;0;0;0;445;22;0;0;0;0;28;0;0;49576;0;1;0;0;0;0;0;0;0;246711;0;0;0;30;14;0;0;0;0;0;14;0;0;467;0;0;23533;0;0;0;0;0;0;0;0;0;1;0;0;64;0;12082;41791;0;58368;0;12076
0;0;0;0;0;0;0;0;2;49572;0;116;0;0;0;0;0;0;0;0;0;0;0;0;0;0;0;466;0;0;0;61178;0;0;0;0;0;2;0;0;0;0;0;0;0;0;0;466;0;0;0;0;0;0;0;33038770;0;0;0;0;0;116;0;0;0;0;0;1;467;41;29;0;3;0;0;0;49;0;0;0;0;63081;0;0;0;0;1;69920;0;2;0;0;0;0;0;0;0;0;0;0;1;0;0;0;0;0;0;0;467;0;0;466;0;0;0;0;0;0;467;0;0;0;0;2;2;0;0;0;0;0;0;0;2;0;0;0;0;0;0;0;0;0;0;20;466;42135;0;0;1;0;28;203167;0;0;0;0;0;0;0;151;0;1;9628;0;0;1;0;0;0;0;0;0;0;0;445;22;0;0;0;0;28;0;0;49576;0;1;0;0;0;0;0;0;0;246964;0;0;0;30;14;0;0;0;0;0;14;0;0;467;0;0;23533;0;0;0;0;0;0;0;0;0;1;0;0;64;0;12082;41794;0;58369;0;12076
0;0;0;0;0;0;0;0;2;49572;0;116;0;0;0;0;0;0;0;0;0;0;0;0;0;0;0;466;0;0;0;61179;0;0;0;0;0;2;0;0;0;0;0;0;0;0;0;466;0;0;0;0;0;0;0;34039779;0;0;0;0;0;116;0;0;0;0;0;1;468;41;29;0;3;0;0;0;49;0;0;0;0;63145;0;0;0;0;1;69921;0;2;0;0;0;0;0;0;0;0;0;0;1;0;0;0;0;0;0;0;468;0;0;466;0;0;0;0;0;0;468;0;0;0;0;2;2;0;0;0;0;0;0;0;2;0;0;0;0;0;0;0;0;0;0;20;466;42136;0;0;1;0;28;203169;0;0;0;0;0;0;0;151;0;1;9629;0;0;1;0;0;0;0;0;0;0;0;445;22;0;0;0;0;28;0;0;49576;0;1;0;0;0;0;0;0;0;247217;0;0;0;30;14;0;0;0;0;0;14;0;0;468;0;0;23534;0;0;0;0;0;0;0;0;0;1;0;0;64;0;12082;41796;0;58370;0;12076
0;0;0;0;0;0;0;0;2;49572;0;116;0;0;0;0;0;0;0;0;0;0;0;0;0;0;0;467;0;0;0;61179;0;0;0;0;0;2;0;0;0;0;0;0;0;0;0;467;0;0;0;0;0;0;0;35040792;0;0;0;0;0;116;0;0;0;0;0;1;468;41;29;0;3;0;0;0;49;0;0;0;0;63209;0;0;0;0;1;69922;0;2;0;0;0;0;0;0;0;0;0;0;1;0;0;0;0;0;0;0;468;0;0;467;0;0;0;0;0;0;468;0;0;0;0;2;2;0;0;0;0;0;0;0;2;0;0;0;0;0;0;0;0;0;0;20;467;42136;0;0;1;0;28;203171;0;0;0;0;0;0;0;151;0;1;9629;0;0;1;0;0;0;0;0;0;0;0;445;22;0;0;0;0;28;0;0;49576;0;1;0;0;0;0;0;0;0;247469;0;0;0;30;14;0;0;0;0;0;14;0;0;468;0;0;23534;0;0;0;0;0;0;0;0;0;1;0;0;64;0;12082;41798;0;58371;0;12076
0;0;0;0;0;0;0;0;2;49572;0;116;0;0;0;0;0;0;0;0;0;0;0;0;0;0;0;467;0;0;0;61180;0;0;0;0;0;2;0;0;0;0;0;0;0;0;0;467;0;0;0;0;0;0;0;36041811;0;0;0;0;0;116;0;0;0;0;0;1;469;41;29;0;3;0;0;0;49;0;0;0;0;63274;0;0;0;0;1;69923;0;2;0;0;0;0;0;0;0;0;0;0;1;0;0;0;0;0;0;0;469;0;0;467;0;0;0;0;0;0;469;0;0;0;0;2;2;0;0;0;0;0;0;0;2;0;0;0;0;0;0;0;0;0;0;20;467;42137;0;0;1;0;28;203173;0;0;0;0;0;0;0;151;0;1;9630;0;0;1;0;0;0;0;0;0;0;0;445;22;0;0;0;0;28;0;0;49576;0;1;0;0;0;0;0;0;0;247723;0;0;0;30;14;0;0;0;0;0;14;0;0;469;0;0;23535;0;0;0;0;0;0;0;0;0;1;0;0;64;0;12082;41800;0;58372;0;12076
0;0;0;0;0;0;0;0;2;49572;0;116;0;0;0;0;0;0;0;0;0;0;0;0;0;0;0;468;0;0;0;61182;0;0;0;0;0;2;0;0;0;0;0;0;0;0;0;468;0;0;0;0;0;0;0;37042775;0;0;0;0;0;116;0;0;0;0;0;1;469;41;29;0;3;0;0;0;49;0;0;0;0;63338;0;0;0;0;1;69926;0;2;0;0;0;0;0;0;0;0;0;0;1;0;0;0;0;0;0;0;469;0;0;468;0;0;0;0;0;0;469;0;0;0;0;2;2;0;0;0;0;0;0;0;2;0;0;0;0;0;0;0;0;0;0;20;468;42139;0;0;1;0;28;203178;0;0;0;0;0;0;0;151;0;1;9630;0;0;1;0;0;0;0;0;0;0;0;445;22;0;0;0;0;28;0;0;49576;0;1;0;0;0;0;0;0;0;247975;0;0;0;30;14;0;0;0;0;0;14;0;0;469;0;0;23535;0;0;0;0;0;0;0;0;0;1;0;0;64;0;12082;41805;0;58375;0;12076
0;0;0;0;0;0;0;0;2;49572;0;116;0;0;0;0;0;0;0;0;0;0;0;0;0;0;0;468;0;0;0;61183;0;0;0;0;0;2;0;0;0;0;0;0;0;0;0;468;0;0;0;0;0;0;0;38043783;0;0;0;0;0;116;0;0;0;0;0;1;470;41;29;0;3;0;0;0;49;0;0;0;0;63402;0;0;0;0;1;69927;0;2;0;0;0;0;0;0;0;0;0;0;1;0;0;0;0;0;0;0;470;0;0;468;0;0;0;0;0;0;470;0;0;0;0;2;2;0;0;0;0;0;0;0;2;0;0;0;0;0;0;0;0;0;0;20;468;42141;0;0;1;0;28;203180;0;0;0;0;0;0;0;151;0;1;9631;0;0;1;0;0;0;0;0;0;0;0;445;22;0;0;0;0;28;0;0;49576;0;1;0;0;0;0;0;0;0;248228;0;0;0;30;14;0;0;0;0;0;14;0;0;470;0;0;23536;0;0;0;0;0;0;0;0;0;1;0;0;64;0;12082;41807;0;58376;0;12076
0;0;0;0;0;0;0;0;2;49572;0;116;0;0;0;0;0;0;0;0;0;0;0;0;0;0;0;469;0;0;0;61183;0;0;0;0;0;2;0;0;0;0;0;0;0;0;0;469;0;0;0;0;0;0;0;39044801;0;0;0;0;0;116;0;0;0;0;0;1;470;41;29;0;3;0;0;0;49;0;0;0;0;63466;0;0;0;0;1;69928;0;2;0;0;0;0;0;0;0;0;0;0;1;0;0;0;0;0;0;0;470;0;0;469;0;0;0;0;0;0;470;0;0;0;0;2;2;0;0;0;0;0;0;0;2;0;0;0;0;0;0;0;0;0;0;20;469;42141;0;0;1;0;28;203182;0;0;0;0;0;0;0;151;0;1;9631;0;0;1;0;0;0;0;0;0;0;0;445;22;0;0;0;0;28;0;0;49576;0;1;0;0;0;0;0;0;0;248480;0;0;0;30;14;0;0;0;0;0;14;0;0;470;0;0;23536;0;0;0;0;0;0;0;0;0;1;0;0;64;0;12082;41809;0;58377;0;12076
0;0;0;0;0;0;0;0;2;49572;0;116;0;0;0;0;0;0;0;0;0;0;0;0;0;0;0;469;0;0;0;61184;0;0;0;0;0;2;0;0;0;0;0;0;0;0;0;469;0;0;0;0;0;0;0;40045814;0;0;0;0;0;116;0;0;0;0;0;1;471;41;29;0;3;0;0;0;49;0;0;0;0;63530;0;0;0;0;1;69929;0;2;0;0;0;0;0;0;0;0;0;0;1;0;0;0;0;0;0;0;471;0;0;469;0;0;0;0;0;0;471;0;0;0;0;2;2;0;0;0;0;0;0;0;2;0;0;0;0;0;0;0;0;0;0;20;469;42142;0;0;1;0;28;203184;0;0;0;0;0;0;0;151;0;1;9632;0;0;1;0;0;0;0;0;0;0;0;445;22;0;0;0;0;28;0;0;49576;0;1;0;0;0;0;0;0;0;248733;0;0;0;30;14;0;0;0;0;0;14;0;0;471;0;0;23537;0;0;0;0;0;0;0;0;0;1;0;0;64;0;12082;41811;0;58378;0;12076
0;0;0;0;0;0;0;0;2;49572;0;116;0;0;0;0;0;0;0;0;0;0;0;0;0;0;0;470;0;0;0;61184;0;0;0;0;0;2;0;0;0;0;0;0;0;0;0;470;0;0;0;0;0;0;0;41046766;0;0;0;0;0;116;0;0;0;0;0;1;471;41;29;0;3;0;0;0;49;0;0;0;0;63594;0;0;0;0;1;69930;0;2;0;0;0;0;0;0;0;0;0;0;1;0;0;0;0;0;0;0;471;0;0;470;0;0;0;0;0;0;471;0;0;0;0;2;2;0;0;0;0;0;0;0;2;0;0;0;0;0;0;0;0;0;0;20;470;42142;0;0;1;0;28;203187;0;0;0;0;0;0;0;151;0;1;9632;0;0;1;0;0;0;0;0;0;0;0;445;22;0;0;0;0;28;0;0;49576;0;1;0;0;0;0;0;0;0;248985;0;0;0;30;14;0;0;0;0;0;14;0;0;471;0;0;23537;0;0;0;0;0;0;0;0;0;1;0;0;64;0;12082;41813;0;58379;0;12076
0;0;0;0;0;0;0;0;2;49572;0;116;0;0;0;0;0;0;0;0;0;0;0;0;0;0;0;470;0;0;0;61185;0;0;0;0;0;2;0;0;0;0;0;0;0;0;0;470;0;0;0;0;0;0;0;42047783;0;0;0;0;0;116;0;0;0;0;0;1;472;41;29;0;3;0;0;0;49;0;0;0;0;63659;0;0;0;0;1;69931;0;2;0;0;0;0;0;0;0;0;0;0;1;0;0;0;0;0;0;0;472;0;0;470;0;0;0;0;0;0;472;0;0;0;0;2;2;0;0;0;0;0;0;0;2;0;0;0;0;0;0;0;0;0;0;20;470;42143;0;0;1;0;28;203189;0;0;0;0;0;0;0;151;0;1;9633;0;0;1;0;0;0;0;0;0;0;0;445;22;0;0;0;0;28;0;0;49576;0;1;0;0;0;0;0;0;0;249239;0;0;0;30;14;0;0;0;0;0;14;0;0;472;0;0;23538;0;0;0;0;0;0;0;0;0;1;0;0;64;0;12082;41815;0;58380;0;12076
0;0;0;0;0;0;0;0;2;49572;0;116;0;0;0;0;0;0;0;0;0;0;0;0;0;0;0;471;0;0;0;61185;0;0;0;0;0;2;0;0;0;0;0;0;0;0;0;471;0;0;0;0;0;0;0;43048792;0;0;0;0;0;116;0;0;0;0;0;1;472;41;29;0;3;0;0;0;49;0;0;0;0;63723;0;0;0;0;1;69932;0;2;0;0;0;0;0;0;0;0;0;0;1;0;0;0;0;0;0;0;472;0;0;471;0;0;0;0;0;0;472;0;0;0;0;2;2;0;0;0;0;0;0;0;2;0;0;0;0;0;0;0;0;0;0;20;471;42143;0;0;1;0;28;203191;0;0;0;0;0;0;0;151;0;1;9633;0;0;1;0;0;0;0;0;0;0;0;445;22;0;0;0;0;28;0;0;49576;0;1;0;0;0;0;0;0;0;249491;0;0;0;30;14;0;0;0;0;0;14;0;0;472;0;0;23538;0;0;0;0;0;0;0;0;0;1;0;0;64;0;12082;41817;0;58381;0;12076
0;0;0;0;0;0;0;0;2;49572;0;116;0;0;0;0;0;0;0;0;0;0;0;0;0;0;0;471;0;0;0;61186;0;0;0;0;0;2;0;0;0;0;0;0;0;0;0;471;0;0;0;0;0;0;0;44049806;0;0;0;0;0;116;0;0;0;0;0;1;473;41;29;0;3;0;0;0;49;0;0;0;0;63787;0;0;0;0;1;69933;0;2;0;0;0;0;0;0;0;0;0;0;1;0;0;0;0;0;0;0;473;0;0;471;0;0;0;0;0;0;473;0;0;0;0;2;2;0;0;0;0;0;0;0;2;0;0;0;0;0;0;0;0;0;0;20;471;42144;0;0;1;0;28;203193;0;0;0;0;0;0;0;151;0;1;9634;0;0;1;0;0;0;0;0;0;0;0;445;22;0;0;0;0;28;0;0;49576;0;1;0;0;0;0;0;0;0;249744;0;0;0;30;14;0;0;0;0;0;14;0;0;473;0;0;23539;0;0;0;0;0;0;0;0;0;1;0;0;64;0;12082;41819;0;58382;0;12076
0;0;0;0;0;0;0;0;2;49572;0;116;0;0;0;0;0;0;0;0;0;0;0;0;0;0;0;472;0;0;0;61186;0;0;0;0;0;2;0;0;0;0;0;0;0;0;0;472;0;0;0;0;0;0;0;45050767;0;0;0;0;0;116;0;0;0;0;0;1;473;41;29;0;3;0;0;0;49;0;0;0;0;63851;0;0;0;0;1;69935;0;2;0;0;0;0;0;0;0;0;0;0;1;0;0;0;0;0;0;0;473;0;0;472;0;0;0;0;0;0;473;0;0;0;0;2;2;0;0;0;0;0;0;0;2;0;0;0;0;0;0;0;0;0;0;20;472;42145;0;0;1;0;28;203198;0;0;0;0;0;0;0;151;0;1;9634;0;0;1;0;0;0;0;0;0;0;0;445;22;0;0;0;0;28;0;0;49576;0;1;0;0;0;0;0;0;0;249997;0;0;0;30;14;0;0;0;0;0;14;0;0;473;0;0;23539;0;0;0;0;0;0;0;0;0;1;0;0;64;0;12082;41824;0;58384;0;12076
0;0;0;0;0;0;0;0;2;49572;0;116;0;0;0;0;0;0;0;0;0;0;0;0;0;0;0;472;0;0;0;61187;0;0;0;0;0;2;0;0;0;0;0;0;0;0;0;472;0;0;0;0;0;0;0;46051780;0;0;0;0;0;116;0;0;0;0;0;1;474;41;29;0;3;0;0;0;49;0;0;0;0;63915;0;0;0;0;1;69936;0;2;0;0;0;0;0;0;0;0;0;0;1;0;0;0;0;0;0;0;474;0;0;472;0;0;0;0;0;0;474;0;0;0;0;2;2;0;0;0;0;0;0;0;2;0;0;0;0;0;0;0;0;0;0;20;472;42146;0;0;1;0;28;203200;0;0;0;0;0;0;0;151;0;1;9635;0;0;1;0;0;0;0;0;0;0;0;445;22;0;0;0;0;28;0;0;49576;0;1;0;0;0;0;0;0;0;250250;0;0;0;30;14;0;0;0;0;0;14;0;0;474;0;0;23540;0;0;0;0;0;0;0;0;0;1;0;0;64;0;12082;41825;0;58385;0;12076
0;0;0;0;0;0;0;0;2;49572;0;116;0;0;0;0;0;0;0;0;0;0;0;0;0;0;0;473;0;0;0;61187;0;0;0;0;0;2;0;0;0;0;0;0;0;0;0;473;0;0;0;0;0;0;0;47052793;0;0;0;0;0;116;0;0;0;0;0;1;474;41;29;0;3;0;0;0;49;0;0;0;0;63979;0;0;0;0;1;69937;0;2;0;0;0;0;0;0;0;0;0;0;1;0;0;0;0;0;0;0;474;0;0;473;0;0;0;0;0;0;474;0;0;0;0;2;2;0;0;0;0;0;0;0;2;0;0;0;0;0;0;0;0;0;0;20;473;42146;0;0;1;0;28;203202;0;0;0;0;0;0;0;151;0;1;9635;0;0;1;0;0;0;0;0;0;0;0;445;22;0;0;0;0;28;0;0;49576;0;1;0;0;0;0;0;0;0;250502;0;0;0;30;14;0;0;0;0;0;14;0;0;474;0;0;23540;0;0;0;0;0;0;0;0;0;1;0;0;64;0;12082;41827;0;58386;0;12076
0;0;0;0;0;0;0;0;2;49572;0;116;0;0;0;0;0;0;0;0;0;0;0;0;0;0;0;473;0;0;0;61188;0;0;0;0;0;2;0;0;0;0;0;0;0;0;0;473;0;0;0;0;0;0;0;48053808;0;0;0;0;0;116;0;0;0;0;0;1;475;41;29;0;3;0;0;0;49;0;0;0;0;64042;0;0;0;0;1;69938;0;2;0;0;0;0;0;0;0;0;0;0;1;0;0;0;0;0;0;0;475;0;0;473;0;0;0;0;0;0;475;0;0;0;0;2;2;0;0;0;0;0;0;0;2;0;0;0;0;0;0;0;0;0;0;20;473;42147;0;0;1;0;28;203204;0;0;0;0;0;0;0;151;0;1;9636;0;0;1;0;0;0;0;0;0;0;0;445;22;0;0;0;0;28;0;0;49576;0;1;0;0;0;0;0;0;0;250755;0;0;0;30;14;0;0;0;0;0;14;0;0;475;0;0;23542;0;0;0;0;0;0;0;0;0;1;0;0;64;0;12082;41829;0;58387;0;12076
0;0;0;0;0;0;0;0;2;49572;0;116;0;0;0;0;0;0;0;0;0;0;0;0;0;0;0;474;0;0;0;61188;0;0;0;0;0;2;0;0;0;0;0;0;0;0;0;474;0;0;0;0;0;0;0;49054767;0;0;0;0;0;116;0;0;0;0;0;1;475;41;29;0;3;0;0;0;49;0;0;0;0;64106;0;0;0;0;1;69939;0;2;0;0;0;0;0;0;0;0;0;0;1;0;0;0;0;0;0;0;475;0;0;474;0;0;0;0;0;0;475;0;0;0;0;2;2;0;0;0;0;0;0;0;2;0;0;0;0;0;0;0;0;0;0;20;474;42147;0;0;1;0;28;203207;0;0;0;0;0;0;0;151;0;1;9636;0;0;1;0;0;0;0;0;0;0;0;445;22;0;0;0;0;28;0;0;49576;0;1;0;0;0;0;0;0;0;251007;0;0;0;30;14;0;0;0;0;0;14;0;0;475;0;0;23542;0;0;0;0;0;0;0;0;0;1;0;0;64;0;12082;41832;0;58388;0;12076
0;0;0;0;0;0;0;0;2;49572;0;116;0;0;0;0;0;0;0;0;0;0;0;0;0;0;0;474;0;0;0;61189;0;0;0;0;0;2;0;0;0;0;0;0;0;0;0;474;0;0;0;0;0;0;0;50055778;0;0;0;0;0;116;0;0;0;0;0;1;476;41;29;0;3;0;0;0;49;0;0;0;0;64170;0;0;0;0;1;69940;0;2;0;0;0;0;0;0;0;0;0;0;1;0;0;0;0;0;0;0;476;0;0;474;0;0;0;0;0;0;476;0;0;0;0;2;2;0;0;0;0;0;0;0;2;0;0;0;0;0;0;0;0;0;0;20;474;42148;0;0;1;0;28;203209;0;0;0;0;0;0;0;151;0;1;9637;0;0;1;0;0;0;0;0;0;0;0;445;22;0;0;0;0;28;0;0;49576;0;1;0;0;0;0;0;0;0;251260;0;0;0;30;14;0;0;0;0;0;14;0;0;476;0;0;23543;0;0;0;0;0;0;0;0;0;1;0;0;64;0;12082;41834;0;58389;0;12076
0;0;0;0;0;0;0;0;2;49572;0;116;0;0;0;0;0;0;0;0;0;0;0;0;0;0;0;475;0;0;0;61189;0;0;0;0;0;2;0;0;0;0;0;0;0;0;0;475;0;0;0;0;0;0;0;51056795;0;0;0;0;0;116;0;0;0;0;0;1;476;41;29;0;3;0;0;0;49;0;0;0;0;64235;0;0;0;0;1;69941;0;2;0;0;0;0;0;0;0;0;0;0;1;0;0;0;0;0;0;0;476;0;0;475;0;0;0;0;0;0;476;0;0;0;0;2;2;0;0;0;0;0;0;0;2;0;0;0;0;0;0;0;0;0;0;20;475;42148;0;0;1;0;28;203211;0;0;0;0;0;0;0;151;0;1;9637;0;0;1;0;0;0;0;0;0;0;0;445;22;0;0;0;0;28;0;0;49576;0;1;0;0;0;0;0;0;0;251513;0;0;0;30;14;0;0;0;0;0;14;0;0;476;0;0;23543;0;0;0;0;0;0;0;0;0;1;0;0;64;0;12082;41836;0;58390;0;12076
0;0;0;0;0;0;0;0;2;49572;0;116;0;0;0;0;0;0;0;0;0;0;0;0;0;0;0;475;0;0;0;61190;0;0;0;0;0;2;0;0;0;0;0;0;0;0;0;475;0;0;0;0;0;0;0;52057808;0;0;0;0;0;116;0;0;0;0;0;1;477;41;29;0;3;0;0;0;49;0;0;0;0;64299;0;0;0;0;1;69942;0;2;0;0;0;0;0;0;0;0;0;0;1;0;0;0;0;0;0;0;477;0;0;475;0;0;0;0;0;0;477;0;0;0;0;2;2;0;0;0;0;0;0;0;2;0;0;0;0;0;0;0;0;0;0;20;475;42149;0;0;1;0;28;203213;0;0;0;0;0;0;0;151;0;1;9638;0;0;1;0;0;0;0;0;0;0;0;445;22;0;0;0;0;28;0;0;49576;0;1;0;0;0;0;0;0;0;251766;0;0;0;30;14;0;0;0;0;0;14;0;0;477;0;0;23544;0;0;0;0;0;0;0;0;0;1;0;0;64;0;12082;41838;0;58391;0;12076
0;0;0;0;0;0;0;0;2;49572;0;116;0;0;0;0;0;0;0;0;0;0;0;0;0;0;0;476;0;0;0;61190;0;0;0;0;0;2;0;0;0;0;0;0;0;0;0;476;0;0;0;0;0;0;0;53058760;0;0;0;0;0;116;0;0;0;0;0;1;477;41;29;0;3;0;0;0;49;0;0;0;0;64363;0;0;0;0;1;69943;0;2;0;0;0;0;0;0;0;0;0;0;1;0;0;0;0;0;0;0;477;0;0;476;0;0;0;0;0;0;477;0;0;0;0;2;2;0;0;0;0;0;0;0;2;0;0;0;0;0;0;0;0;0;0;20;476;42149;0;0;1;0;28;203216;0;0;0;0;0;0;0;151;0;1;9638;0;0;1;0;0;0;0;0;0;0;0;445;22;0;0;0;0;28;0;0;49576;0;1;0;0;0;0;0;0;0;252018;0;0;0;30;14;0;0;0;0;0;14;0;0;477;0;0;23544;0;0;0;0;0;0;0;0;0;1;0;0;64;0;12082;41841;0;58392;0;12076
0;0;0;0;0;0;0;0;2;49572;0;116;0;0;0;0;0;0;0;0;0;0;0;0;0;0;0;476;0;0;0;61191;0;0;0;0;0;2;0;0;0;0;0;0;0;0;0;476;0;0;0;0;0;0;0;54059777;0;0;0;0;0;116;0;0;0;0;0;1;478;41;29;0;3;0;0;0;49;0;0;0;0;64428;0;0;0;0;1;69944;0;2;0;0;0;0;0;0;0;0;0;0;1;0;0;0;0;0;0;0;478;0;0;476;0;0;0;0;0;0;478;0;0;0;0;2;2;0;0;0;0;0;0;0;2;0;0;0;0;0;0;0;0;0;0;20;476;42150;0;0;1;0;28;203218;0;0;0;0;0;0;0;151;0;1;9639;0;0;1;0;0;0;0;0;0;0;0;445;22;0;0;0;0;28;0;0;49576;0;1;0;0;0;0;0;0;0;252272;0;0;0;30;14;0;0;0;0;0;14;0;0;478;0;0;23545;0;0;0;0;0;0;0;0;0;1;0;0;64;0;12082;41843;0;58393;0;12076
0;0;0;0;0;0;0;0;2;49572;0;116;0;0;0;0;0;0;0;0;0;0;0;0;0;0;0;477;0;0;0;61191;0;0;0;0;0;2;0;0;0;0;0;0;0;0;0;477;0;0;0;0;0;0;0;55060788;0;0;0;0;0;116;0;0;0;0;0;1;478;41;29;0;3;0;0;0;49;0;0;0;0;64492;0;0;0;0;1;69945;0;2;0;0;0;0;0;0;0;0;0;0;1;0;0;0;0;0;0;0;478;0;0;477;0;0;0;0;0;0;478;0;0;0;0;2;2;0;0;0;0;0;0;0;2;0;0;0;0;0;0;0;0;0;0;20;477;42150;0;0;1;0;28;203220;0;0;0;0;0;0;0;151;0;1;9639;0;0;1;0;0;0;0;0;0;0;0;445;22;0;0;0;0;28;0;0;49576;0;1;0;0;0;0;0;0;0;252524;0;0;0;30;14;0;0;0;0;0;14;0;0;478;0;0;23545;0;0;0;0;0;0;0;0;0;1;0;0;64;0;12082;41845;0;58394;0;12076
0;0;0;0;0;0;0;0;2;49572;0;116;0;0;0;0;0;0;0;0;0;0;0;0;0;0;0;477;0;0;0;61192;0;0;0;0;0;2;0;0;0;0;0;0;0;0;0;477;0;0;0;0;0;0;0;56061801;0;0;0;0;0;116;0;0;0;0;0;1;479;41;29;0;3;0;0;0;49;0;0;0;0;64556;0;0;0;0;1;69946;0;2;0;0;0;0;0;0;0;0;0;0;1;0;0;0;0;0;0;0;479;0;0;477;0;0;0;0;0;0;479;0;0;0;0;2;2;0;0;0;0;0;0;0;2;0;0;0;0;0;0;0;0;0;0;20;477;42151;0;0;1;0;28;203222;0;0;0;0;0;0;0;151;0;1;9640;0;0;1;0;0;0;0;0;0;0;0;445;22;0;0;0;0;28;0;0;49576;0;1;0;0;0;0;0;0;0;252777;0;0;0;30;14;0;0;0;0;0;14;0;0;479;0;0;23546;0;0;0;0;0;0;0;0;0;1;0;0;64;0;12082;41847;0;58395;0;12076
0;0;0;0;0;0;0;0;2;49572;0;116;0;0;0;0;0;0;0;0;0;0;0;0;0;0;0;478;0;0;0;61192;0;0;0;0;0;2;0;0;0;0;0;0;0;0;0;478;0;0;0;0;0;0;0;57062770;0;0;0;0;0;116;0;0;0;0;0;1;479;41;29;0;3;0;0;0;49;0;0;0;0;64619;0;0;0;0;1;69947;0;2;0;0;0;0;0;0;0;0;0;0;1;0;0;0;0;0;0;0;479;0;0;478;0;0;0;0;0;0;479;0;0;0;0;2;2;0;0;0;0;0;0;0;2;0;0;0;0;0;0;0;0;0;0;20;478;42151;0;0;1;0;28;203225;0;0;0;0;0;0;0;151;0;1;9640;0;0;1;0;0;0;0;0;0;0;0;445;22;0;0;0;0;28;0;0;49576;0;1;0;0;0;0;0;0;0;253029;0;0;0;30;14;0;0;0;0;0;14;0;0;479;0;0;23546;0;0;0;0;0;0;0;0;0;1;0;0;64;0;12082;41850;0;58396;0;12076
0;0;0;0;0;0;0;0;2;49572;0;116;0;0;0;0;0;0;0;0;0;0;0;0;0;0;0;478;0;0;0;61193;0;0;0;0;0;2;0;0;0;0;0;0;0;0;0;478;0;0;0;0;0;0;0;58063780;0;0;0;0;0;116;0;0;0;0;0;1;480;41;29;0;3;0;0;0;49;0;0;0;0;64684;0;0;0;0;1;69948;0;2;0;0;0;0;0;0;0;0;0;0;1;0;0;0;0;0;0;0;480;0;0;478;0;0;0;0;0;0;480;0;0;0;0;2;2;0;0;0;0;0;0;0;2;0;0;0;0;0;0;0;0;0;0;20;478;42152;0;0;1;0;28;203227;0;0;0;0;0;0;0;151;0;1;9641;0;0;1;0;0;0;0;0;0;0;0;445;22;0;0;0;0;28;0;0;49576;0;1;0;0;0;0;0;0;0;253282;0;0;0;30;14;0;0;0;0;0;14;0;0;480;0;0;23547;0;0;0;0;0;0;0;0;0;1;0;0;64;0;12082;41852;0;58397;0;12076
0;0;0;0;0;0;0;0;2;49572;0;116;0;0;0;0;0;0;0;0;0;0;0;0;0;0;0;479;0;0;0;61193;0;0;0;0;0;2;0;0;0;0;0;0;0;0;0;479;0;0;0;0;0;0;0;59064792;0;0;0;0;0;116;0;0;0;0;0;1;480;41;29;0;3;0;0;0;49;0;0;0;0;64748;0;0;0;0;1;69949;0;2;0;0;0;0;0;0;0;0;0;0;1;0;0;0;0;0;0;0;480;0;0;479;0;0;0;0;0;0;480;0;0;0;0;2;2;0;0;0;0;0;0;0;2;0;0;0;0;0;0;0;0;0;0;20;479;42152;0;0;1;0;28;203229;0;0;0;0;0;0;0;151;0;1;9641;0;0;1;0;0;0;0;0;0;0;0;445;22;0;0;0;0;28;0;0;49576;0;1;0;0;0;0;0;0;0;253534;0;0;0;30;14;0;0;0;0;0;14;0;0;480;0;0;23547;0;0;0;0;0;0;0;0;0;1;0;0;64;0;12082;41854;0;58398;0;12076
0;0;0;0;0;0;0;0;2;49572;0;116;0;0;0;0;0;0;0;0;0;0;0;0;0;0;0;479;0;0;0;61194;0;0;0;0;0;2;0;0;0;0;0;0;0;0;0;479;0;0;0;0;0;0;0;60065810;0;0;0;0;0;116;0;0;0;0;0;1;481;41;29;0;3;0;0;0;49;0;0;0;0;64812;0;0;0;0;1;69950;0;2;0;0;0;0;0;0;0;0;0;0;1;0;0;0;0;0;0;0;481;0;0;479;0;0;0;0;0;0;481;0;0;0;0;2;2;0;0;0;0;0;0;0;2;0;0;0;0;0;0;0;0;0;0;20;479;42153;0;0;1;0;28;203231;0;0;0;0;0;0;0;151;0;1;9642;0;0;1;0;0;0;0;0;0;0;0;445;22;0;0;0;0;28;0;0;49576;0;1;0;0;0;0;0;0;0;253788;0;0;0;30;14;0;0;0;0;0;14;0;0;481;0;0;23548;0;0;0;0;0;0;0;0;0;1;0;0;64;0;12082;41856;0;58399;0;12076
0;0;0;0;0;0;0;0;2;49572;0;116;0;0;0;0;0;0;0;0;0;0;0;0;0;0;0;480;0;0;0;61194;0;0;0;0;0;2;0;0;0;0;0;0;0;0;0;480;0;0;0;0;0;0;0;61066762;0;0;0;0;0;116;0;0;0;0;0;1;481;41;29;0;3;0;0;0;49;0;0;0;0;64876;0;0;0;0;1;69951;0;2;0;0;0;0;0;0;0;0;0;0;1;0;0;0;0;0;0;0;481;0;0;480;0;0;0;0;0;0;481;0;0;0;0;2;2;0;0;0;0;0;0;0;2;0;0;0;0;0;0;0;0;0;0;20;480;42153;0;0;1;0;28;203233;0;0;0;0;0;0;0;151;0;1;9642;0;0;1;0;0;0;0;0;0;0;0;445;22;0;0;0;0;28;0;0;49576;0;1;0;0;0;0;0;0;0;254040;0;0;0;30;14;0;0;0;0;0;14;0;0;481;0;0;23548;0;0;0;0;0;0;0;0;0;1;0;0;64;0;12082;41858;0;58400;0;12076
0;0;0;0;0;0;0;0;2;49572;0;116;0;0;0;0;0;0;0;0;0;0;0;0;0;0;0;480;0;0;0;61195;0;0;0;0;0;2;0;0;0;0;0;0;0;0;0;480;0;0;0;0;0;0;0;62067776;0;0;0;0;0;116;0;0;0;0;0;1;482;41;29;0;3;0;0;0;49;0;0;0;0;64939;0;0;0;0;1;69952;0;2;0;0;0;0;0;0;0;0;0;0;1;0;0;0;0;0;0;0;482;0;0;480;0;0;0;0;0;0;482;0;0;0;0;2;2;0;0;0;0;0;0;0;2;0;0;0;0;0;0;0;0;0;0;20;480;42154;0;0;1;0;28;203235;0;0;0;0;0;0;0;151;0;1;9643;0;0;1;0;0;0;0;0;0;0;0;445;22;0;0;0;0;28;0;0;49576;0;1;0;0;0;0;0;0;0;254293;0;0;0;30;14;0;0;0;0;0;14;0;0;482;0;0;23549;0;0;0;0;0;0;0;0;0;1;0;0;64;0;12082;41860;0;58401;0;12076
0;0;0;0;0;0;0;0;2;49572;0;116;0;0;0;0;0;0;0;0;0;0;0;0;0;0;0;481;0;0;0;61195;0;0;0;0;0;2;0;0;0;0;0;0;0;0;0;481;0;0;0;0;0;0;0;63068792;0;0;0;0;0;116;0;0;0;0;0;1;482;41;29;0;3;0;0;0;49;0;0;0;0;65004;0;0;0;0;1;69953;0;2;0;0;0;0;0;0;0;0;0;0;1;0;0;0;0;0;0;0;482;0;0;481;0;0;0;0;0;0;482;0;0;0;0;2;2;0;0;0;0;0;0;0;2;0;0;0;0;0;0;0;0;0;0;20;481;42154;0;0;1;0;28;203237;0;0;0;0;0;0;0;151;0;1;9643;0;0;1;0;0;0;0;0;0;0;0;445;22;0;0;0;0;28;0;0;49576;0;1;0;0;0;0;0;0;0;254546;0;0;0;30;14;0;0;0;0;0;14;0;0;482;0;0;23549;0;0;0;0;0;0;0;0;0;1;0;0;64;0;12082;41862;0;58402;0;12076
0;0;0;0;0;0;0;0;2;49572;0;116;0;0;0;0;0;0;0;0;0;0;0;0;0;0;0;481;0;0;0;61196;0;0;0;0;0;2;0;0;0;0;0;0;0;0;0;481;0;0;0;0;0;0;0;64069803;0;0;0;0;0;116;0;0;0;0;0;1;483;41;29;0;3;0;0;0;49;0;0;0;0;65068;0;0;0;0;1;69954;0;2;0;0;0;0;0;0;0;0;0;0;1;0;0;0;0;0;0;0;483;0;0;481;0;0;0;0;0;0;483;0;0;0;0;2;2;0;0;0;0;0;0;0;2;0;0;0;0;0;0;0;0;0;0;20;481;42155;0;0;1;0;28;203239;0;0;0;0;0;0;0;151;0;1;9644;0;0;1;0;0;0;0;0;0;0;0;445;22;0;0;0;0;28;0;0;49576;0;1;0;0;0;0;0;0;0;254799;0;0;0;30;14;0;0;0;0;0;14;0;0;483;0;0;23550;0;0;0;0;0;0;0;0;0;1;0;0;64;0;12082;41864;0;58403;0;12076
0;0;0;0;0;0;0;0;2;49572;0;116;0;0;0;0;0;0;0;0;0;0;0;0;0;0;0;482;0;0;0;61196;0;0;0;0;0;2;0;0;0;0;0;0;0;0;0;482;0;0;0;0;0;0;0;65070765;0;0;0;0;0;116;0;0;0;0;0;1;483;41;29;0;3;0;0;0;49;0;0;0;0;65133;0;0;0;0;1;69955;0;2;0;0;0;0;0;0;0;0;0;0;1;0;0;0;0;0;0;0;483;0;0;482;0;0;0;0;0;0;483;0;0;0;0;2;2;0;0;0;0;0;0;0;2;0;0;0;0;0;0;0;0;0;0;20;482;42155;0;0;1;0;28;203242;0;0;0;0;0;0;0;151;0;1;9644;0;0;1;0;0;0;0;0;0;0;0;445;22;0;0;0;0;28;0;0;49576;0;1;0;0;0;0;0;0;0;255051;0;0;0;30;14;0;0;0;0;0;14;0;0;483;0;0;23550;0;0;0;0;0;0;0;0;0;1;0;0;64;0;12082;41867;0;58404;0;12076
0;0;0;0;0;0;0;0;2;49572;0;116;0;0;0;0;0;0;0;0;0;0;0;0;0;0;0;482;0;0;0;61197;0;0;0;0;0;2;0;0;0;0;0;0;0;0;0;482;0;0;0;0;0;0;0;66071782;0;0;0;0;0;116;0;0;0;0;0;1;484;41;29;0;3;0;0;0;49;0;0;0;0;65196;0;0;0;0;1;69956;0;2;0;0;0;0;0;0;0;0;0;0;1;0;0;0;0;0;0;0;484;0;0;482;0;0;0;0;0;0;484;0;0;0;0;2;2;0;0;0;0;0;0;0;2;0;0;0;0;0;0;0;0;0;0;20;482;42156;0;0;1;0;28;203244;0;0;0;0;0;0;0;151;0;1;9645;0;0;1;0;0;0;0;0;0;0;0;445;22;0;0;0;0;28;0;0;49576;0;1;0;0;0;0;0;0;0;255304;0;0;0;30;14;0;0;0;0;0;14;0;0;484;0;0;23551;0;0;0;0;0;0;0;0;0;1;0;0;64;0;12082;41869;0;58405;0;12076
0;0;0;0;0;0;0;0;2;49572;0;116;0;0;0;0;0;0;0;0;0;0;0;0;0;0;0;483;0;0;0;61197;0;0;0;0;0;2;0;0;0;0;0;0;0;0;0;483;0;0;0;0;0;0;0;67072793;0;0;0;0;0;116;0;0;0;0;0;1;484;41;29;0;3;0;0;0;49;0;0;0;0;65260;0;0;0;0;1;69957;0;2;0;0;0;0;0;0;0;0;0;0;1;0;0;0;0;0;0;0;484;0;0;483;0;0;0;0;0;0;484;0;0;0;0;2;2;0;0;0;0;0;0;0;2;0;0;0;0;0;0;0;0;0;0;20;483;42156;0;0;1;0;28;203246;0;0;0;0;0;0;0;151;0;1;9645;0;0;1;0;0;0;0;0;0;0;0;445;22;0;0;0;0;28;0;0;49576;0;1;0;0;0;0;0;0;0;255556;0;0;0;30;14;0;0;0;0;0;14;0;0;484;0;0;23551;0;0;0;0;0;0;0;0;0;1;0;0;64;0;12082;41871;0;58406;0;12076
0;0;0;0;0;0;0;0;2;49572;0;116;0;0;0;0;0;0;0;0;0;0;0;0;0;0;0;483;0;0;0;61198;0;0;0;0;0;2;0;0;0;0;0;0;0;0;0;483;0;0;0;0;0;0;0;68073805;0;0;0;0;0;116;0;0;0;0;0;1;485;41;29;0;3;0;0;0;49;0;0;0;0;65324;0;0;0;0;1;69958;0;2;0;0;0;0;0;0;0;0;0;0;1;0;0;0;0;0;0;0;485;0;0;483;0;0;0;0;0;0;485;0;0;0;0;2;2;0;0;0;0;0;0;0;2;0;0;0;0;0;0;0;0;0;0;20;483;42157;0;0;1;0;28;203248;0;0;0;0;0;0;0;151;0;1;9646;0;0;1;0;0;0;0;0;0;0;0;445;22;0;0;0;0;28;0;0;49576;0;1;0;0;0;0;0;0;0;255809;0;0;0;30;14;0;0;0;0;0;14;0;0;485;0;0;23552;0;0;0;0;0;0;0;0;0;1;0;0;64;0;12082;41873;0;58407;0;12076
0;0;0;0;0;0;0;0;2;49572;0;116;0;0;0;0;0;0;0;0;0;0;0;0;0;0;0;485;0;0;0;61198;0;0;0;0;0;2;0;0;0;0;0;0;0;0;0;485;0;0;0;0;0;0;0;69074789;0;0;0;0;0;116;0;0;0;0;0;1;486;41;29;0;3;0;0;0;49;0;0;0;0;65389;0;0;0;0;1;69959;0;2;0;0;0;0;0;0;0;0;0;0;1;0;0;0;0;0;0;0;486;0;0;485;0;0;0;0;0;0;486;0;0;0;0;2;2;0;0;0;0;0;0;0;2;0;0;0;0;0;0;0;0;0;0;20;485;42157;0;0;1;0;29;203251;0;0;0;0;0;0;0;151;0;1;9646;0;0;1;0;0;0;0;0;0;0;0;445;22;0;0;0;0;29;0;0;49576;0;1;0;0;0;0;0;0;0;256060;0;0;0;30;14;0;0;0;0;0;14;0;0;486;0;0;23552;0;0;0;0;0;0;0;0;0;1;0;0;64;0;12082;41876;0;58408;0;12076
0;0;0;0;0;0;0;0;2;49572;0;116;0;0;0;0;0;0;0;0;0;0;0;0;0;0;0;485;0;0;0;61199;0;0;0;0;0;2;0;0;0;0;0;0;0;0;0;485;0;0;0;0;0;0;0;70075809;0;0;0;0;0;116;0;0;0;0;0;1;489;41;29;0;3;0;0;0;49;0;0;0;0;65453;0;0;0;0;1;69960;0;2;0;0;0;0;0;0;0;0;0;0;1;0;0;0;0;0;0;0;489;0;0;485;0;0;0;0;0;0;489;0;0;0;0;2;2;0;0;0;0;0;0;0;2;0;0;0;0;0;0;0;0;0;0;20;485;42158;0;0;1;0;29;203253;0;0;0;0;0;0;0;151;0;1;9647;0;0;1;0;0;0;0;0;0;0;0;445;22;0;0;0;0;30;0;0;49576;0;1;0;0;0;0;0;0;0;256313;0;0;0;30;14;0;0;0;0;0;14;0;0;489;0;0;23553;0;0;0;0;0;0;0;0;0;1;0;0;64;0;12082;41878;0;58409;0;12076
0;0;0;0;0;0;0;0;2;49572;0;116;0;0;0;0;0;0;0;0;0;0;0;0;0;0;0;486;0;0;0;61199;0;0;0;0;0;2;0;0;0;0;0;0;0;0;0;486;0;0;0;0;0;0;0;71076830;0;0;0;0;0;116;0;0;0;0;0;1;489;41;29;0;3;0;0;0;49;0;0;0;0;65517;0;0;0;0;1;69961;0;2;0;0;0;0;0;0;0;0;0;0;1;0;0;0;0;0;0;0;489;0;0;486;0;0;0;0;0;0;489;0;0;0;0;2;2;0;0;0;0;0;0;0;2;0;0;0;0;0;0;0;0;0;0;20;486;42158;0;0;1;0;30;203256;0;0;0;0;0;0;0;151;0;1;9647;0;0;1;0;0;0;0;0;0;0;0;445;22;0;0;0;0;30;0;0;49576;0;1;0;0;0;0;0;0;0;256566;0;0;0;30;14;0;0;0;0;0;14;0;0;489;0;0;23553;0;0;0;0;0;0;0;0;0;1;0;0;64;0;12082;41880;0;58410;0;12076
0;0;0;0;0;0;0;0;2;49572;0;116;0;0;0;0;0;0;0;0;0;0;0;0;0;0;0;488;0;0;0;61205;0;0;0;0;0;2;0;0;0;0;0;0;0;0;0;488;0;0;0;0;0;0;0;72077854;0;0;0;0;0;116;0;0;0;0;0;1;490;41;29;0;3;0;0;0;49;0;0;0;0;65582;0;0;0;0;1;69964;0;2;0;0;0;0;0;0;0;0;0;0;1;0;0;0;0;0;0;0;490;0;0;488;0;0;0;0;0;0;490;0;0;0;0;2;2;0;0;0;0;0;0;0;2;0;0;0;0;0;0;0;0;0;0;20;488;42159;0;0;1;0;30;203261;0;0;0;0;0;0;0;151;0;1;9650;0;0;1;0;0;0;0;0;0;0;0;445;22;0;0;0;0;30;0;0;49576;0;1;0;0;0;0;0;0;0;256821;0;0;0;30;14;0;0;0;0;0;14;0;0;490;0;0;23557;0;0;0;0;0;0;0;0;0;1;0;0;64;0;12082;41884;0;58413;0;12076
