PIW_Posted-interrupt_wakeup_event_CPU1;HYP_Hypervisor_callback_interrupts_CPU0;PIN_Posted-interrupt_notification_event_CPU1;30_PCI-MSI_81920-edge_virtio1-config_CPU2;NPI_Nested_posted-interrupt_event_CPU2;10_IO-APIC_10-fasteoi_virtio2_CPU2;DFR_Deferred_Error_APIC_interrupts_CPU0;MIS_CPU0;34_PCI-MSI_32770-edge_virtio0-output.0_CPU2;15_IO-APIC_15-edge_ata_piix_CPU0;PMI_Performance_monitoring_interrupts_CPU1;RES_Rescheduling_interrupts_CPU2;MCP_Machine_check_polls_CPU1;THR_Threshold_APIC_interrupts_CPU0;RTR_APIC_ICR_read_retries_CPU2;32_PCI-MSI_32768-edge_virtio0-config_CPU2;MCP_Machine_check_polls_CPU2;8_IO-APIC_8-edge_rtc0_CPU1;LOC_Local_timer_interrupts_CPU0;ERR_CPU0;8_IO-APIC_8-edge_rtc0_CPU0;HVS_Hyper-V_stimer0_interrupts_CPU0;NPI_Nested_posted-interrupt_event_CPU0;1_IO-APIC_1-edge_i8042_CPU2;IWI_IRQ_work_interrupts_CPU0;33_PCI-MSI_32769-edge_virtio0-input.0_CPU1;12_IO-APIC_12-edge_i8042_CPU1;TRM_Thermal_event_interrupts_CPU2;PIW_Posted-interrupt_wakeup_event_CPU2;HVS_Hyper-V_stimer0_interrupts_CPU2;8_IO-APIC_8-edge_rtc0_CPU2;31_PCI-MSI_81921-edge_virtio1-virtqueues_CPU0;NMI_Non-maskable_interrupts_CPU1;HYP_Hypervisor_callback_interrupts_CPU2;THR_Threshold_APIC_interrupts_CPU2;NMI_Non-maskable_interrupts_CPU0;CAL_Function_call_interrupts_CPU2;timestamp_us;24_PCI-MSI_49152-edge_igb_uio_CPU1;14_IO-APIC_14-edge_ata_piix_CPU2;25_PCI-MSI_65536-edge_igb_uio_CPU1;MCP_Machine_check_polls_CPU0;14_IO-APIC_14-edge_ata_piix_CPU1;6_IO-APIC_6-edge_floppy_CPU1;SPU_Spurious_interrupts_CPU2;30_PCI-MSI_81920-edge_virtio1-config_CPU1;HYP_Hypervisor_callback_interrupts_CPU1;PIN_Posted-interrupt_notification_event_CPU2;15_IO-APIC_15-edge_ata_piix_CPU2;CAL_Function_call_interrupts_CPU1;RES_Rescheduling_interrupts_CPU1;31_PCI-MSI_81921-edge_virtio1-virtqueues_CPU1;TRM_Thermal_event_interrupts_CPU1;24_PCI-MSI_49152-edge_igb_uio_CPU0;DFR_Deferred_Error_APIC_interrupts_CPU1;PMI_Performance_monitoring_interrupts_CPU0;SPU_Spurious_interrupts_CPU1;10_IO-APIC_10-fasteoi_virtio2_CPU1;6_IO-APIC_6-edge_floppy_CPU2;9_IO-APIC_9-fasteoi_acpi_CPU0;TLB_TLB_shootdowns_CPU2;RTR_APIC_ICR_read_retries_CPU0;34_PCI-MSI_32770-edge_virtio0-output.0_CPU0;LOC_Local_timer_interrupts_CPU2;SPU_Spurious_interrupts_CPU0;TLB_TLB_shootdowns_CPU1;25_PCI-MSI_65536-edge_igb_uio_CPU2;15_IO-APIC_15-edge_ata_piix_CPU1;HVS_Hyper-V_stimer0_interrupts_CPU1;14_IO-APIC_14-edge_ata_piix_CPU0;33_PCI-MSI_32769-edge_virtio0-input.0_CPU0;MCE_Machine_check_exceptions_CPU2;HRE_Hyper-V_reenlightenment_interrupts_CPU2;MCE_Machine_check_exceptions_CPU0;1_IO-APIC_1-edge_i8042_CPU1;33_PCI-MSI_32769-edge_virtio0-input.0_CPU2;PMI_Performance_monitoring_interrupts_CPU2;HRE_Hyper-V_reenlightenment_interrupts_CPU1;MCE_Machine_check_exceptions_CPU1;31_PCI-MSI_81921-edge_virtio1-virtqueues_CPU2;NPI_Nested_posted-interrupt_event_CPU1;9_IO-APIC_9-fasteoi_acpi_CPU1;RTR_APIC_ICR_read_retries_CPU1;PIW_Posted-interrupt_wakeup_event_CPU0;THR_Threshold_APIC_interrupts_CPU1;34_PCI-MSI_32770-edge_virtio0-output.0_CPU1;32_PCI-MSI_32768-edge_virtio0-config_CPU1;32_PCI-MSI_32768-edge_virtio0-config_CPU0;IWI_IRQ_work_interrupts_CPU2;12_IO-APIC_12-edge_i8042_CPU2;30_PCI-MSI_81920-edge_virtio1-config_CPU0;RES_Rescheduling_interrupts_CPU0;TRM_Thermal_event_interrupts_CPU0;HRE_Hyper-V_reenlightenment_interrupts_CPU0;9_IO-APIC_9-fasteoi_acpi_CPU2;PIN_Posted-interrupt_notification_event_CPU0;NMI_Non-maskable_interrupts_CPU2;1_IO-APIC_1-edge_i8042_CPU0;6_IO-APIC_6-edge_floppy_CPU0;DFR_Deferred_Error_APIC_interrupts_CPU2;24_PCI-MSI_49152-edge_igb_uio_CPU2;IWI_IRQ_work_interrupts_CPU1;25_PCI-MSI_65536-edge_igb_uio_CPU0;CAL_Function_call_interrupts_CPU0;TLB_TLB_shootdowns_CPU0;10_IO-APIC_10-fasteoi_virtio2_CPU0;LOC_Local_timer_interrupts_CPU1;12_IO-APIC_12-edge_i8042_CPU0
0;0;0;0;0;0;0;0;0;0;0;0;1;0;0;0;1;0;305389;0;0;0;0;0;0;0;0;0;0;0;0;3;0;0;0;0;10808;106;0;0;0;1;0;0;0;0;0;0;0;13995;3185;0;0;2;0;0;0;0;0;0;0;0;1;299419;0;0;0;0;0;0;39236;0;0;0;0;0;0;0;0;0;0;0;0;0;0;0;0;0;4;0;0;5;0;0;0;0;0;9;2;0;0;8888;2;0;0;0;308716;15
0;0;0;0;0;0;0;0;0;0;0;0;1;0;0;0;1;0;306569;0;0;0;0;0;0;0;0;0;0;0;0;3;0;0;0;0;10808;1001422;0;0;0;1;0;0;0;0;0;0;0;13995;3185;0;0;2;0;0;0;0;0;0;0;0;1;299671;0;0;0;0;0;0;39237;0;0;0;0;0;0;0;0;0;0;0;0;0;0;0;0;0;4;0;0;5;0;0;0;0;0;9;2;0;0;8888;2;0;0;0;308716;15
0;0;0;0;0;0;0;0;0;0;0;0;1;0;0;0;1;0;307749;0;0;0;0;0;0;0;0;0;0;0;0;3;0;0;0;0;10808;2002039;0;0;0;1;0;0;0;0;0;0;0;13995;3185;0;0;2;0;0;0;0;0;0;0;0;1;299921;0;0;0;0;0;0;39238;0;0;0;0;0;0;0;0;0;0;0;0;0;0;0;0;0;4;0;0;5;0;0;0;0;0;9;2;0;0;8888;2;0;0;0;308716;15
0;0;0;0;0;0;0;0;0;0;0;0;1;0;0;0;1;0;308926;0;0;0;0;0;0;0;0;0;0;0;0;3;0;0;0;0;10808;3002167;0;0;0;1;0;0;0;0;0;0;0;13995;3185;0;0;2;0;0;0;0;0;0;0;0;1;300171;0;0;0;0;0;0;39239;0;0;0;0;0;0;0;0;0;0;0;0;0;0;0;0;0;4;0;0;5;0;0;0;0;0;9;2;0;0;8888;2;0;0;0;308716;15
0;0;0;0;0;0;0;0;0;0;0;0;1;0;0;0;1;0;310106;0;0;0;0;0;0;0;0;0;0;0;0;3;0;0;0;0;10808;4002762;0;0;0;1;0;0;0;0;0;0;0;13995;3185;0;0;2;0;0;0;0;0;0;0;0;1;300421;0;0;0;0;0;0;39240;0;0;0;0;0;0;0;0;0;0;0;0;0;0;0;0;0;4;0;0;5;0;0;0;0;0;9;2;0;0;8888;2;0;0;0;308716;15
0;0;0;0;0;0;0;0;0;0;0;0;1;0;0;0;1;0;311287;0;0;0;0;0;0;0;0;0;0;0;0;3;0;0;0;0;10808;5003592;0;0;0;1;0;0;0;0;0;0;0;13995;3185;0;0;2;0;0;0;0;0;0;0;0;1;300671;0;0;0;0;0;0;39242;0;0;0;0;0;0;0;0;0;0;0;0;0;0;0;0;0;4;0;0;5;0;0;0;0;0;9;2;0;0;8888;2;0;0;0;308716;15
0;0;0;0;0;0;0;0;0;0;0;0;1;0;0;0;1;0;312466;0;0;0;0;0;0;0;0;0;0;0;0;3;0;0;0;0;10808;6003971;0;0;0;1;0;0;0;0;0;0;0;13995;3185;0;0;2;0;0;0;0;0;0;0;0;1;300921;0;0;0;0;0;0;39243;0;0;0;0;0;0;0;0;0;0;0;0;0;0;0;0;0;4;0;0;5;0;0;0;0;0;9;2;0;0;8888;2;0;0;0;308716;15
0;0;0;0;0;0;0;0;0;0;0;0;1;0;0;0;1;0;313645;0;0;0;0;0;0;0;0;0;0;0;0;3;0;0;0;0;10808;7004681;0;0;0;1;0;0;0;0;0;0;0;13995;3185;0;0;2;0;0;0;0;0;0;0;0;1;301171;0;0;0;0;0;0;39244;0;0;0;0;0;0;0;0;0;0;0;0;0;0;0;0;0;4;0;0;5;0;0;0;0;0;9;2;0;0;8888;2;0;0;0;308716;15
0;0;0;0;0;0;0;0;0;0;0;0;1;0;0;0;1;0;314816;0;0;0;0;0;0;0;0;0;0;0;0;3;0;0;0;0;10808;8005639;0;0;0;1;0;0;0;0;0;0;0;13995;3185;0;0;3;0;0;0;0;0;0;0;0;1;301422;0;0;0;0;0;0;39251;0;0;0;0;0;0;0;0;0;0;0;0;0;0;0;0;0;4;0;0;5;0;0;0;0;0;9;2;0;0;8888;2;0;0;0;308716;15
0;0;0;0;0;0;0;0;0;0;0;0;1;0;0;0;1;0;315987;0;0;0;0;0;0;0;0;0;0;0;0;3;0;0;0;0;10808;9006166;0;0;0;1;0;0;0;0;0;0;0;13995;3185;0;0;3;0;0;0;0;0;0;0;0;1;301672;0;0;0;0;0;0;39254;0;0;0;0;0;0;0;0;0;0;0;0;0;0;0;0;0;4;0;0;5;0;0;0;0;0;9;2;0;0;8888;3;0;0;0;308716;15
0;0;0;0;0;0;0;0;0;0;0;0;1;0;0;0;1;0;317166;0;0;0;0;0;0;0;0;0;0;0;0;3;0;0;0;0;10808;10006771;0;0;0;1;0;0;0;0;0;0;0;13995;3185;0;0;5;0;0;0;0;0;0;0;0;1;301922;0;0;0;0;0;0;39255;0;0;0;0;0;0;0;0;0;0;0;0;0;0;0;0;0;4;0;0;5;0;0;0;0;0;9;2;0;0;8888;4;0;0;0;308716;15
0;0;0;0;0;0;0;0;0;0;0;0;1;0;0;0;1;0;318347;0;0;0;0;0;0;0;0;0;0;0;0;3;0;0;0;0;10808;11007592;0;0;0;1;0;0;0;0;0;0;0;13995;3185;0;0;5;0;0;0;0;0;0;0;0;1;302172;0;0;0;0;0;0;39256;0;0;0;0;0;0;0;0;0;0;0;0;0;0;0;0;0;4;0;0;5;0;0;0;0;0;9;2;0;0;8888;4;0;0;0;308716;15
0;0;0;0;0;0;0;0;0;0;0;0;1;0;0;0;1;0;319526;0;0;0;0;0;0;0;0;0;0;0;0;3;0;0;0;0;10808;12007979;0;0;0;1;0;0;0;0;0;0;0;13996;3186;0;0;6;0;0;0;0;0;0;0;0;1;302422;0;0;0;0;0;0;39257;0;0;0;0;0;0;0;0;0;0;0;0;0;0;0;0;0;4;0;0;5;0;0;0;0;0;9;2;0;0;8888;4;0;0;0;308718;15
0;0;0;0;0;0;0;0;0;0;0;0;1;0;0;0;1;0;320705;0;0;0;0;0;0;0;0;0;0;0;0;3;0;0;0;0;10808;13008580;0;0;0;1;0;0;0;0;0;0;0;13996;3186;0;0;6;0;0;0;0;0;0;0;0;1;302672;0;0;0;0;0;0;39260;0;0;0;0;0;0;0;0;0;0;0;0;0;0;0;0;0;4;0;0;5;0;0;0;0;0;9;2;0;0;8888;4;0;0;0;308718;15
0;0;0;0;0;0;0;0;0;0;0;0;1;0;0;0;1;0;321884;0;0;0;0;0;0;0;0;0;0;0;0;3;0;0;0;0;10808;14009183;0;0;0;1;0;0;0;0;0;0;0;13996;3186;0;0;6;0;0;0;0;0;0;0;0;1;302923;0;0;0;0;0;0;39261;0;0;0;0;0;0;0;0;0;0;0;0;0;0;0;0;0;4;0;0;5;0;0;0;0;0;9;2;0;0;8888;4;0;0;0;308718;15
0;0;0;0;0;0;0;0;0;0;0;0;1;0;0;0;1;0;323063;0;0;0;0;0;0;0;0;0;0;0;0;3;0;0;0;0;10808;15009782;0;0;0;1;0;0;0;0;0;0;0;13996;3186;0;0;6;0;0;0;0;0;0;0;0;1;303173;0;0;0;0;0;0;39262;0;0;0;0;0;0;0;0;0;0;0;0;0;0;0;0;0;4;0;0;5;0;0;0;0;0;9;2;0;0;8888;4;0;0;0;308718;15
0;0;0;0;0;0;0;0;0;0;0;0;1;0;0;0;1;0;324242;0;0;0;0;0;0;0;0;0;0;0;0;3;0;0;0;0;10808;16010385;0;0;0;1;0;0;0;0;0;0;0;13996;3186;0;0;6;0;0;0;0;0;0;0;0;1;303423;0;0;0;0;0;0;39263;0;0;0;0;0;0;0;0;0;0;0;0;0;0;0;0;0;4;0;0;5;0;0;0;0;0;9;2;0;0;8888;4;0;0;0;308718;15
0;0;0;0;0;0;0;0;0;0;0;0;1;0;0;0;1;0;325421;0;0;0;0;0;0;0;0;0;0;0;0;3;0;0;0;0;10808;17010992;0;0;0;1;0;0;0;0;0;0;0;13996;3186;0;0;6;0;0;0;0;0;0;0;0;1;303673;0;0;0;0;0;0;39265;0;0;0;0;0;0;0;0;0;0;0;0;0;0;0;0;0;4;0;0;5;0;0;0;0;0;9;2;0;0;8888;4;0;0;0;308718;15
0;0;0;0;0;0;0;0;0;0;0;0;1;0;0;0;1;0;326601;0;0;0;0;0;0;0;0;0;0;0;0;3;0;0;0;0;10808;18011587;0;0;0;1;0;0;0;0;0;0;0;13996;3186;0;0;6;0;0;0;0;0;0;0;0;1;303923;0;0;0;0;0;0;39267;0;0;0;0;0;0;0;0;0;0;0;0;0;0;0;0;0;4;0;0;5;0;0;0;0;0;9;2;0;0;8888;4;0;0;0;308718;15
0;0;0;0;0;0;0;0;0;0;0;0;1;0;0;0;1;0;327781;0;0;0;0;0;0;0;0;0;0;0;0;3;0;0;0;0;10808;19012199;0;0;0;1;0;0;0;0;0;0;0;13996;3186;0;0;6;0;0;0;0;0;0;0;0;1;304173;0;0;0;0;0;0;39269;0;0;0;0;0;0;0;0;0;0;0;0;0;0;0;0;0;4;0;0;5;0;0;0;0;0;9;2;0;0;8888;4;0;0;0;308718;15
0;0;0;0;0;0;0;0;0;0;0;0;1;0;0;0;1;0;328960;0;0;0;0;0;0;0;0;0;0;0;0;3;0;0;0;0;10808;20012806;0;0;0;1;0;0;0;0;0;0;0;13996;3186;0;0;6;0;0;0;0;0;0;0;0;1;304423;0;0;0;0;0;0;39271;0;0;0;0;0;0;0;0;0;0;0;0;0;0;0;0;0;4;0;0;5;0;0;0;0;0;9;2;0;0;8888;4;0;0;0;308718;15
0;0;0;0;0;0;0;0;0;0;0;0;1;0;0;0;1;0;330139;0;0;0;0;0;0;0;0;0;0;0;0;3;0;0;0;0;10808;21013408;0;0;0;1;0;0;0;0;0;0;0;13996;3186;0;0;6;0;0;0;0;0;0;0;0;1;304674;0;0;0;0;0;0;39273;0;0;0;0;0;0;0;0;0;0;0;0;0;0;0;0;0;4;0;0;5;0;0;0;0;0;9;2;0;0;8888;4;0;0;0;308718;15
0;0;0;0;0;0;0;0;0;0;0;0;1;0;0;0;1;0;331318;0;0;0;0;0;0;0;0;0;0;0;0;3;0;0;0;0;10808;22014009;0;0;0;1;0;0;0;0;0;0;0;13996;3186;0;0;6;0;0;0;0;0;0;0;0;1;304924;0;0;0;0;0;0;39274;0;0;0;0;0;0;0;0;0;0;0;0;0;0;0;0;0;4;0;0;5;0;0;0;0;0;9;2;0;0;8888;4;0;0;0;308718;15
0;0;0;0;0;0;0;0;0;0;0;0;1;0;0;0;1;0;332486;0;0;0;0;0;0;0;0;0;0;0;0;3;0;0;0;0;10808;23014694;0;0;0;1;0;0;0;0;0;0;0;13996;3186;0;0;6;0;0;0;0;0;0;0;0;1;305174;0;0;0;0;0;0;39276;0;0;0;0;0;0;0;0;0;0;0;0;0;0;0;0;0;4;0;0;5;0;0;0;0;0;9;2;0;0;8888;4;0;0;0;308718;15
0;0;0;0;0;0;0;0;0;0;0;0;1;0;0;0;1;0;333665;0;0;0;0;0;0;0;0;0;0;0;0;3;0;0;0;0;10808;24015608;0;0;0;1;0;0;0;0;0;0;0;13996;3186;0;0;6;0;0;0;0;0;0;0;0;1;305424;0;0;0;0;0;0;39277;0;0;0;0;0;0;0;0;0;0;0;0;0;0;0;0;0;4;0;0;5;0;0;0;0;0;9;2;0;0;8888;4;0;0;0;308718;15
0;0;0;0;0;0;0;0;0;0;0;0;1;0;0;0;1;0;334843;0;0;0;0;0;0;0;0;0;0;0;0;3;0;0;0;0;10808;25016430;0;0;0;1;0;0;0;0;0;0;0;13996;3186;0;0;6;0;0;0;0;0;0;0;0;1;305674;0;0;0;0;0;0;39281;0;0;0;0;0;0;0;0;0;0;0;0;0;0;0;0;0;4;0;0;5;0;0;0;0;0;9;2;0;0;8888;4;0;0;0;308718;15
0;0;0;0;0;0;0;0;0;0;0;0;1;0;0;0;1;0;336022;0;0;0;0;0;0;0;0;0;0;0;0;3;0;0;0;0;10808;26017033;0;0;0;1;0;0;0;0;0;0;0;13996;3186;0;0;6;0;0;0;0;0;0;0;0;1;305925;0;0;0;0;0;0;39282;0;0;0;0;0;0;0;0;0;0;0;0;0;0;0;0;0;4;0;0;5;0;0;0;0;0;9;2;0;0;8888;4;0;0;0;308718;15
0;0;0;0;0;0;0;0;0;0;0;0;1;0;0;0;1;0;337201;0;0;0;0;0;0;0;0;0;0;0;0;3;0;0;0;0;10808;27017634;0;0;0;1;0;0;0;0;0;0;0;13996;3186;0;0;6;0;0;0;0;0;0;0;0;1;306175;0;0;0;0;0;0;39282;0;0;0;0;0;0;0;0;0;0;0;0;0;0;0;0;0;4;0;0;5;0;0;0;0;0;9;2;0;0;8888;4;0;0;0;308718;15
0;0;0;0;0;0;0;0;0;0;0;0;1;0;0;0;1;0;338380;0;0;0;0;0;0;0;0;0;0;0;0;3;0;0;0;0;10808;28018235;0;0;0;1;0;0;0;0;0;0;0;13996;3186;0;0;6;0;0;0;0;0;0;0;0;1;306425;0;0;0;0;0;0;39282;0;0;0;0;0;0;0;0;0;0;0;0;0;0;0;0;0;4;0;0;5;0;0;0;0;0;9;2;0;0;8888;4;0;0;0;308718;15
0;0;0;0;0;0;0;0;0;0;0;0;1;0;0;0;1;0;339559;0;0;0;0;0;0;0;0;0;0;0;0;3;0;0;0;0;10808;29018842;0;0;0;1;0;0;0;0;0;0;0;13996;3186;0;0;6;0;0;0;0;0;0;0;0;1;306675;0;0;0;0;0;0;39283;0;0;0;0;0;0;0;0;0;0;0;0;0;0;0;0;0;4;0;0;5;0;0;0;0;0;9;2;0;0;8888;4;0;0;0;308718;15
0;0;0;0;0;0;0;0;0;0;0;0;1;0;0;0;1;0;340739;0;0;0;0;0;0;0;0;0;0;0;0;3;0;0;0;0;10808;30019587;0;0;0;1;0;0;0;0;0;0;0;13996;3186;0;0;6;0;0;0;0;0;0;0;0;1;306925;0;0;0;0;0;0;39284;0;0;0;0;0;0;0;0;0;0;0;0;0;0;0;0;0;4;0;0;5;0;0;0;0;0;9;2;0;0;8888;4;0;0;0;308718;15
0;0;0;0;0;0;0;0;0;0;0;0;1;0;0;0;1;0;341918;0;0;0;0;0;0;0;0;0;0;0;0;3;0;0;0;0;10808;31020044;0;0;0;1;0;0;0;0;0;0;0;13996;3186;0;0;6;0;0;0;0;0;0;0;0;1;307175;0;0;0;0;0;0;39285;0;0;0;0;0;0;0;0;0;0;0;0;0;0;0;0;0;4;0;0;5;0;0;0;0;0;9;2;0;0;8888;4;0;0;0;308718;15
0;0;0;0;0;0;0;0;0;0;0;0;1;0;0;0;1;0;343093;0;0;0;0;0;0;0;0;0;0;0;0;3;0;0;0;0;10808;32020956;0;0;0;1;0;0;0;0;0;0;0;13996;3186;0;0;6;0;0;0;0;0;0;0;0;1;307426;0;0;0;0;0;0;39288;0;0;0;0;0;0;0;0;0;0;0;0;0;0;0;0;0;4;0;0;5;0;0;0;0;0;9;2;0;0;8888;4;0;0;0;308718;15
0;0;0;0;0;0;0;0;0;0;0;0;1;0;0;0;1;0;344268;0;0;0;0;0;0;0;0;0;0;0;0;3;0;0;0;0;10808;33021253;0;0;0;1;0;0;0;0;0;0;0;13996;3186;0;0;6;0;0;0;0;0;0;0;0;1;307676;0;0;0;0;0;0;39292;0;0;0;0;0;0;0;0;0;0;0;0;0;0;0;0;0;4;0;0;5;0;0;0;0;0;9;2;0;0;8888;4;0;0;0;308718;15
0;0;0;0;0;0;0;0;0;0;0;0;1;0;0;0;1;0;345446;0;0;0;0;0;0;0;0;0;0;0;0;3;0;0;0;0;10808;34021932;0;0;0;1;0;0;0;0;0;0;0;13996;3186;0;0;6;0;0;0;0;0;0;0;0;1;307926;0;0;0;0;0;0;39293;0;0;0;0;0;0;0;0;0;0;0;0;0;0;0;0;0;4;0;0;5;0;0;0;0;0;9;2;0;0;8888;4;0;0;0;308718;15
0;0;0;0;0;0;0;0;0;0;0;0;1;0;0;0;1;0;346626;0;0;0;0;0;0;0;0;0;0;0;0;3;0;0;0;0;10808;35022543;0;0;0;1;0;0;0;0;0;0;0;13996;3186;0;0;6;0;0;0;0;0;0;0;0;1;308176;0;0;0;0;0;0;39294;0;0;0;0;0;0;0;0;0;0;0;0;0;0;0;0;0;4;0;0;5;0;0;0;0;0;9;2;0;0;8888;4;0;0;0;308718;15
0;0;0;0;0;0;0;0;0;0;0;0;1;0;0;0;1;0;347805;0;0;0;0;0;0;0;0;0;0;0;0;3;0;0;0;0;10808;36023142;0;0;0;1;0;0;0;0;0;0;0;13996;3186;0;0;6;0;0;0;0;0;0;0;0;1;308426;0;0;0;0;0;0;39295;0;0;0;0;0;0;0;0;0;0;0;0;0;0;0;0;0;4;0;0;5;0;0;0;0;0;9;2;0;0;8888;4;0;0;0;308718;15
0;0;0;0;0;0;0;0;0;0;0;0;1;0;0;0;1;0;348985;0;0;0;0;0;0;0;0;0;0;0;0;3;0;0;0;0;10808;37023749;0;0;0;1;0;0;0;0;0;0;0;13996;3186;0;0;6;0;0;0;0;0;0;0;0;1;308676;0;0;0;0;0;0;39296;0;0;0;0;0;0;0;0;0;0;0;0;0;0;0;0;0;4;0;0;5;0;0;0;0;0;9;2;0;0;8888;4;0;0;0;308718;15
0;0;0;0;0;0;0;0;0;0;0;0;1;0;0;0;1;0;350164;0;0;0;0;0;0;0;0;0;0;0;0;3;0;0;0;0;10808;38024351;0;0;0;1;0;0;0;0;0;0;0;13996;3186;0;0;6;0;0;0;0;0;0;0;0;1;308926;0;0;0;0;0;0;39297;0;0;0;0;0;0;0;0;0;0;0;0;0;0;0;0;0;4;0;0;5;0;0;0;0;0;9;2;0;0;8888;4;0;0;0;308718;15
0;0;0;0;0;0;0;0;0;0;0;0;1;0;0;0;1;0;351343;0;0;0;0;0;0;0;0;0;0;0;0;3;0;0;0;0;10808;39024951;0;0;0;1;0;0;0;0;0;0;0;13996;3186;0;0;6;0;0;0;0;0;0;0;0;1;309177;0;0;0;0;0;0;39298;0;0;0;0;0;0;0;0;0;0;0;0;0;0;0;0;0;4;0;0;5;0;0;0;0;0;9;2;0;0;8888;4;0;0;0;308718;15
0;0;0;0;0;0;0;0;0;0;0;0;1;0;0;0;1;0;352522;0;0;0;0;0;0;0;0;0;0;0;0;3;0;0;0;0;10808;40025556;0;0;0;1;0;0;0;0;0;0;0;13996;3186;0;0;6;0;0;0;0;0;0;0;0;1;309427;0;0;0;0;0;0;39299;0;0;0;0;0;0;0;0;0;0;0;0;0;0;0;0;0;4;0;0;5;0;0;0;0;0;9;2;0;0;8888;4;0;0;0;308718;15
0;0;0;0;0;0;0;0;0;0;0;0;1;0;0;0;1;0;353701;0;0;0;0;0;0;0;0;0;0;0;0;3;0;0;0;0;10808;41026161;0;0;0;1;0;0;0;0;0;0;0;13996;3186;0;0;6;0;0;0;0;0;0;0;0;1;309677;0;0;0;0;0;0;39300;0;0;0;0;0;0;0;0;0;0;0;0;0;0;0;0;0;4;0;0;5;0;0;0;0;0;9;2;0;0;8888;4;0;0;0;308718;15
0;0;0;0;0;0;0;0;0;0;0;0;1;0;0;0;1;0;354880;0;0;0;0;0;0;0;0;0;0;0;0;3;0;0;0;0;10808;42026471;0;0;0;1;0;0;0;0;0;0;0;14001;3186;0;0;6;0;0;0;0;0;0;0;0;1;309927;0;5;0;0;0;0;39300;0;0;0;0;0;0;0;0;0;0;0;0;0;0;0;0;0;4;0;0;5;0;0;0;0;0;9;2;0;0;8888;4;0;0;0;308721;15
0;0;0;0;0;0;0;0;0;0;0;0;1;0;0;0;1;0;356059;0;0;0;0;0;0;0;0;0;0;0;0;3;0;0;0;0;10808;43027065;0;0;0;1;0;0;0;0;0;0;0;14001;3186;0;0;6;0;0;0;0;0;0;0;0;1;310177;0;5;0;0;0;0;39301;0;0;0;0;0;0;0;0;0;0;0;0;0;0;0;0;0;4;0;0;5;0;0;0;0;0;9;2;0;0;8888;4;0;0;0;308721;15
0;0;0;0;0;0;0;0;0;0;0;0;1;0;0;0;1;0;357239;0;0;0;0;0;0;0;0;0;0;0;0;3;0;0;0;0;10808;44027672;0;0;0;1;0;0;0;0;0;0;0;14001;3186;0;0;6;0;0;0;0;0;0;0;0;1;310427;0;5;0;0;0;0;39302;0;0;0;0;0;0;0;0;0;0;0;0;0;0;0;0;0;4;0;0;5;0;0;0;0;0;9;2;0;0;8888;4;0;0;0;308721;15
0;0;0;0;0;0;0;0;0;0;0;0;1;0;0;0;1;0;358418;0;0;0;0;0;0;0;0;0;0;0;0;3;0;0;0;0;10808;45028272;0;0;0;1;0;0;0;0;0;0;0;14001;3186;0;0;6;0;0;0;0;0;0;0;0;1;310677;0;5;0;0;0;0;39303;0;0;0;0;0;0;0;0;0;0;0;0;0;0;0;0;0;4;0;0;5;0;0;0;0;0;9;2;0;0;8888;4;0;0;0;308721;15
0;0;0;0;0;0;0;0;0;0;0;0;1;0;0;0;1;0;359597;0;0;0;0;0;0;0;0;0;0;0;0;3;0;0;0;0;10808;46028875;0;0;0;1;0;0;0;0;0;0;0;14001;3186;0;0;6;0;0;0;0;0;0;0;0;1;310928;0;5;0;0;0;0;39304;0;0;0;0;0;0;0;0;0;0;0;0;0;0;0;0;0;4;0;0;5;0;0;0;0;0;9;2;0;0;8888;4;0;0;0;308721;15
0;0;0;0;0;0;0;0;0;0;0;0;1;0;0;0;1;0;360777;0;0;0;0;0;0;0;0;0;0;0;0;3;0;0;0;0;10808;47029490;0;0;0;1;0;0;0;0;0;0;0;14001;3186;0;0;6;0;0;0;0;0;0;0;0;1;311178;0;5;0;0;0;0;39305;0;0;0;0;0;0;0;0;0;0;0;0;0;0;0;0;0;4;0;0;5;0;0;0;0;0;9;2;0;0;8888;4;0;0;0;308721;15
0;0;0;0;0;0;0;0;0;0;0;0;1;0;0;0;1;0;361956;0;0;0;0;0;0;0;0;0;0;0;0;3;0;0;0;0;10808;48030087;0;0;0;1;0;0;0;0;0;0;0;14001;3186;0;0;6;0;0;0;0;0;0;0;0;1;311428;0;5;0;0;0;0;39306;0;0;0;0;0;0;0;0;0;0;0;0;0;0;0;0;0;4;0;0;5;0;0;0;0;0;9;2;0;0;8888;4;0;0;0;308721;15
0;0;0;0;0;0;0;0;0;0;0;0;1;0;0;0;1;0;363135;0;0;0;0;0;0;0;0;0;0;0;0;3;0;0;0;0;10808;49030693;0;0;0;1;0;0;0;0;0;0;0;14001;3186;0;0;6;0;0;0;0;0;0;0;0;1;311678;0;5;0;0;0;0;39307;0;0;0;0;0;0;0;0;0;0;0;0;0;0;0;0;0;4;0;0;5;0;0;0;0;0;9;2;0;0;8888;4;0;0;0;308721;15
0;0;0;0;0;0;0;0;0;0;0;0;1;0;0;0;1;0;364315;0;0;0;0;0;0;0;0;0;0;0;0;3;0;0;0;0;10808;50031591;0;0;0;1;0;0;0;0;0;0;0;14001;3186;0;0;6;0;0;0;0;0;0;0;0;1;311928;0;5;0;0;0;0;39308;0;0;0;0;0;0;0;0;0;0;0;0;0;0;0;0;0;4;0;0;5;0;0;0;0;0;9;2;0;0;8888;4;0;0;0;308721;15
0;0;0;0;0;0;0;0;0;0;0;0;1;0;0;0;1;0;365494;0;0;0;0;0;0;0;0;0;0;0;0;3;0;0;0;0;10808;51031900;0;0;0;1;0;0;0;0;0;0;0;14001;3186;0;0;6;0;0;0;0;0;0;0;0;1;312178;0;5;0;0;0;0;39309;0;0;0;0;0;0;0;0;0;0;0;0;0;0;0;0;0;4;0;0;5;0;0;0;0;0;9;2;0;0;8888;4;0;0;0;308721;15
0;0;0;0;0;0;0;0;0;0;0;0;1;0;0;0;1;0;366672;0;0;0;0;0;0;0;0;0;0;0;0;3;0;0;0;0;10808;52032210;0;0;0;1;0;0;0;0;0;0;0;14005;3186;0;0;6;0;0;0;0;0;0;0;0;1;312428;0;9;0;0;0;0;39309;0;0;0;0;0;0;0;0;0;0;0;0;0;0;0;0;0;4;0;0;5;0;0;0;0;0;9;2;0;0;8888;4;0;0;0;308723;15
0;0;0;0;0;0;0;0;0;0;0;0;1;0;0;0;1;0;367851;0;0;0;0;0;0;0;0;0;0;0;0;3;0;0;0;0;10808;53032809;0;0;0;1;0;0;0;0;0;0;0;14005;3186;0;0;6;0;0;0;0;0;0;0;0;1;312678;0;9;0;0;0;0;39310;0;0;0;0;0;0;0;0;0;0;0;0;0;0;0;0;0;4;0;0;5;0;0;0;0;0;9;2;0;0;8888;4;0;0;0;308723;15
0;0;0;0;0;0;0;0;0;0;0;0;1;0;0;0;1;0;369030;0;0;0;0;0;0;0;0;0;0;0;0;3;0;0;0;0;10808;54033408;0;0;0;1;0;0;0;0;0;0;0;14005;3186;0;0;6;0;0;0;0;0;0;0;0;1;312929;0;9;0;0;0;0;39311;0;0;0;0;0;0;0;0;0;0;0;0;0;0;0;0;0;4;0;0;5;0;0;0;0;0;9;2;0;0;8888;4;0;0;0;308723;15
0;0;0;0;0;0;0;0;0;0;0;0;1;0;0;0;1;0;370209;0;0;0;0;0;0;0;0;0;0;0;0;3;0;0;0;0;10808;55034009;0;0;0;1;0;0;0;0;0;0;0;14005;3186;0;0;6;0;0;0;0;0;0;0;0;1;313179;0;9;0;0;0;0;39312;0;0;0;0;0;0;0;0;0;0;0;0;0;0;0;0;0;4;0;0;5;0;0;0;0;0;9;2;0;0;8888;4;0;0;0;308723;15
0;0;0;0;0;0;0;0;0;0;0;0;1;0;0;0;1;0;371388;0;0;0;0;0;0;0;0;0;0;0;0;3;0;0;0;0;10808;56034615;0;0;0;1;0;0;0;0;0;0;0;14005;3186;0;0;6;0;0;0;0;0;0;0;0;1;313429;0;9;0;0;0;0;39313;0;0;0;0;0;0;0;0;0;0;0;0;0;0;0;0;0;4;0;0;5;0;0;0;0;0;9;2;0;0;8888;4;0;0;0;308723;15
0;0;0;0;0;0;0;0;0;0;0;0;1;0;0;0;1;0;372568;0;0;0;0;0;0;0;0;0;0;0;0;3;0;0;0;0;10808;57035585;0;0;0;1;0;0;0;0;0;0;0;14005;3186;0;0;6;0;0;0;0;0;0;0;0;1;313679;0;9;0;0;0;0;39314;0;0;0;0;0;0;0;0;0;0;0;0;0;0;0;0;0;4;0;0;5;0;0;0;0;0;9;2;0;0;8888;4;0;0;0;308723;15
0;0;0;0;0;0;0;0;0;0;0;0;1;0;0;0;1;0;373747;0;0;0;0;0;0;0;0;0;0;0;0;3;0;0;0;0;10808;58035817;0;0;0;1;0;0;0;0;0;0;0;14005;3186;0;0;6;0;0;0;0;0;0;0;0;1;313929;0;9;0;0;0;0;39315;0;0;0;0;0;0;0;0;0;0;0;0;0;0;0;0;0;4;0;0;5;0;0;0;0;0;9;2;0;0;8888;4;0;0;0;308723;15
0;0;0;0;0;0;0;0;0;0;0;0;1;0;0;0;1;0;374927;0;0;0;0;0;0;0;0;0;0;0;0;3;0;0;0;0;10808;59036437;0;0;0;1;0;0;0;0;0;0;0;14005;3186;0;0;6;0;0;0;0;0;0;0;0;1;314179;0;9;0;0;0;0;39316;0;0;0;0;0;0;0;0;0;0;0;0;0;0;0;0;0;4;0;0;5;0;0;0;0;0;9;2;0;0;8888;4;0;0;0;308723;15
0;0;0;0;0;0;0;0;0;0;0;0;1;0;0;0;1;0;376106;0;0;0;0;0;0;0;0;0;0;0;0;3;0;0;0;0;10808;60037034;0;0;0;1;0;0;0;0;0;0;0;14005;3186;0;0;6;0;0;0;0;0;0;0;0;1;314430;0;9;0;0;0;0;39318;0;0;0;0;0;0;0;0;0;0;0;0;0;0;0;0;0;4;0;0;5;0;0;0;0;0;9;2;0;0;8888;4;0;0;0;308723;15
0;0;0;0;0;0;0;0;0;0;0;0;1;0;0;0;1;0;377285;0;0;0;0;0;0;0;0;0;0;0;0;3;0;0;0;0;10808;61037635;0;0;0;1;0;0;0;0;0;0;0;14005;3186;0;0;6;0;0;0;0;0;0;0;0;1;314680;0;9;0;0;0;0;39320;0;0;0;0;0;0;0;0;0;0;0;0;0;0;0;0;0;4;0;0;5;0;0;0;0;0;9;2;0;0;8888;4;0;0;0;308723;15
0;0;0;0;0;0;0;0;0;0;0;0;1;0;0;0;1;0;378464;0;0;0;0;0;0;0;0;0;0;0;0;3;0;0;0;0;10808;62038242;0;0;0;1;0;0;0;0;0;0;0;14005;3186;0;0;6;0;0;0;0;0;0;0;0;1;314930;0;9;0;0;0;0;39321;0;0;0;0;0;0;0;0;0;0;0;0;0;0;0;0;0;4;0;0;5;0;0;0;0;0;9;2;0;0;8888;4;0;0;0;308723;15
0;0;0;0;0;0;0;0;0;0;0;0;1;0;0;0;1;0;379643;0;0;0;0;0;0;0;0;0;0;0;0;3;0;0;0;0;10808;63038839;0;0;0;1;0;0;0;0;0;0;0;14005;3186;0;0;6;0;0;0;0;0;0;0;0;1;315180;0;9;0;0;0;0;39322;0;0;0;0;0;0;0;0;0;0;0;0;0;0;0;0;0;4;0;0;5;0;0;0;0;0;9;2;0;0;8888;4;0;0;0;308723;15
0;0;0;0;0;0;0;0;0;0;0;0;1;0;0;0;1;0;380824;0;0;0;0;0;0;0;0;0;0;0;0;3;0;0;0;0;10808;64039588;0;0;0;1;0;0;0;0;0;0;0;14005;3186;0;0;6;0;0;0;0;0;0;0;0;1;315430;0;9;0;0;0;0;39324;0;0;0;0;0;0;0;0;0;0;0;0;0;0;0;0;0;4;0;0;5;0;0;0;0;0;9;2;0;0;8888;4;0;0;0;308723;15
0;0;0;0;0;0;0;0;0;0;0;0;1;0;0;0;1;0;382003;0;0;0;0;0;0;0;0;0;0;0;0;3;0;0;0;0;10808;65040048;0;0;0;1;0;0;0;0;0;0;0;14005;3186;0;0;6;0;0;0;0;0;0;0;0;1;315680;0;9;0;0;0;0;39326;0;0;0;0;0;0;0;0;0;0;0;0;0;0;0;0;0;4;0;0;5;0;0;0;0;0;9;2;0;0;8888;4;0;0;0;308723;15
0;0;0;0;0;0;0;0;0;0;0;0;1;0;0;0;1;0;383182;0;0;0;0;0;0;0;0;0;0;0;0;3;0;0;0;0;10808;66040647;0;0;0;1;0;0;0;0;0;0;0;14005;3186;0;0;6;0;0;0;0;0;0;0;0;1;315930;0;9;0;0;0;0;39327;0;0;0;0;0;0;0;0;0;0;0;0;0;0;0;0;0;4;0;0;5;0;0;0;0;0;9;2;0;0;8888;4;0;0;0;308723;15
0;0;0;0;0;0;0;0;0;0;0;0;1;0;0;0;1;0;384362;0;0;0;0;0;0;0;0;0;0;0;0;3;0;0;0;0;10808;67041253;0;0;0;1;0;0;0;0;0;0;0;14005;3186;0;0;6;0;0;0;0;0;0;0;0;1;316181;0;9;0;0;0;0;39328;0;0;0;0;0;0;0;0;0;0;0;0;0;0;0;0;0;4;0;0;5;0;0;0;0;0;9;2;0;0;8888;4;0;0;0;308723;15
0;0;0;0;0;0;0;0;0;0;0;0;1;0;0;0;1;0;385541;0;0;0;0;0;0;0;0;0;0;0;0;3;0;0;0;0;10808;68041862;0;0;0;1;0;0;0;0;0;0;0;14005;3186;0;0;6;0;0;0;0;0;0;0;0;1;316431;0;9;0;0;0;0;39329;0;0;0;0;0;0;0;0;0;0;0;0;0;0;0;0;0;4;0;0;5;0;0;0;0;0;9;2;0;0;8888;4;0;0;0;308723;15
0;0;0;0;0;0;0;0;0;0;0;0;1;0;0;0;1;0;386720;0;0;0;0;0;0;0;0;0;0;0;0;3;0;0;0;0;10808;69042463;0;0;0;1;0;0;0;0;0;0;0;14005;3186;0;0;6;0;0;0;0;0;0;0;0;1;316681;0;9;0;0;0;0;39330;0;0;0;0;0;0;0;0;0;0;0;0;0;0;0;0;0;4;0;0;5;0;0;0;0;0;9;2;0;0;8888;4;0;0;0;308723;15
0;0;0;0;0;0;0;0;0;0;0;0;1;0;0;0;1;0;387899;0;0;0;0;0;0;0;0;0;0;0;0;3;0;0;0;0;10808;70043064;0;0;0;1;0;0;0;0;0;0;0;14005;3186;0;0;6;0;0;0;0;0;0;0;0;1;316931;0;9;0;0;0;0;39330;0;0;0;0;0;0;0;0;0;0;0;0;0;0;0;0;0;4;0;0;5;0;0;0;0;0;9;2;0;0;8888;4;0;0;0;308723;15
0;0;0;0;0;0;0;0;0;0;0;0;1;0;0;0;1;0;389079;0;0;0;0;0;0;0;0;0;0;0;0;3;0;0;0;0;10808;71043668;0;0;0;1;0;0;0;0;0;0;0;14005;3186;0;0;6;0;0;0;0;0;0;0;0;1;317181;0;9;0;0;0;0;39330;0;0;0;0;0;0;0;0;0;0;0;0;0;0;0;0;0;4;0;0;5;0;0;0;0;0;9;2;0;0;8888;4;0;0;0;308723;15
0;0;0;0;0;0;0;0;0;0;0;0;1;0;0;0;1;0;390258;0;0;0;0;0;0;0;0;0;0;0;0;3;0;0;0;0;10808;72044271;0;0;0;1;0;0;0;0;0;0;0;14005;3186;0;0;6;0;0;0;0;0;0;0;0;1;317431;0;9;0;0;0;0;39331;0;0;0;0;0;0;0;0;0;0;0;0;0;0;0;0;0;4;0;0;5;0;0;0;0;0;9;2;0;0;8888;4;0;0;0;308723;15
0;0;0;0;0;0;0;0;0;0;0;0;1;0;0;0;1;0;391437;0;0;0;0;0;0;0;0;0;0;0;0;3;0;0;0;0;10808;73044436;0;0;0;1;0;0;0;0;0;0;0;14006;3186;0;0;6;0;0;0;0;0;0;0;0;1;317681;0;10;0;0;0;0;39334;0;0;0;0;0;0;0;0;0;0;0;0;0;0;0;0;0;4;0;0;5;0;0;0;0;0;9;2;0;0;8888;4;0;0;0;308723;15
0;0;0;0;0;0;0;0;0;0;0;0;1;0;0;0;1;0;392616;0;0;0;0;0;0;0;0;0;0;0;0;3;0;0;0;0;10808;74045040;0;0;0;1;0;0;0;0;0;0;0;14006;3186;0;0;7;0;0;0;0;0;0;0;0;1;317932;0;10;0;0;0;0;39335;0;0;0;0;0;0;0;0;0;0;0;0;0;0;0;0;0;4;0;0;5;0;0;0;0;0;9;2;0;0;8888;5;0;0;0;308723;15
0;0;0;0;0;0;0;0;0;0;0;0;1;0;0;0;1;0;393795;0;0;0;0;0;0;0;0;0;0;0;0;3;0;0;0;0;10808;75045642;0;0;0;1;0;0;0;0;0;0;0;14006;3186;0;0;8;0;0;0;0;0;0;0;0;1;318182;0;10;0;0;0;0;39336;0;0;0;0;0;0;0;0;0;0;0;0;0;0;0;0;0;4;0;0;5;0;0;0;0;0;9;2;0;0;8888;6;0;0;0;308723;15
0;0;0;0;0;0;0;0;0;0;0;0;1;0;0;0;1;0;394974;0;0;0;0;0;0;0;0;0;0;0;0;3;0;0;0;0;10808;76046248;0;0;0;1;0;0;0;0;0;0;0;14006;3186;0;0;8;0;0;0;0;0;0;0;0;1;318432;0;10;0;0;0;0;39337;0;0;0;0;0;0;0;0;0;0;0;0;0;0;0;0;0;4;0;0;5;0;0;0;0;0;9;2;0;0;8888;6;0;0;0;308723;15
0;0;0;0;0;0;0;0;0;0;0;0;1;0;0;0;1;0;396140;0;0;0;0;0;0;0;0;0;0;0;0;3;0;0;0;0;10808;77046933;0;0;0;1;0;0;0;0;0;0;0;14006;3186;0;0;8;0;0;0;0;0;0;0;0;1;318682;0;10;0;0;0;0;39340;0;0;0;0;0;0;0;0;0;0;0;0;0;0;0;0;0;4;0;0;5;0;0;0;0;0;9;2;0;0;8888;6;0;0;0;308723;15
