97_IR-PCI-MSI_2099202-edge_eno8-TxRx-2_CPU0;RES_Rescheduling_interrupts_CPU1;LOC_Local_timer_interrupts_CPU3;SPU_Spurious_interrupts_CPU2;TRM_Thermal_event_interrupts_CPU3;PIN_Posted-interrupt_notification_event_CPU3;HVS_Hyper-V_stimer0_interrupts_CPU1;MCE_Machine_check_exceptions_CPU1;49_IR-PCI-MSI_2359296-edge_vfio-msix[0](0000:04:10.0)_CPU0;LOC_Local_timer_interrupts_CPU0;52_IR-PCI-MSI_2097153-edge_eno7-TxRx-1_CPU1;92_IR-PCI-MSI_2097156-edge_eno7_CPU3;95_IR-PCI-MSI_2099200-edge_eno8-TxRx-0_CPU2;34_IR-PCI-MSI_524289-edge_nvme0q1_CPU1;9_IR-IO-APIC_9-fasteoi_acpi_CPU2;26_IR-PCI-MSI_1574912-edge_ioat-msix_CPU1;MCP_Machine_check_polls_CPU1;25_IR-PCI-MSI_1572864-edge_ioat-msix_CPU3;LOC_Local_timer_interrupts_CPU2;PIW_Posted-interrupt_wakeup_event_CPU1;MIS_CPU0;37_IR-PCI-MSI_524292-edge_nvme0q4_CPU3;MCE_Machine_check_exceptions_CPU3;18_IR-IO-APIC_18-fasteoi_ehci_hcd:usb1,_i801_smbus,_ehci_hcd:usb4_CPU3;IWI_IRQ_work_interrupts_CPU2;DFR_Deferred_Error_APIC_interrupts_CPU0;96_IR-PCI-MSI_2099201-edge_eno8-TxRx-1_CPU1;NMI_Non-maskable_interrupts_CPU2;26_IR-PCI-MSI_1574912-edge_ioat-msix_CPU2;42_IR-PCI-MSI_1579008-edge_ioat-msix_CPU3;33_IR-PCI-MSI_3670020-edge_eno1-TxRx-3_CPU2;SPU_Spurious_interrupts_CPU1;18_IR-IO-APIC_18-fasteoi_ehci_hcd:usb1,_i801_smbus,_ehci_hcd:usb4_CPU0;TRM_Thermal_event_interrupts_CPU0;PMI_Performance_monitoring_interrupts_CPU3;43_IR-PCI-MSI_327680-edge_xhci_hcd_CPU2;DFR_Deferred_Error_APIC_interrupts_CPU3;24_DMAR-MSI_0-edge_dmar0_CPU3;25_IR-PCI-MSI_1572864-edge_ioat-msix_CPU2;52_IR-PCI-MSI_2097153-edge_eno7-TxRx-1_CPU3;27_IR-PCI-MSI_1576960-edge_ioat-msix_CPU0;9_IR-IO-APIC_9-fasteoi_acpi_CPU0;28_IR-PCI-MSI_524288-edge_nvme0q0_CPU3;39_IR-PCI-MSI_524294-edge_nvme0q6_CPU3;35_IR-PCI-MSI_524290-edge_nvme0q2_CPU3;IWI_IRQ_work_interrupts_CPU0;HRE_Hyper-V_reenlightenment_interrupts_CPU1;NPI_Nested_posted-interrupt_event_CPU1;THR_Threshold_APIC_interrupts_CPU3;TRM_Thermal_event_interrupts_CPU1;97_IR-PCI-MSI_2099202-edge_eno8-TxRx-2_CPU3;99_IR-PCI-MSI_2099204-edge_eno8_CPU0;33_IR-PCI-MSI_3670020-edge_eno1-TxRx-3_CPU3;TLB_TLB_shootdowns_CPU0;HYP_Hypervisor_callback_interrupts_CPU2;35_IR-PCI-MSI_524290-edge_nvme0q2_CPU1;99_IR-PCI-MSI_2099204-edge_eno8_CPU3;24_DMAR-MSI_0-edge_dmar0_CPU0;HRE_Hyper-V_reenlightenment_interrupts_CPU3;ERR_CPU0;39_IR-PCI-MSI_524294-edge_nvme0q6_CPU0;IWI_IRQ_work_interrupts_CPU3;54_IR-PCI-MSI_512000-edge_ahci[0000:00:1f.2]_CPU1;53_IR-PCI-MSI_2097154-edge_eno7-TxRx-2_CPU1;91_IR-PCI-MSI_2097155-edge_eno7-TxRx-3_CPU1;THR_Threshold_APIC_interrupts_CPU2;PMI_Performance_monitoring_interrupts_CPU1;40_IR-PCI-MSI_524295-edge_nvme0q7_CPU1;HRE_Hyper-V_reenlightenment_interrupts_CPU2;53_IR-PCI-MSI_2097154-edge_eno7-TxRx-2_CPU2;25_IR-PCI-MSI_1572864-edge_ioat-msix_CPU1;34_IR-PCI-MSI_524289-edge_nvme0q1_CPU3;96_IR-PCI-MSI_2099201-edge_eno8-TxRx-1_CPU3;9_IR-IO-APIC_9-fasteoi_acpi_CPU1;4_IR-IO-APIC_4-edge_ttyS0_CPU0;28_IR-PCI-MSI_524288-edge_nvme0q0_CPU2;8_IR-IO-APIC_8-edge_rtc0_CPU3;RES_Rescheduling_interrupts_CPU3;29_IR-PCI-MSI_3670016-edge_eno1_CPU3;49_IR-PCI-MSI_2359296-edge_vfio-msix[0](0000:04:10.0)_CPU2;DFR_Deferred_Error_APIC_interrupts_CPU1;34_IR-PCI-MSI_524289-edge_nvme0q1_CPU2;25_IR-PCI-MSI_1572864-edge_ioat-msix_CPU0;8_IR-IO-APIC_8-edge_rtc0_CPU0;NPI_Nested_posted-interrupt_event_CPU2;NMI_Non-maskable_interrupts_CPU0;CAL_Function_call_interrupts_CPU0;MCP_Machine_check_polls_CPU3;TLB_TLB_shootdowns_CPU1;26_IR-PCI-MSI_1574912-edge_ioat-msix_CPU3;27_IR-PCI-MSI_1576960-edge_ioat-msix_CPU2;50_IR-PCI-MSI_2361344-edge_vfio-msix[0](0000:04:10.1)_CPU1;49_IR-PCI-MSI_2359296-edge_vfio-msix[0](0000:04:10.0)_CPU1;THR_Threshold_APIC_interrupts_CPU0;18_IR-IO-APIC_18-fasteoi_ehci_hcd:usb1,_i801_smbus,_ehci_hcd:usb4_CPU2;35_IR-PCI-MSI_524290-edge_nvme0q2_CPU2;96_IR-PCI-MSI_2099201-edge_eno8-TxRx-1_CPU2;91_IR-PCI-MSI_2097155-edge_eno7-TxRx-3_CPU3;HVS_Hyper-V_stimer0_interrupts_CPU3;8_IR-IO-APIC_8-edge_rtc0_CPU1;98_IR-PCI-MSI_2099203-edge_eno8-TxRx-3_CPU1;37_IR-PCI-MSI_524292-edge_nvme0q4_CPU0;98_IR-PCI-MSI_2099203-edge_eno8-TxRx-3_CPU3;36_IR-PCI-MSI_524291-edge_nvme0q3_CPU1;95_IR-PCI-MSI_2099200-edge_eno8-TxRx-0_CPU3;39_IR-PCI-MSI_524294-edge_nvme0q6_CPU2;96_IR-PCI-MSI_2099201-edge_eno8-TxRx-1_CPU0;54_IR-PCI-MSI_512000-edge_ahci[0000:00:1f.2]_CPU3;4_IR-IO-APIC_4-edge_ttyS0_CPU2;30_IR-PCI-MSI_3670017-edge_eno1-TxRx-0_CPU3;RTR_APIC_ICR_read_retries_CPU3;31_IR-PCI-MSI_3670018-edge_eno1-TxRx-1_CPU2;49_IR-PCI-MSI_2359296-edge_vfio-msix[0](0000:04:10.0)_CPU3;CAL_Function_call_interrupts_CPU3;30_IR-PCI-MSI_3670017-edge_eno1-TxRx-0_CPU1;TLB_TLB_shootdowns_CPU3;SPU_Spurious_interrupts_CPU3;32_IR-PCI-MSI_3670019-edge_eno1-TxRx-2_CPU0;33_IR-PCI-MSI_3670020-edge_eno1-TxRx-3_CPU0;28_IR-PCI-MSI_524288-edge_nvme0q0_CPU1;51_IR-PCI-MSI_2097152-edge_eno7-TxRx-0_CPU1;95_IR-PCI-MSI_2099200-edge_eno8-TxRx-0_CPU1;43_IR-PCI-MSI_327680-edge_xhci_hcd_CPU3;HYP_Hypervisor_callback_interrupts_CPU3;33_IR-PCI-MSI_3670020-edge_eno1-TxRx-3_CPU1;34_IR-PCI-MSI_524289-edge_nvme0q1_CPU0;4_IR-IO-APIC_4-edge_ttyS0_CPU3;30_IR-PCI-MSI_3670017-edge_eno1-TxRx-0_CPU0;HYP_Hypervisor_callback_interrupts_CPU1;92_IR-PCI-MSI_2097156-edge_eno7_CPU0;99_IR-PCI-MSI_2099204-edge_eno8_CPU1;HYP_Hypervisor_callback_interrupts_CPU0;RES_Rescheduling_interrupts_CPU0;40_IR-PCI-MSI_524295-edge_nvme0q7_CPU2;91_IR-PCI-MSI_2097155-edge_eno7-TxRx-3_CPU2;98_IR-PCI-MSI_2099203-edge_eno8-TxRx-3_CPU2;51_IR-PCI-MSI_2097152-edge_eno7-TxRx-0_CPU0;TRM_Thermal_event_interrupts_CPU2;CAL_Function_call_interrupts_CPU2;DFR_Deferred_Error_APIC_interrupts_CPU2;29_IR-PCI-MSI_3670016-edge_eno1_CPU2;24_DMAR-MSI_0-edge_dmar0_CPU1;MCE_Machine_check_exceptions_CPU0;27_IR-PCI-MSI_1576960-edge_ioat-msix_CPU1;40_IR-PCI-MSI_524295-edge_nvme0q7_CPU0;PIN_Posted-interrupt_notification_event_CPU2;MCE_Machine_check_exceptions_CPU2;26_IR-PCI-MSI_1574912-edge_ioat-msix_CPU0;THR_Threshold_APIC_interrupts_CPU1;95_IR-PCI-MSI_2099200-edge_eno8-TxRx-0_CPU0;31_IR-PCI-MSI_3670018-edge_eno1-TxRx-1_CPU0;52_IR-PCI-MSI_2097153-edge_eno7-TxRx-1_CPU0;32_IR-PCI-MSI_3670019-edge_eno1-TxRx-2_CPU3;41_IR-PCI-MSI_524296-edge_nvme0q8_CPU2;53_IR-PCI-MSI_2097154-edge_eno7-TxRx-2_CPU3;timestamp_us;43_IR-PCI-MSI_327680-edge_xhci_hcd_CPU0;NMI_Non-maskable_interrupts_CPU1;52_IR-PCI-MSI_2097153-edge_eno7-TxRx-1_CPU2;41_IR-PCI-MSI_524296-edge_nvme0q8_CPU3;31_IR-PCI-MSI_3670018-edge_eno1-TxRx-1_CPU1;43_IR-PCI-MSI_327680-edge_xhci_hcd_CPU1;51_IR-PCI-MSI_2097152-edge_eno7-TxRx-0_CPU3;39_IR-PCI-MSI_524294-edge_nvme0q6_CPU1;50_IR-PCI-MSI_2361344-edge_vfio-msix[0](0000:04:10.1)_CPU3;RTR_APIC_ICR_read_retries_CPU1;99_IR-PCI-MSI_2099204-edge_eno8_CPU2;IWI_IRQ_work_interrupts_CPU1;32_IR-PCI-MSI_3670019-edge_eno1-TxRx-2_CPU1;38_IR-PCI-MSI_524293-edge_nvme0q5_CPU3;54_IR-PCI-MSI_512000-edge_ahci[0000:00:1f.2]_CPU2;97_IR-PCI-MSI_2099202-edge_eno8-TxRx-2_CPU2;92_IR-PCI-MSI_2097156-edge_eno7_CPU2;50_IR-PCI-MSI_2361344-edge_vfio-msix[0](0000:04:10.1)_CPU0;97_IR-PCI-MSI_2099202-edge_eno8-TxRx-2_CPU1;98_IR-PCI-MSI_2099203-edge_eno8-TxRx-3_CPU0;18_IR-IO-APIC_18-fasteoi_ehci_hcd:usb1,_i801_smbus,_ehci_hcd:usb4_CPU1;31_IR-PCI-MSI_3670018-edge_eno1-TxRx-1_CPU3;HRE_Hyper-V_reenlightenment_interrupts_CPU0;37_IR-PCI-MSI_524292-edge_nvme0q4_CPU1;8_IR-IO-APIC_8-edge_rtc0_CPU2;RTR_APIC_ICR_read_retries_CPU2;RES_Rescheduling_interrupts_CPU2;24_DMAR-MSI_0-edge_dmar0_CPU2;4_IR-IO-APIC_4-edge_ttyS0_CPU1;41_IR-PCI-MSI_524296-edge_nvme0q8_CPU1;41_IR-PCI-MSI_524296-edge_nvme0q8_CPU0;SPU_Spurious_interrupts_CPU0;PIW_Posted-interrupt_wakeup_event_CPU2;50_IR-PCI-MSI_2361344-edge_vfio-msix[0](0000:04:10.1)_CPU2;38_IR-PCI-MSI_524293-edge_nvme0q5_CPU1;54_IR-PCI-MSI_512000-edge_ahci[0000:00:1f.2]_CPU0;35_IR-PCI-MSI_524290-edge_nvme0q2_CPU0;PIW_Posted-interrupt_wakeup_event_CPU3;NMI_Non-maskable_interrupts_CPU3;91_IR-PCI-MSI_2097155-edge_eno7-TxRx-3_CPU0;28_IR-PCI-MSI_524288-edge_nvme0q0_CPU0;9_IR-IO-APIC_9-fasteoi_acpi_CPU3;40_IR-PCI-MSI_524295-edge_nvme0q7_CPU3;HVS_Hyper-V_stimer0_interrupts_CPU2;PIN_Posted-interrupt_notification_event_CPU1;36_IR-PCI-MSI_524291-edge_nvme0q3_CPU2;HVS_Hyper-V_stimer0_interrupts_CPU0;MCP_Machine_check_polls_CPU0;NPI_Nested_posted-interrupt_event_CPU0;RTR_APIC_ICR_read_retries_CPU0;TLB_TLB_shootdowns_CPU2;29_IR-PCI-MSI_3670016-edge_eno1_CPU1;36_IR-PCI-MSI_524291-edge_nvme0q3_CPU0;42_IR-PCI-MSI_1579008-edge_ioat-msix_CPU0;PIN_Posted-interrupt_notification_event_CPU0;51_IR-PCI-MSI_2097152-edge_eno7-TxRx-0_CPU2;PIW_Posted-interrupt_wakeup_event_CPU0;32_IR-PCI-MSI_3670019-edge_eno1-TxRx-2_CPU2;36_IR-PCI-MSI_524291-edge_nvme0q3_CPU3;53_IR-PCI-MSI_2097154-edge_eno7-TxRx-2_CPU0;92_IR-PCI-MSI_2097156-edge_eno7_CPU1;PMI_Performance_monitoring_interrupts_CPU0;29_IR-PCI-MSI_3670016-edge_eno1_CPU0;CAL_Function_call_interrupts_CPU1;NPI_Nested_posted-interrupt_event_CPU3;PMI_Performance_monitoring_interrupts_CPU2;38_IR-PCI-MSI_524293-edge_nvme0q5_CPU2;38_IR-PCI-MSI_524293-edge_nvme0q5_CPU0;LOC_Local_timer_interrupts_CPU1;MCP_Machine_check_polls_CPU2;30_IR-PCI-MSI_3670017-edge_eno1-TxRx-0_CPU2;27_IR-PCI-MSI_1576960-edge_ioat-msix_CPU3;42_IR-PCI-MSI_1579008-edge_ioat-msix_CPU1;42_IR-PCI-MSI_1579008-edge_ioat-msix_CPU2;37_IR-PCI-MSI_524292-edge_nvme0q4_CPU2
676;61984;49949;0;0;0;0;0;0;357216;0;0;0;0;0;0;1;0;49952;0;0;0;0;0;29;0;0;0;0;0;0;0;52;0;0;0;0;0;0;0;2;1;0;0;0;91612;0;0;0;0;0;23;0;0;0;0;0;0;0;0;0;21;0;0;0;0;0;0;0;0;0;0;0;0;443;0;0;17;0;0;0;0;2;1;0;0;41;1;1;0;0;0;0;0;0;0;0;0;0;0;0;0;0;0;0;0;676;0;0;0;0;0;0;12081;0;120;0;57923;48298;0;0;0;0;0;0;49;0;11461;0;24;0;0;28;0;0;0;678;0;12087;0;0;0;0;0;0;54;0;2;0;676;27658;678;0;0;0;82;154;0;0;0;0;0;0;0;0;0;0;206042;0;0;0;0;0;0;0;676;0;0;0;0;0;0;19;0;0;0;0;0;0;0;0;0;0;0;0;678;22;0;0;0;1;0;0;1;0;3;120;0;0;2;0;0;0;0;0;678;0;0;1;73513;0;0;0;0;45639;1;0;0;0;0;0
676;61986;49949;0;0;0;0;0;0;357468;0;0;0;0;0;0;1;0;49952;0;0;0;0;0;29;0;0;0;0;0;0;0;52;0;0;0;0;0;0;0;2;1;0;0;0;91677;0;0;0;0;0;23;0;0;0;0;0;0;0;0;0;21;0;0;0;0;0;0;0;0;0;0;0;0;443;0;0;17;0;0;0;0;2;1;0;0;41;1;1;0;0;0;0;0;0;0;0;0;0;0;0;0;0;0;0;0;676;0;0;0;0;0;0;12081;0;120;0;57924;48299;0;0;0;0;0;0;49;0;11463;0;24;0;0;28;0;0;0;678;0;12087;0;0;0;0;0;0;54;0;2;0;676;27659;678;0;0;0;1001964;154;0;0;0;0;0;0;0;0;0;0;206044;0;0;0;0;0;0;0;676;0;0;0;0;0;0;19;0;0;0;0;0;0;0;0;0;0;0;0;678;22;0;0;0;1;0;0;1;0;3;120;0;0;2;0;0;0;0;0;678;0;0;1;73515;0;0;0;0;45642;1;0;0;0;0;0
677;61988;49949;0;0;0;0;0;0;357722;0;0;0;0;0;0;1;0;49952;0;0;0;0;0;29;0;0;0;0;0;0;0;52;0;0;0;0;0;0;0;2;1;0;0;0;91741;0;0;0;0;0;23;0;0;0;0;0;0;0;0;0;21;0;0;0;0;0;0;0;0;0;0;0;0;443;0;0;17;0;0;0;0;2;1;0;0;41;1;1;0;0;0;0;0;0;0;0;0;0;0;0;0;0;0;0;0;677;0;0;0;0;0;0;12081;0;120;0;57924;48299;0;0;0;0;0;0;49;0;11464;0;24;0;0;28;0;0;0;679;0;12087;0;0;0;0;0;0;54;0;2;0;677;27659;679;0;0;0;2002953;154;0;0;0;0;0;0;0;0;0;0;206049;0;0;0;0;0;0;0;677;0;0;0;0;0;0;19;0;0;0;0;0;0;0;0;0;0;0;0;679;22;0;0;0;1;0;0;1;0;3;120;0;0;2;0;0;0;0;0;679;0;0;1;73517;0;0;0;0;45647;1;0;0;0;0;0
677;61990;49949;0;0;0;0;0;0;357975;0;0;0;0;0;0;1;0;49952;0;0;0;0;0;29;0;0;0;0;0;0;0;52;0;0;0;0;0;0;0;2;1;0;0;0;91809;0;0;0;0;0;23;0;0;0;0;0;0;0;0;0;21;0;0;0;0;0;0;0;0;0;0;0;0;443;0;0;17;0;0;0;0;2;1;0;0;41;1;1;0;0;0;0;0;0;0;0;0;0;0;0;0;0;0;0;0;677;0;0;0;0;0;0;12081;0;120;0;57928;48300;0;0;0;0;0;0;49;0;11472;0;24;0;0;28;0;0;0;679;0;12087;0;0;0;0;0;0;54;0;2;0;677;27660;679;0;0;0;3003964;154;0;0;0;0;0;0;0;0;0;0;206053;0;0;0;0;0;0;0;677;0;0;0;0;0;0;19;0;0;0;0;0;0;0;0;0;0;0;0;679;22;0;0;0;1;0;0;1;0;3;120;0;0;2;0;0;0;0;0;679;0;0;1;73519;0;0;0;0;45651;1;0;0;0;0;0
678;61992;49949;0;0;0;0;0;0;358228;0;0;0;0;0;0;1;0;49952;0;0;0;0;0;29;0;0;0;0;0;0;0;52;0;0;0;0;0;0;0;2;1;0;0;0;91874;0;0;0;0;0;23;0;0;0;0;0;0;0;0;0;21;0;0;0;0;0;0;0;0;0;0;0;0;443;0;0;17;0;0;0;0;2;1;0;0;41;1;1;0;0;0;0;0;0;0;0;0;0;0;0;0;0;0;0;0;678;0;0;0;0;0;0;12081;0;120;0;57928;48300;0;0;0;0;0;0;49;0;11473;0;24;0;0;28;0;0;0;680;0;12087;0;0;0;0;0;0;54;0;2;0;678;27660;680;0;0;0;4004975;154;0;0;0;0;0;0;0;0;0;0;206055;0;0;0;0;0;0;0;678;0;0;0;0;0;0;19;0;0;0;0;0;0;0;0;0;0;0;0;680;22;0;0;0;1;0;0;1;0;3;120;0;0;2;0;0;0;0;0;680;0;0;1;73521;0;0;0;0;45654;1;0;0;0;0;0
678;61995;49949;0;0;0;0;0;0;358480;0;0;0;0;0;0;1;0;49952;0;0;0;0;0;29;0;0;0;0;0;0;0;52;0;0;0;0;0;0;0;2;1;0;0;0;91939;0;0;0;0;0;23;0;0;0;0;0;0;0;0;0;21;0;0;0;0;0;0;0;0;0;0;0;0;443;0;0;17;0;0;0;0;2;1;0;0;41;1;1;0;0;0;0;0;0;0;0;0;0;0;0;0;0;0;0;0;678;0;0;0;0;0;0;12081;0;120;0;57929;48301;0;0;0;0;0;0;49;0;11476;0;24;0;0;28;0;0;0;680;0;12087;0;0;0;0;0;0;54;0;2;0;678;27662;680;0;0;0;5005997;154;0;0;0;0;0;0;0;0;0;0;206058;0;0;0;0;0;0;0;678;0;0;0;0;0;0;19;0;0;0;0;0;0;0;0;0;0;0;0;680;22;0;0;0;1;0;0;1;0;3;120;0;0;2;0;0;0;0;0;680;0;0;1;73524;0;0;0;0;45658;1;0;0;0;0;0
679;61997;49949;0;0;0;0;0;0;358732;0;0;0;0;0;0;1;0;49952;0;0;0;0;0;29;0;0;0;0;0;0;0;52;0;0;0;0;0;0;0;2;1;0;0;0;92002;0;0;0;0;0;23;0;0;0;0;0;0;0;0;0;21;0;0;0;0;0;0;0;0;0;0;0;0;443;0;0;17;0;0;0;0;2;1;0;0;41;1;1;0;0;0;0;0;0;0;0;0;0;0;0;0;0;0;0;0;679;0;0;0;0;0;0;12081;0;120;0;57929;48301;0;0;0;0;0;0;49;0;11477;0;24;0;0;28;0;0;0;681;0;12087;0;0;0;0;0;0;54;0;2;0;679;27662;681;0;0;0;6006919;154;0;0;0;0;0;0;0;0;0;0;206063;0;0;0;0;0;0;0;679;0;0;0;0;0;0;19;0;0;0;0;0;0;0;0;0;0;0;0;681;22;0;0;0;1;0;0;1;0;3;120;0;0;2;0;0;0;0;0;681;0;0;1;73526;0;0;0;0;45663;1;0;0;0;0;0
679;61999;49949;0;0;0;0;0;0;358985;0;0;0;0;0;0;1;0;49952;0;0;0;0;0;29;0;0;0;0;0;0;0;52;0;0;0;0;0;0;0;2;1;0;0;0;92067;0;0;0;0;0;23;0;0;0;0;0;0;0;0;0;21;0;0;0;0;0;0;0;0;0;0;0;0;443;0;0;17;0;0;0;0;2;1;0;0;41;1;1;0;0;0;0;0;0;0;0;0;0;0;0;0;0;0;0;0;679;0;0;0;0;0;0;12081;0;120;0;57931;48302;0;0;0;0;0;0;49;0;11479;0;24;0;0;28;0;0;0;681;0;12087;0;0;0;0;0;0;54;0;2;0;679;27663;681;0;0;0;7007953;154;0;0;0;0;0;0;0;0;0;0;206065;0;0;0;0;0;0;0;679;0;0;0;0;0;0;19;0;0;0;0;0;0;0;0;0;0;0;0;681;22;0;0;0;1;0;0;1;0;3;120;0;0;2;0;0;0;0;0;681;0;0;1;73528;0;0;0;0;45666;1;0;0;0;0;0
680;62008;49949;0;0;0;0;0;0;359239;0;0;0;0;0;0;1;0;49952;0;0;0;0;0;29;0;0;0;0;0;0;0;52;0;0;0;0;0;0;0;2;1;0;0;0;92134;0;0;0;0;0;23;0;0;0;0;0;0;0;0;0;21;0;0;0;0;0;0;0;0;0;0;0;0;443;0;0;17;0;0;0;0;2;1;0;0;41;1;1;0;0;0;0;0;0;0;0;0;0;0;0;0;0;0;0;0;680;0;0;0;0;0;0;12081;0;120;0;57945;48302;0;0;0;0;0;0;49;0;11489;0;25;0;0;28;0;0;0;683;0;12087;0;0;0;0;0;0;54;0;2;0;680;27663;683;0;0;0;8008978;154;0;0;0;0;0;0;0;0;0;0;206075;0;0;0;0;0;0;0;680;0;0;0;0;0;0;19;0;0;0;0;0;0;0;0;0;0;0;0;683;22;0;0;0;1;0;0;1;0;3;120;0;0;2;0;0;0;0;0;683;0;0;1;73537;0;0;0;0;45673;1;0;0;0;0;0
681;62012;49949;0;0;0;0;0;0;359491;0;0;0;0;0;0;1;0;49952;0;0;0;0;0;29;0;0;0;0;0;0;0;52;0;0;0;0;0;0;0;2;1;0;0;0;92203;0;0;0;0;0;24;0;0;0;0;0;0;0;0;0;21;0;0;0;0;0;0;0;0;0;0;0;0;443;0;0;17;0;0;0;0;2;1;0;0;41;1;1;0;0;0;0;0;0;0;0;0;0;0;0;0;0;0;0;0;681;0;0;0;0;0;0;12081;0;120;0;57952;48309;0;0;0;0;0;0;49;0;11490;0;25;0;0;28;0;0;0;683;0;12087;0;0;0;0;0;0;54;0;2;0;681;27669;683;0;0;0;9009999;154;0;0;0;0;0;0;0;0;0;0;206081;0;0;0;0;0;0;0;681;0;0;0;0;0;0;19;0;0;0;0;0;0;0;0;0;0;0;0;683;22;0;0;0;1;0;0;1;0;3;120;0;0;2;0;0;0;0;0;683;0;0;1;73541;0;0;0;0;45676;1;0;0;0;0;0
686;62014;49949;0;0;0;0;0;0;359745;0;0;0;0;0;0;1;0;49952;0;0;0;0;0;29;0;0;0;0;0;0;0;52;0;0;0;0;0;0;0;2;1;0;0;0;92272;0;0;0;0;0;25;0;0;0;0;0;0;0;0;0;21;0;0;0;0;0;0;0;0;0;0;0;0;443;0;0;17;0;0;0;0;2;1;0;0;41;1;1;0;0;0;0;0;0;0;0;0;0;0;0;0;0;0;0;0;686;0;0;0;0;0;0;12081;0;120;0;57952;48309;0;0;0;0;0;0;49;0;11491;0;27;0;0;28;0;0;0;687;0;12087;0;0;0;0;0;0;54;0;2;0;686;27669;687;0;0;0;10010938;154;0;0;0;0;0;0;0;0;0;0;206086;0;0;0;0;0;0;0;686;0;0;0;0;0;0;19;0;0;0;0;0;0;0;0;0;0;0;0;687;22;0;0;0;1;0;0;1;0;3;120;0;0;2;0;0;0;0;0;687;0;0;1;73543;0;0;0;0;45680;1;0;0;0;0;0
686;62016;49949;0;0;0;0;0;0;360000;0;0;0;0;0;0;1;0;49952;0;0;0;0;0;29;0;0;0;0;0;0;0;52;0;0;0;0;0;0;0;2;1;0;0;0;92337;0;0;0;0;0;25;0;0;0;0;0;0;0;0;0;21;0;0;0;0;0;0;0;0;0;0;0;0;443;0;0;17;0;0;0;0;2;1;0;0;41;1;1;0;0;0;0;0;0;0;0;0;0;0;0;0;0;0;0;0;686;0;0;0;0;0;0;12081;0;120;0;57953;48310;0;0;0;0;0;0;49;0;11493;0;27;0;0;28;0;0;0;687;0;12087;0;0;0;0;0;0;54;0;2;0;686;27670;687;0;0;0;11011943;154;0;0;0;0;0;0;0;0;0;0;206088;0;0;0;0;0;0;0;686;0;0;0;0;0;0;19;0;0;0;0;0;0;0;0;0;0;0;0;687;22;0;0;0;1;0;0;1;0;3;120;0;0;2;0;0;0;0;0;687;0;0;1;73545;0;0;0;0;45683;1;0;0;0;0;0
687;62018;49949;0;0;0;0;0;0;360253;0;0;0;0;0;0;1;0;49952;0;0;0;0;0;29;0;0;0;0;0;0;0;52;0;0;0;0;0;0;0;2;1;0;0;0;92402;0;0;0;0;0;25;0;0;0;0;0;0;0;0;0;21;0;0;0;0;0;0;0;0;0;0;0;0;443;0;0;17;0;0;0;0;2;1;0;0;41;1;1;0;0;0;0;0;0;0;0;0;0;0;0;0;0;0;0;0;687;0;0;0;0;0;0;12081;0;120;0;57953;48310;0;0;0;0;0;0;49;0;11494;0;28;0;0;28;0;0;0;690;0;12087;0;0;0;0;0;0;54;0;2;0;687;27670;690;0;0;0;12012961;154;0;0;0;0;0;0;0;0;0;0;206090;0;0;0;0;0;0;0;687;0;0;0;0;0;0;19;0;0;0;0;0;0;0;0;0;0;0;0;690;22;0;0;0;1;0;0;1;0;3;120;0;0;2;0;0;0;0;0;690;0;0;1;73547;0;0;0;0;45686;1;0;0;0;0;0
687;62022;49949;0;0;0;0;0;0;360506;0;0;0;0;0;0;1;0;49952;0;0;0;0;0;29;0;0;0;0;0;0;0;52;0;0;0;0;0;0;0;2;1;0;0;0;92468;0;0;0;0;0;25;0;0;0;0;0;0;0;0;0;21;0;0;0;0;0;0;0;0;0;0;0;0;443;0;0;17;0;0;0;0;2;1;0;0;41;1;1;0;0;0;0;0;0;0;0;0;0;0;0;0;0;0;0;0;687;0;0;0;0;0;0;12081;0;120;0;57954;48311;0;0;0;0;0;0;49;0;11500;0;28;0;0;28;0;0;0;690;0;12087;0;0;0;0;0;0;54;0;2;0;687;27671;690;0;0;0;13013973;154;0;0;0;0;0;0;0;0;0;0;206097;0;0;0;0;0;0;0;687;0;0;0;0;0;0;19;0;0;0;0;0;0;0;0;0;0;0;0;690;22;0;0;0;1;0;0;1;0;3;120;0;0;2;0;0;0;0;0;690;0;0;1;73551;0;0;0;0;45692;1;0;0;0;0;0
688;62024;49949;0;0;0;0;0;0;360758;0;0;0;0;0;0;1;0;49952;0;0;0;0;0;29;0;0;0;0;0;0;0;52;0;0;0;0;0;0;0;2;1;0;0;0;92534;0;0;0;0;0;25;0;0;0;0;0;0;0;0;0;21;0;0;0;0;0;0;0;0;0;0;0;0;443;0;0;17;0;0;0;0;2;1;0;0;41;1;1;0;0;0;0;0;0;0;0;0;0;0;0;0;0;0;0;0;688;0;0;0;0;0;0;12081;0;120;0;57954;48311;0;0;0;0;0;0;49;0;11501;0;28;0;0;28;0;0;0;691;0;12087;0;0;0;0;0;0;54;0;2;0;688;27671;691;0;0;0;14014919;154;0;0;0;0;0;0;0;0;0;0;206100;0;0;0;0;0;0;0;688;0;0;0;0;0;0;19;0;0;0;0;0;0;0;0;0;0;0;0;691;22;0;0;0;1;0;0;1;0;3;120;0;0;2;0;0;0;0;0;691;0;0;1;73553;0;0;0;0;45696;1;0;0;0;0;0
688;62026;49949;0;0;0;0;0;0;361011;0;0;0;0;0;0;1;0;49952;0;0;0;0;0;29;0;0;0;0;0;0;0;52;0;0;0;0;0;0;0;2;1;0;0;0;92598;0;0;0;0;0;25;0;0;0;0;0;0;0;0;0;21;0;0;0;0;0;0;0;0;0;0;0;0;443;0;0;17;0;0;0;0;2;1;0;0;41;1;1;0;0;0;0;0;0;0;0;0;0;0;0;0;0;0;0;0;688;0;0;0;0;0;0;12081;0;120;0;57955;48312;0;0;0;0;0;0;49;0;11503;0;28;0;0;28;0;0;0;691;0;12087;0;0;0;0;0;0;54;0;2;0;688;27672;691;0;0;0;15015933;154;0;0;0;0;0;0;0;0;0;0;206104;0;0;0;0;0;0;0;688;0;0;0;0;0;0;19;0;0;0;0;0;0;0;0;0;0;0;0;691;22;0;0;0;1;0;0;1;0;3;120;0;0;2;0;0;0;0;0;691;0;0;1;73555;0;0;0;0;45700;1;0;0;0;0;0
689;62028;49949;0;0;0;0;0;0;361264;0;0;0;0;0;0;1;0;49952;0;0;0;0;0;29;0;0;0;0;0;0;0;52;0;0;0;0;0;0;0;2;1;0;0;0;92662;0;0;0;0;0;25;0;0;0;0;0;0;0;0;0;21;0;0;0;0;0;0;0;0;0;0;0;0;443;0;0;17;0;0;0;0;2;1;0;0;41;1;1;0;0;0;0;0;0;0;0;0;0;0;0;0;0;0;0;0;689;0;0;0;0;0;0;12081;0;120;0;57955;48312;0;0;0;0;0;0;49;0;11504;0;28;0;0;28;0;0;0;692;0;12087;0;0;0;0;0;0;54;0;2;0;689;27673;692;0;0;0;16016944;154;0;0;0;0;0;0;0;0;0;0;206108;0;0;0;0;0;0;0;689;0;0;0;0;0;0;19;0;0;0;0;0;0;0;0;0;0;0;0;692;22;0;0;0;1;0;0;1;0;3;120;0;0;2;0;0;0;0;0;692;0;0;1;73557;0;0;0;0;45704;1;0;0;0;0;0
689;62031;49949;0;0;0;0;0;0;361517;0;0;0;0;0;0;1;0;49952;0;0;0;0;0;29;0;0;0;0;0;0;0;52;0;0;0;0;0;0;0;2;1;0;0;0;92727;0;0;0;0;0;25;0;0;0;0;0;0;0;0;0;21;0;0;0;0;0;0;0;0;0;0;0;0;443;0;0;17;0;0;0;0;2;1;0;0;41;1;1;0;0;0;0;0;0;0;0;0;0;0;0;0;0;0;0;0;689;0;0;0;0;0;0;12081;0;120;0;57956;48313;0;0;0;0;0;0;49;0;11507;0;28;0;0;28;0;0;0;692;0;12087;0;0;0;0;0;0;54;0;2;0;689;27674;692;0;0;0;17017962;154;0;0;0;0;0;0;0;0;0;0;206114;0;0;0;0;0;0;0;689;0;0;0;0;0;0;19;0;0;0;0;0;0;0;0;0;0;0;0;692;22;0;0;0;1;0;0;1;0;3;120;0;0;2;0;0;0;0;0;692;0;0;1;73560;0;0;0;0;45710;1;0;0;0;0;0
690;62034;49949;0;0;0;0;0;0;361769;0;0;0;0;0;0;1;0;49952;0;0;0;0;0;29;0;0;0;0;0;0;0;52;0;0;0;0;0;0;0;2;1;0;0;0;92792;0;0;0;0;0;25;0;0;0;0;0;0;0;0;0;21;0;0;0;0;0;0;0;0;0;0;0;0;443;0;0;17;0;0;0;0;2;1;0;0;41;1;1;0;0;0;0;0;0;0;0;0;0;0;0;0;0;0;0;0;690;0;0;0;0;0;0;12081;0;120;0;57956;48313;0;0;0;0;0;0;49;0;11509;0;28;0;0;28;0;0;0;693;0;12087;0;0;0;0;0;0;54;0;2;0;690;27674;693;0;0;0;18018923;154;0;0;0;0;0;0;0;0;0;0;206120;0;0;0;0;0;0;0;690;0;0;0;0;0;0;19;0;0;0;0;0;0;0;0;0;0;0;0;693;22;0;0;0;1;0;0;1;0;3;120;0;0;2;0;0;0;0;0;693;0;0;1;73563;0;0;0;0;45716;1;0;0;0;0;0
690;62037;49949;0;0;0;0;0;0;362022;0;0;0;0;0;0;1;0;49952;0;0;0;0;0;29;0;0;0;0;0;0;0;52;0;0;0;0;0;0;0;2;1;0;0;0;92856;0;0;0;0;0;25;0;0;0;0;0;0;0;0;0;21;0;0;0;0;0;0;0;0;0;0;0;0;443;0;0;17;0;0;0;0;2;1;0;0;41;1;1;0;0;0;0;0;0;0;0;0;0;0;0;0;0;0;0;0;690;0;0;0;0;0;0;12081;0;120;0;57957;48314;0;0;0;0;0;0;49;0;11512;0;28;0;0;28;0;0;0;693;0;12087;0;0;0;0;0;0;54;0;2;0;690;27675;693;0;0;0;19019934;154;0;0;0;0;0;0;0;0;0;0;206126;0;0;0;0;0;0;0;690;0;0;0;0;0;0;19;0;0;0;0;0;0;0;0;0;0;0;0;693;22;0;0;0;1;0;0;1;0;3;120;0;0;2;0;0;0;0;0;693;0;0;1;73566;0;0;0;0;45722;1;0;0;0;0;0
691;62040;49949;0;0;0;0;0;0;362276;0;0;0;0;0;0;1;0;49952;0;0;0;0;0;29;0;0;0;0;0;0;0;52;0;0;0;0;0;0;0;2;1;0;0;0;92920;0;0;0;0;0;25;0;0;0;0;0;0;0;0;0;21;0;0;0;0;0;0;0;0;0;0;0;0;443;0;0;17;0;0;0;0;2;1;0;0;41;1;1;0;0;0;0;0;0;0;0;0;0;0;0;0;0;0;0;0;691;0;0;0;0;0;0;12081;0;120;0;57957;48314;0;0;0;0;0;0;49;0;11514;0;28;0;0;28;0;0;0;694;0;12087;0;0;0;0;0;0;54;0;2;0;691;27675;694;0;0;0;20020954;154;0;0;0;0;0;0;0;0;0;0;206132;0;0;0;0;0;0;0;691;0;0;0;0;0;0;19;0;0;0;0;0;0;0;0;0;0;0;0;694;22;0;0;0;1;0;0;1;0;3;120;0;0;2;0;0;0;0;0;694;0;0;1;73569;0;0;0;0;45728;1;0;0;0;0;0
691;62043;49949;0;0;0;0;0;0;362528;0;0;0;0;0;0;1;0;49952;0;0;0;0;0;29;0;0;0;0;0;0;0;52;0;0;0;0;0;0;0;2;1;0;0;0;92985;0;0;0;0;0;25;0;0;0;0;0;0;0;0;0;21;0;0;0;0;0;0;0;0;0;0;0;0;443;0;0;17;0;0;0;0;2;1;0;0;41;1;1;0;0;0;0;0;0;0;0;0;0;0;0;0;0;0;0;0;691;0;0;0;0;0;0;12081;0;120;0;57958;48315;0;0;0;0;0;0;49;0;11517;0;28;0;0;28;0;0;0;694;0;12087;0;0;0;0;0;0;54;0;2;0;691;27676;694;0;0;0;21021965;154;0;0;0;0;0;0;0;0;0;0;206138;0;0;0;0;0;0;0;691;0;0;0;0;0;0;19;0;0;0;0;0;0;0;0;0;0;0;0;694;22;0;0;0;1;0;0;1;0;3;120;0;0;2;0;0;0;0;0;694;0;0;1;73572;0;0;0;0;45734;1;0;0;0;0;0
692;62045;49949;0;0;0;0;0;0;362780;0;0;0;0;0;0;1;0;49952;0;0;0;0;0;29;0;0;0;0;0;0;0;52;0;0;0;0;0;0;0;2;1;0;0;0;93050;0;0;0;0;0;25;0;0;0;0;0;0;0;0;0;21;0;0;0;0;0;0;0;0;0;0;0;0;443;0;0;17;0;0;0;0;2;1;0;0;41;1;1;0;0;0;0;0;0;0;0;0;0;0;0;0;0;0;0;0;692;0;0;0;0;0;0;12081;0;120;0;57958;48315;0;0;0;0;0;0;49;0;11518;0;28;0;0;28;0;0;0;694;0;12087;0;0;0;0;0;0;54;0;2;0;692;27676;694;0;0;0;22022917;154;0;0;0;0;0;0;0;0;0;0;206143;0;0;0;0;0;0;0;692;0;0;0;0;0;0;19;0;0;0;0;0;0;0;0;0;0;0;0;694;22;0;0;0;1;0;0;1;0;3;120;0;0;2;0;0;0;0;0;694;0;0;1;73574;0;0;0;0;45739;1;0;0;0;0;0
692;62048;49949;0;0;0;0;0;0;363033;0;0;0;0;0;0;1;0;49952;0;0;0;0;0;29;0;0;0;0;0;0;0;52;0;0;0;0;0;0;0;2;1;0;0;0;93115;0;0;0;0;0;25;0;0;0;0;0;0;0;0;0;21;0;0;0;0;0;0;0;0;0;0;0;0;443;0;0;17;0;0;0;0;2;1;0;0;41;1;1;0;0;0;0;0;0;0;0;0;0;0;0;0;0;0;0;0;692;0;0;0;0;0;0;12081;0;120;0;57963;48320;0;0;0;0;0;0;49;0;11519;0;28;0;0;28;0;0;0;695;0;12087;0;0;0;0;0;0;54;0;2;0;692;27680;695;0;0;0;23023954;154;0;0;0;0;0;0;0;0;0;0;206148;0;0;0;0;0;0;0;692;0;0;0;0;0;0;19;0;0;0;0;0;0;0;0;0;0;0;0;695;22;0;0;0;1;0;0;1;0;3;120;0;0;2;0;0;0;0;0;695;0;0;1;73577;0;0;0;0;45744;1;0;0;0;0;0
693;62050;49949;0;0;0;0;0;0;363287;0;0;0;0;0;0;1;0;49952;0;0;0;0;0;29;0;0;0;0;0;0;0;52;0;0;0;0;0;0;0;2;1;0;0;0;93182;0;0;0;0;0;25;0;0;0;0;0;0;0;0;0;21;0;0;0;0;0;0;0;0;0;0;0;0;443;0;0;17;0;0;0;0;2;1;0;0;41;1;1;0;0;0;0;0;0;0;0;0;0;0;0;0;0;0;0;0;693;0;0;0;0;0;0;12081;0;120;0;57963;48320;0;0;0;0;0;0;49;0;11520;0;28;0;0;28;0;0;0;695;0;12087;0;0;0;0;0;0;54;0;2;0;693;27680;695;0;0;0;24024975;154;0;0;0;0;0;0;0;0;0;0;206152;0;0;0;0;0;0;0;693;0;0;0;0;0;0;19;0;0;0;0;0;0;0;0;0;0;0;0;695;22;0;0;0;1;0;0;1;0;3;120;0;0;2;0;0;0;0;0;695;0;0;1;73579;0;0;0;0;45748;1;0;0;0;0;0
693;62055;49949;0;0;0;0;0;0;363539;0;0;0;0;0;0;1;0;49952;0;0;0;0;0;29;0;0;0;0;0;0;0;52;0;0;0;0;0;0;0;2;1;0;0;0;93247;0;0;0;0;0;25;0;0;0;0;0;0;0;0;0;21;0;0;0;0;0;0;0;0;0;0;0;0;443;0;0;17;0;0;0;0;2;1;0;0;41;1;1;0;0;0;0;0;0;0;0;0;0;0;0;0;0;0;0;0;693;0;0;0;0;0;0;12081;0;120;0;57973;48326;0;0;0;0;0;0;49;0;11525;0;28;0;0;28;0;0;0;696;0;12087;0;0;0;0;0;0;54;0;2;0;693;27681;696;0;0;0;25025990;154;0;0;0;0;0;0;0;0;0;0;206161;0;0;0;0;0;0;0;693;0;0;0;0;0;0;19;0;0;0;0;0;0;0;0;0;0;0;0;696;22;0;0;0;1;0;0;1;0;3;120;0;0;2;0;0;0;0;0;696;0;0;1;73584;0;0;0;0;45754;1;0;0;0;0;0
694;62058;49949;0;0;0;0;0;0;363792;0;0;0;0;0;0;1;0;49952;0;0;0;0;0;29;0;0;0;0;0;0;0;52;0;0;0;0;0;0;0;2;1;0;0;0;93311;0;0;0;0;0;25;0;0;0;0;0;0;0;0;0;21;0;0;0;0;0;0;0;0;0;0;0;0;443;0;0;17;0;0;0;0;2;1;0;0;41;1;1;0;0;0;0;0;0;0;0;0;0;0;0;0;0;0;0;0;694;0;0;0;0;0;0;12081;0;120;0;57973;48326;0;0;0;0;0;0;49;0;11526;0;28;0;0;28;0;0;0;696;0;12087;0;0;0;0;0;0;54;0;2;0;694;27681;696;0;0;0;26026923;154;0;0;0;0;0;0;0;0;0;0;206163;0;0;0;0;0;0;0;694;0;0;0;0;0;0;19;0;0;0;0;0;0;0;0;0;0;0;0;696;22;0;0;0;1;0;0;1;0;3;120;0;0;2;0;0;0;0;0;696;0;0;1;73587;0;0;0;0;45758;1;0;0;0;0;0
694;62059;49949;0;0;0;0;0;0;364046;0;0;0;0;0;0;1;0;49952;0;0;0;0;0;29;0;0;0;0;0;0;0;52;0;0;0;0;0;0;0;2;1;0;0;0;93375;0;0;0;0;0;25;0;0;0;0;0;0;0;0;0;21;0;0;0;0;0;0;0;0;0;0;0;0;443;0;0;17;0;0;0;0;2;1;0;0;41;1;1;0;0;0;0;0;0;0;0;0;0;0;0;0;0;0;0;0;694;0;0;0;0;0;0;12081;0;120;0;57974;48327;0;0;0;0;0;0;49;0;11527;0;28;0;0;28;0;0;0;697;0;12087;0;0;0;0;0;0;54;0;2;0;694;27682;697;0;0;0;27027937;154;0;0;0;0;0;0;0;0;0;0;206165;0;0;0;0;0;0;0;694;0;0;0;0;0;0;19;0;0;0;0;0;0;0;0;0;0;0;0;697;22;0;0;0;1;0;0;1;0;3;120;0;0;2;0;0;0;0;0;697;0;0;1;73588;0;0;0;0;45760;1;0;0;0;0;0
695;62060;49949;0;0;0;0;0;0;364299;0;0;0;0;0;0;1;0;49952;0;0;0;0;0;29;0;0;0;0;0;0;0;52;0;0;0;0;0;0;0;2;1;0;0;0;93439;0;0;0;0;0;25;0;0;0;0;0;0;0;0;0;21;0;0;0;0;0;0;0;0;0;0;0;0;443;0;0;17;0;0;0;0;2;1;0;0;41;1;1;0;0;0;0;0;0;0;0;0;0;0;0;0;0;0;0;0;695;0;0;0;0;0;0;12081;0;120;0;57974;48327;0;0;0;0;0;0;49;0;11527;0;28;0;0;28;0;0;0;697;0;12087;0;0;0;0;0;0;54;0;2;0;695;27682;697;0;0;0;28028949;154;0;0;0;0;0;0;0;0;0;0;206168;0;0;0;0;0;0;0;695;0;0;0;0;0;0;19;0;0;0;0;0;0;0;0;0;0;0;0;697;22;0;0;0;1;0;0;1;0;3;120;0;0;2;0;0;0;0;0;697;0;0;1;73589;0;0;0;0;45762;1;0;0;0;0;0
695;62062;49949;0;0;0;0;0;0;364552;0;0;0;0;0;0;1;0;49952;0;0;0;0;0;29;0;0;0;0;0;0;0;52;0;0;0;0;0;0;0;2;1;0;0;0;93503;0;0;0;0;0;25;0;0;0;0;0;0;0;0;0;21;0;0;0;0;0;0;0;0;0;0;0;0;443;0;0;17;0;0;0;0;2;1;0;0;41;1;1;0;0;0;0;0;0;0;0;0;0;0;0;0;0;0;0;0;695;0;0;0;0;0;0;12081;0;120;0;57975;48328;0;0;0;0;0;0;49;0;11529;0;28;0;0;28;0;0;0;698;0;12087;0;0;0;0;0;0;54;0;2;0;695;27683;698;0;0;0;29029966;154;0;0;0;0;0;0;0;0;0;0;206172;0;0;0;0;0;0;0;695;0;0;0;0;0;0;19;0;0;0;0;0;0;0;0;0;0;0;0;698;22;0;0;0;1;0;0;1;0;3;120;0;0;2;0;0;0;0;0;698;0;0;1;73591;0;0;0;0;45766;1;0;0;0;0;0
696;62064;49949;0;0;0;0;0;0;364804;0;0;0;0;0;0;1;0;49952;0;0;0;0;0;29;0;0;0;0;0;0;0;52;0;0;0;0;0;0;0;2;1;0;0;0;93567;0;0;0;0;0;25;0;0;0;0;0;0;0;0;0;21;0;0;0;0;0;0;0;0;0;0;0;0;443;0;0;17;0;0;0;0;2;1;0;0;41;1;1;0;0;0;0;0;0;0;0;0;0;0;0;0;0;0;0;0;696;0;0;0;0;0;0;12081;0;120;0;57975;48328;0;0;0;0;0;0;49;0;11530;0;28;0;0;28;0;0;0;698;0;12087;0;0;0;0;0;0;54;0;2;0;696;27683;698;0;0;0;30030921;154;0;0;0;0;0;0;0;0;0;0;206177;0;0;0;0;0;0;0;696;0;0;0;0;0;0;19;0;0;0;0;0;0;0;0;0;0;0;0;698;22;0;0;0;1;0;0;1;0;3;120;0;0;2;0;0;0;0;0;698;0;0;1;73593;0;0;0;0;45771;1;0;0;0;0;0
696;62066;49949;0;0;0;0;0;0;365057;0;0;0;0;0;0;1;0;49952;0;0;0;0;0;29;0;0;0;0;0;0;0;52;0;0;0;0;0;0;0;2;1;0;0;0;93631;0;0;0;0;0;25;0;0;0;0;0;0;0;0;0;21;0;0;0;0;0;0;0;0;0;0;0;0;443;0;0;17;0;0;0;0;2;1;0;0;41;1;1;0;0;0;0;0;0;0;0;0;0;0;0;0;0;0;0;0;696;0;0;0;0;0;0;12081;0;120;0;57976;48329;0;0;0;0;0;0;49;0;11532;0;28;0;0;28;0;0;0;699;0;12087;0;0;0;0;0;0;54;0;2;0;696;27684;699;0;0;0;31031933;154;0;0;0;0;0;0;0;0;0;0;206181;0;0;0;0;0;0;0;696;0;0;0;0;0;0;19;0;0;0;0;0;0;0;0;0;0;0;0;699;22;0;0;0;1;0;0;1;0;3;120;0;0;2;0;0;0;0;0;699;0;0;1;73595;0;0;0;0;45775;1;0;0;0;0;0
697;62070;49949;0;0;0;0;0;0;365310;0;0;0;0;0;0;1;0;49952;0;0;0;0;0;29;0;0;0;0;0;0;0;52;0;0;0;0;0;0;0;2;1;0;0;0;93697;0;0;0;0;0;25;0;0;0;0;0;0;0;0;0;21;0;0;0;0;0;0;0;0;0;0;0;0;443;0;0;17;0;0;0;0;2;1;0;0;41;1;1;0;0;0;0;0;0;0;0;0;0;0;0;0;0;0;0;0;697;0;0;0;0;0;0;12081;0;120;0;57981;48334;0;0;0;0;0;0;49;0;11535;0;28;0;0;28;0;0;0;699;0;12087;0;0;0;0;0;0;54;0;2;0;697;27684;699;0;0;0;32032955;154;0;0;0;0;0;0;0;0;0;0;206188;0;0;0;0;0;0;0;697;0;0;0;0;0;0;19;0;0;0;0;0;0;0;0;0;0;0;0;699;22;0;0;0;1;0;0;1;0;3;120;0;0;2;0;0;0;0;0;699;0;0;1;73599;0;0;0;0;45781;1;0;0;0;0;0
697;62075;49949;0;0;0;0;0;0;365563;0;0;0;0;0;0;1;0;49952;0;0;0;0;0;29;0;0;0;0;0;0;0;52;0;0;0;0;0;0;0;2;1;0;0;0;93766;0;0;0;0;0;25;0;0;0;0;0;0;0;0;0;21;0;0;0;0;0;0;0;0;0;0;0;0;443;0;0;17;0;0;0;0;2;1;0;0;41;1;1;0;0;0;0;0;0;0;0;0;0;0;0;0;0;0;0;0;697;0;0;0;0;0;0;12081;0;120;0;57994;48335;0;0;0;0;0;0;49;0;11537;0;28;0;0;28;0;0;0;700;0;12087;0;0;0;0;0;0;54;0;2;0;697;27688;700;0;0;0;33033973;154;0;0;0;0;0;0;0;0;0;0;206196;0;0;0;0;0;0;0;697;0;0;0;0;0;0;19;0;0;0;0;0;0;0;0;0;0;0;0;700;22;0;0;0;1;0;0;1;0;3;120;0;0;2;0;0;0;0;0;700;0;0;1;73604;0;0;0;0;45786;1;0;0;0;0;0
698;62077;49949;0;0;0;0;0;0;365815;0;0;0;0;0;0;1;0;49952;0;0;0;0;0;29;0;0;0;0;0;0;0;52;0;0;0;0;0;0;0;2;1;0;0;0;93829;0;0;0;0;0;25;0;0;0;0;0;0;0;0;0;21;0;0;0;0;0;0;0;0;0;0;0;0;443;0;0;17;0;0;0;0;2;1;0;0;41;1;1;0;0;0;0;0;0;0;0;0;0;0;0;0;0;0;0;0;698;0;0;0;0;0;0;12081;0;120;0;57994;48335;0;0;0;0;0;0;49;0;11538;0;28;0;0;28;0;0;0;700;0;12087;0;0;0;0;0;0;54;0;2;0;698;27688;700;0;0;0;34034918;154;0;0;0;0;0;0;0;0;0;0;206201;0;0;0;0;0;0;0;698;0;0;0;0;0;0;19;0;0;0;0;0;0;0;0;0;0;0;0;700;22;0;0;0;1;0;0;1;0;3;120;0;0;2;0;0;0;0;0;700;0;0;1;73606;0;0;0;0;45791;1;0;0;0;0;0
698;62079;49949;0;0;0;0;0;0;366069;0;0;0;0;0;0;1;0;49952;0;0;0;0;0;29;0;0;0;0;0;0;0;52;0;0;0;0;0;0;0;2;1;0;0;0;93893;0;0;0;0;0;25;0;0;0;0;0;0;0;0;0;21;0;0;0;0;0;0;0;0;0;0;0;0;443;0;0;17;0;0;0;0;2;1;0;0;41;1;1;0;0;0;0;0;0;0;0;0;0;0;0;0;0;0;0;0;698;0;0;0;0;0;0;12081;0;120;0;57995;48336;0;0;0;0;0;0;49;0;11540;0;28;0;0;28;0;0;0;701;0;12087;0;0;0;0;0;0;54;0;2;0;698;27689;701;0;0;0;35035934;154;0;0;0;0;0;0;0;0;0;0;206205;0;0;0;0;0;0;0;698;0;0;0;0;0;0;19;0;0;0;0;0;0;0;0;0;0;0;0;701;22;0;0;0;1;0;0;1;0;3;120;0;0;2;0;0;0;0;0;701;0;0;1;73608;0;0;0;0;45795;1;0;0;0;0;0
698;62081;49949;0;0;0;0;0;0;366322;0;0;0;0;0;0;1;0;49952;0;0;0;0;0;29;0;0;0;0;0;0;0;52;0;0;0;0;0;0;0;2;1;0;0;0;93957;0;0;0;0;0;25;0;0;0;0;0;0;0;0;0;21;0;0;0;0;0;0;0;0;0;0;0;0;443;0;0;17;0;0;0;0;2;1;0;0;41;1;1;0;0;0;0;0;0;0;0;0;0;0;0;0;0;0;0;0;698;0;0;0;0;0;0;12081;0;120;0;57995;48336;0;0;0;0;0;0;49;0;11541;0;28;0;0;28;0;0;0;701;0;12087;0;0;0;0;0;0;54;0;2;0;698;27689;701;0;0;0;36036944;154;0;0;0;0;0;0;0;0;0;0;206209;0;0;0;0;0;0;0;698;0;0;0;0;0;0;19;0;0;0;0;0;0;0;0;0;0;0;0;701;22;0;0;0;1;0;0;1;0;3;120;0;0;2;0;0;0;0;0;701;0;0;1;73610;0;0;0;0;45799;1;0;0;0;0;0
699;62083;49949;0;0;0;0;0;0;366574;0;0;0;0;0;0;1;0;49952;0;0;0;0;0;29;0;0;0;0;0;0;0;52;0;0;0;0;0;0;0;2;1;0;0;0;94021;0;0;0;0;0;25;0;0;0;0;0;0;0;0;0;21;0;0;0;0;0;0;0;0;0;0;0;0;443;0;0;17;0;0;0;0;2;1;0;0;41;1;1;0;0;0;0;0;0;0;0;0;0;0;0;0;0;0;0;0;699;0;0;0;0;0;0;12081;0;120;0;57996;48337;0;0;0;0;0;0;49;0;11543;0;28;0;0;28;0;0;0;702;0;12087;0;0;0;0;0;0;54;0;2;0;699;27690;702;0;0;0;37037958;154;0;0;0;0;0;0;0;0;0;0;206213;0;0;0;0;0;0;0;699;0;0;0;0;0;0;19;0;0;0;0;0;0;0;0;0;0;0;0;702;22;0;0;0;1;0;0;1;0;3;120;0;0;2;0;0;0;0;0;702;0;0;1;73612;0;0;0;0;45803;1;0;0;0;0;0
699;62085;49949;0;0;0;0;0;0;366827;0;0;0;0;0;0;1;0;49952;0;0;0;0;0;29;0;0;0;0;0;0;0;52;0;0;0;0;0;0;0;2;1;0;0;0;94086;0;0;0;0;0;25;0;0;0;0;0;0;0;0;0;21;0;0;0;0;0;0;0;0;0;0;0;0;443;0;0;17;0;0;0;0;2;1;0;0;41;1;1;0;0;0;0;0;0;0;0;0;0;0;0;0;0;0;0;0;699;0;0;0;0;0;0;12081;0;120;0;57996;48337;0;0;0;0;0;0;49;0;11544;0;28;0;0;28;0;0;0;702;0;12087;0;0;0;0;0;0;54;0;2;0;699;27690;702;0;0;0;38038926;154;0;0;0;0;0;0;0;0;0;0;206216;0;0;0;0;0;0;0;699;0;0;0;0;0;0;19;0;0;0;0;0;0;0;0;0;0;0;0;702;22;0;0;0;1;0;0;1;0;3;120;0;0;2;0;0;0;0;0;702;0;0;1;73614;0;0;0;0;45806;1;0;0;0;0;0
700;62087;49949;0;0;0;0;0;0;367080;0;0;0;0;0;0;1;0;49952;0;0;0;0;0;29;0;0;0;0;0;0;0;52;0;0;0;0;0;0;0;2;1;0;0;0;94149;0;0;0;0;0;25;0;0;0;0;0;0;0;0;0;21;0;0;0;0;0;0;0;0;0;0;0;0;443;0;0;17;0;0;0;0;2;1;0;0;41;1;1;0;0;0;0;0;0;0;0;0;0;0;0;0;0;0;0;0;700;0;0;0;0;0;0;12081;0;120;0;57997;48338;0;0;0;0;0;0;49;0;11546;0;28;0;0;28;0;0;0;703;0;12087;0;0;0;0;0;0;54;0;2;0;700;27691;703;0;0;0;39039939;154;0;0;0;0;0;0;0;0;0;0;206220;0;0;0;0;0;0;0;700;0;0;0;0;0;0;19;0;0;0;0;0;0;0;0;0;0;0;0;703;22;0;0;0;1;0;0;1;0;3;120;0;0;2;0;0;0;0;0;703;0;0;1;73616;0;0;0;0;45810;1;0;0;0;0;0
700;62089;49949;0;0;0;0;0;0;367333;0;0;0;0;0;0;1;0;49952;0;0;0;0;0;29;0;0;0;0;0;0;0;52;0;0;0;0;0;0;0;2;1;0;0;0;94214;0;0;0;0;0;25;0;0;0;0;0;0;0;0;0;21;0;0;0;0;0;0;0;0;0;0;0;0;443;0;0;17;0;0;0;0;2;1;0;0;41;1;1;0;0;0;0;0;0;0;0;0;0;0;0;0;0;0;0;0;700;0;0;0;0;0;0;12081;0;120;0;57997;48338;0;0;0;0;0;0;49;0;11547;0;28;0;0;28;0;0;0;703;0;12087;0;0;0;0;0;0;54;0;2;0;700;27691;703;0;0;0;40040954;154;0;0;0;0;0;0;0;0;0;0;206224;0;0;0;0;0;0;0;700;0;0;0;0;0;0;19;0;0;0;0;0;0;0;0;0;0;0;0;703;22;0;0;0;1;0;0;1;0;3;120;0;0;2;0;0;0;0;0;703;0;0;1;73618;0;0;0;0;45814;1;0;0;0;0;0
701;62091;49949;0;0;0;0;0;0;367586;0;0;0;0;0;0;1;0;49952;0;0;0;0;0;29;0;0;0;0;0;0;0;52;0;0;0;0;0;0;0;2;1;0;0;0;94278;0;0;0;0;0;25;0;0;0;0;0;0;0;0;0;21;0;0;0;0;0;0;0;0;0;0;0;0;443;0;0;17;0;0;0;0;2;1;0;0;41;1;1;0;0;0;0;0;0;0;0;0;0;0;0;0;0;0;0;0;701;0;0;0;0;0;0;12081;0;120;0;57998;48339;0;0;0;0;0;0;49;0;11549;0;28;0;0;28;0;0;0;704;0;12087;0;0;0;0;0;0;54;0;2;0;701;27692;704;0;0;0;41041971;154;0;0;0;0;0;0;0;0;0;0;206229;0;0;0;0;0;0;0;701;0;0;0;0;0;0;19;0;0;0;0;0;0;0;0;0;0;0;0;704;22;0;0;0;1;0;0;1;0;3;120;0;0;2;0;0;0;0;0;704;0;0;1;73620;0;0;0;0;45818;1;0;0;0;0;0
701;62092;49949;0;0;0;0;0;0;367838;0;0;0;0;0;0;1;0;49952;0;0;0;0;0;29;0;0;0;0;0;0;0;52;0;0;0;0;0;0;0;2;1;0;0;0;94342;0;0;0;0;0;25;0;0;0;0;0;0;0;0;0;21;0;0;0;0;0;0;0;0;0;0;0;0;443;0;0;17;0;0;0;0;2;1;0;0;41;1;1;0;0;0;0;0;0;0;0;0;0;0;0;0;0;0;0;0;701;0;0;0;0;0;0;12081;0;120;0;57998;48339;0;0;0;0;0;0;49;0;11549;0;28;0;0;28;0;0;0;704;0;12087;0;0;0;0;0;0;54;0;2;0;701;27692;704;0;0;0;42042927;154;0;0;0;0;0;0;0;0;0;0;206232;0;0;0;0;0;0;0;701;0;0;0;0;0;0;19;0;0;0;0;0;0;0;0;0;0;0;0;704;22;0;0;0;1;0;0;1;0;3;120;0;0;2;0;0;0;0;0;704;0;0;1;73621;0;0;0;0;45821;1;0;0;0;0;0
702;62094;49949;0;0;0;0;0;0;368091;0;0;0;0;0;0;1;0;49952;0;0;0;0;0;29;0;0;0;0;0;0;0;52;0;0;0;0;0;0;0;2;1;0;0;0;94406;0;0;0;0;0;25;0;0;0;0;0;0;0;0;0;21;0;0;0;0;0;0;0;0;0;0;0;0;443;0;0;17;0;0;0;0;2;1;0;0;41;1;1;0;0;0;0;0;0;0;0;0;0;0;0;0;0;0;0;0;702;0;0;0;0;0;0;12081;0;120;0;57999;48340;0;0;0;0;0;0;49;0;11551;0;28;0;0;28;0;0;0;705;0;12087;0;0;0;0;0;0;54;0;2;0;702;27693;705;0;0;0;43043937;154;0;0;0;0;0;0;0;0;0;0;206236;0;0;0;0;0;0;0;702;0;0;0;0;0;0;19;0;0;0;0;0;0;0;0;0;0;0;0;705;22;0;0;0;1;0;0;1;0;3;120;0;0;2;0;0;0;0;0;705;0;0;1;73623;0;0;0;0;45825;1;0;0;0;0;0
702;62096;49949;0;0;0;0;0;0;368344;0;0;0;0;0;0;1;0;49952;0;0;0;0;0;29;0;0;0;0;0;0;0;52;0;0;0;0;0;0;0;2;1;0;0;0;94471;0;0;0;0;0;25;0;0;0;0;0;0;0;0;0;21;0;0;0;0;0;0;0;0;0;0;0;0;443;0;0;17;0;0;0;0;2;1;0;0;41;1;1;0;0;0;0;0;0;0;0;0;0;0;0;0;0;0;0;0;702;0;0;0;0;0;0;12081;0;120;0;57999;48340;0;0;0;0;0;0;49;0;11552;0;28;0;0;28;0;0;0;705;0;12087;0;0;0;0;0;0;54;0;2;0;702;27693;705;0;0;0;44044952;154;0;0;0;0;0;0;0;0;0;0;206240;0;0;0;0;0;0;0;702;0;0;0;0;0;0;19;0;0;0;0;0;0;0;0;0;0;0;0;705;22;0;0;0;1;0;0;1;0;3;120;0;0;2;0;0;0;0;0;705;0;0;1;73625;0;0;0;0;45829;1;0;0;0;0;0
703;62098;49949;0;0;0;0;0;0;368596;0;0;0;0;0;0;1;0;49952;0;0;0;0;0;29;0;0;0;0;0;0;0;52;0;0;0;0;0;0;0;2;1;0;0;0;94535;0;0;0;0;0;25;0;0;0;0;0;0;0;0;0;21;0;0;0;0;0;0;0;0;0;0;0;0;443;0;0;17;0;0;0;0;2;1;0;0;41;1;1;0;0;0;0;0;0;0;0;0;0;0;0;0;0;0;0;0;703;0;0;0;0;0;0;12081;0;120;0;58000;48341;0;0;0;0;0;0;49;0;11554;0;28;0;0;28;0;0;0;706;0;12087;0;0;0;0;0;0;54;0;2;0;703;27694;706;0;0;0;45045964;154;0;0;0;0;0;0;0;0;0;0;206244;0;0;0;0;0;0;0;703;0;0;0;0;0;0;19;0;0;0;0;0;0;0;0;0;0;0;0;706;22;0;0;0;1;0;0;1;0;3;120;0;0;2;0;0;0;0;0;706;0;0;1;73627;0;0;0;0;45833;1;0;0;0;0;0
703;62100;49949;0;0;0;0;0;0;368848;0;0;0;0;0;0;1;0;49952;0;0;0;0;0;29;0;0;0;0;0;0;0;52;0;0;0;0;0;0;0;2;1;0;0;0;94599;0;0;0;0;0;25;0;0;0;0;0;0;0;0;0;21;0;0;0;0;0;0;0;0;0;0;0;0;443;0;0;17;0;0;0;0;2;1;0;0;41;1;1;0;0;0;0;0;0;0;0;0;0;0;0;0;0;0;0;0;703;0;0;0;0;0;0;12081;0;120;0;58000;48341;0;0;0;0;0;0;49;0;11555;0;28;0;0;28;0;0;0;706;0;12087;0;0;0;0;0;0;54;0;2;0;703;27694;706;0;0;0;46046924;154;0;0;0;0;0;0;0;0;0;0;206248;0;0;0;0;0;0;0;703;0;0;0;0;0;0;19;0;0;0;0;0;0;0;0;0;0;0;0;706;22;0;0;0;1;0;0;1;0;3;120;0;0;2;0;0;0;0;0;706;0;0;1;73629;0;0;0;0;45837;1;0;0;0;0;0
704;62102;49949;0;0;0;0;0;0;369102;0;0;0;0;0;0;1;0;49952;0;0;0;0;0;29;0;0;0;0;0;0;0;52;0;0;0;0;0;0;0;2;1;0;0;0;94663;0;0;0;0;0;25;0;0;0;0;0;0;0;0;0;21;0;0;0;0;0;0;0;0;0;0;0;0;443;0;0;17;0;0;0;0;2;1;0;0;41;1;1;0;0;0;0;0;0;0;0;0;0;0;0;0;0;0;0;0;704;0;0;0;0;0;0;12081;0;120;0;58001;48342;0;0;0;0;0;0;49;0;11557;0;28;0;0;28;0;0;0;707;0;12087;0;0;0;0;0;0;54;0;2;0;704;27695;707;0;0;0;47047941;154;0;0;0;0;0;0;0;0;0;0;206252;0;0;0;0;0;0;0;704;0;0;0;0;0;0;19;0;0;0;0;0;0;0;0;0;0;0;0;707;22;0;0;0;1;0;0;1;0;3;120;0;0;2;0;0;0;0;0;707;0;0;1;73631;0;0;0;0;45841;1;0;0;0;0;0
704;62104;49949;0;0;0;0;0;0;369355;0;0;0;0;0;0;1;0;49952;0;0;0;0;0;29;0;0;0;0;0;0;0;52;0;0;0;0;0;0;0;2;1;0;0;0;94727;0;0;0;0;0;25;0;0;0;0;0;0;0;0;0;21;0;0;0;0;0;0;0;0;0;0;0;0;443;0;0;17;0;0;0;0;2;1;0;0;41;1;1;0;0;0;0;0;0;0;0;0;0;0;0;0;0;0;0;0;704;0;0;0;0;0;0;12081;0;120;0;58001;48342;0;0;0;0;0;0;49;0;11558;0;28;0;0;28;0;0;0;707;0;12087;0;0;0;0;0;0;54;0;2;0;704;27695;707;0;0;0;48048952;154;0;0;0;0;0;0;0;0;0;0;206256;0;0;0;0;0;0;0;704;0;0;0;0;0;0;19;0;0;0;0;0;0;0;0;0;0;0;0;707;22;0;0;0;1;0;0;1;0;3;120;0;0;2;0;0;0;0;0;707;0;0;1;73633;0;0;0;0;45845;1;0;0;0;0;0
705;62106;49949;0;0;0;0;0;0;369607;0;0;0;0;0;0;1;0;49952;0;0;0;0;0;29;0;0;0;0;0;0;0;52;0;0;0;0;0;0;0;2;1;0;0;0;94791;0;0;0;0;0;25;0;0;0;0;0;0;0;0;0;21;0;0;0;0;0;0;0;0;0;0;0;0;443;0;0;17;0;0;0;0;2;1;0;0;41;1;1;0;0;0;0;0;0;0;0;0;0;0;0;0;0;0;0;0;705;0;0;0;0;0;0;12081;0;120;0;58002;48343;0;0;0;0;0;0;49;0;11560;0;28;0;0;28;0;0;0;708;0;12087;0;0;0;0;0;0;54;0;2;0;705;27696;708;0;0;0;49049965;154;0;0;0;0;0;0;0;0;0;0;206260;0;0;0;0;0;0;0;705;0;0;0;0;0;0;19;0;0;0;0;0;0;0;0;0;0;0;0;708;22;0;0;0;1;0;0;1;0;3;120;0;0;2;0;0;0;0;0;708;0;0;1;73635;0;0;0;0;45849;1;0;0;0;0;0
705;62108;49949;0;0;0;0;0;0;369860;0;0;0;0;0;0;1;0;49952;0;0;0;0;0;29;0;0;0;0;0;0;0;52;0;0;0;0;0;0;0;2;1;0;0;0;94855;0;0;0;0;0;25;0;0;0;0;0;0;0;0;0;21;0;0;0;0;0;0;0;0;0;0;0;0;443;0;0;17;0;0;0;0;2;1;0;0;41;1;1;0;0;0;0;0;0;0;0;0;0;0;0;0;0;0;0;0;705;0;0;0;0;0;0;12081;0;120;0;58002;48343;0;0;0;0;0;0;49;0;11561;0;28;0;0;28;0;0;0;708;0;12087;0;0;0;0;0;0;54;0;2;0;705;27696;708;0;0;0;50050922;154;0;0;0;0;0;0;0;0;0;0;206265;0;0;0;0;0;0;0;705;0;0;0;0;0;0;19;0;0;0;0;0;0;0;0;0;0;0;0;708;22;0;0;0;1;0;0;1;0;3;120;0;0;2;0;0;0;0;0;708;0;0;1;73637;0;0;0;0;45854;1;0;0;0;0;0
706;62110;49949;0;0;0;0;0;0;370113;0;0;0;0;0;0;1;0;49952;0;0;0;0;0;29;0;0;0;0;0;0;0;52;0;0;0;0;0;0;0;2;1;0;0;0;94919;0;0;0;0;0;25;0;0;0;0;0;0;0;0;0;21;0;0;0;0;0;0;0;0;0;0;0;0;443;0;0;17;0;0;0;0;2;1;0;0;41;1;1;0;0;0;0;0;0;0;0;0;0;0;0;0;0;0;0;0;706;0;0;0;0;0;0;12081;0;120;0;58003;48344;0;0;0;0;0;0;49;0;11563;0;28;0;0;28;0;0;0;709;0;12087;0;0;0;0;0;0;54;0;2;0;706;27697;709;0;0;0;51051932;154;0;0;0;0;0;0;0;0;0;0;206269;0;0;0;0;0;0;0;706;0;0;0;0;0;0;19;0;0;0;0;0;0;0;0;0;0;0;0;709;22;0;0;0;1;0;0;1;0;3;120;0;0;2;0;0;0;0;0;709;0;0;1;73639;0;0;0;0;45858;1;0;0;0;0;0
706;62111;49949;0;0;0;0;0;0;370366;0;0;0;0;0;0;1;0;49952;0;0;0;0;0;29;0;0;0;0;0;0;0;52;0;0;0;0;0;0;0;2;1;0;0;0;94983;0;0;0;0;0;25;0;0;0;0;0;0;0;0;0;21;0;0;0;0;0;0;0;0;0;0;0;0;443;0;0;17;0;0;0;0;2;1;0;0;41;1;1;0;0;0;0;0;0;0;0;0;0;0;0;0;0;0;0;0;706;0;0;0;0;0;0;12081;0;120;0;58003;48344;0;0;0;0;0;0;49;0;11563;0;28;0;0;28;0;0;0;709;0;12087;0;0;0;0;0;0;54;0;2;0;706;27697;709;0;0;0;52052953;154;0;0;0;0;0;0;0;0;0;0;206271;0;0;0;0;0;0;0;706;0;0;0;0;0;0;19;0;0;0;0;0;0;0;0;0;0;0;0;709;22;0;0;0;1;0;0;1;0;3;120;0;0;2;0;0;0;0;0;709;0;0;1;73640;0;0;0;0;45860;1;0;0;0;0;0
707;62113;49949;0;0;0;0;0;0;370618;0;0;0;0;0;0;1;0;49952;0;0;0;0;0;29;0;0;0;0;0;0;0;52;0;0;0;0;0;0;0;2;1;0;0;0;95047;0;0;0;0;0;25;0;0;0;0;0;0;0;0;0;21;0;0;0;0;0;0;0;0;0;0;0;0;443;0;0;17;0;0;0;0;2;1;0;0;41;1;1;0;0;0;0;0;0;0;0;0;0;0;0;0;0;0;0;0;707;0;0;0;0;0;0;12081;0;120;0;58004;48345;0;0;0;0;0;0;49;0;11565;0;28;0;0;28;0;0;0;710;0;12087;0;0;0;0;0;0;54;0;2;0;707;27698;710;0;0;0;53053965;154;0;0;0;0;0;0;0;0;0;0;206275;0;0;0;0;0;0;0;707;0;0;0;0;0;0;19;0;0;0;0;0;0;0;0;0;0;0;0;710;22;0;0;0;1;0;0;1;0;3;120;0;0;2;0;0;0;0;0;710;0;0;1;73642;0;0;0;0;45864;1;0;0;0;0;0
707;62115;49949;0;0;0;0;0;0;370870;0;0;0;0;0;0;1;0;49952;0;0;0;0;0;29;0;0;0;0;0;0;0;52;0;0;0;0;0;0;0;2;1;0;0;0;95111;0;0;0;0;0;25;0;0;0;0;0;0;0;0;0;21;0;0;0;0;0;0;0;0;0;0;0;0;443;0;0;17;0;0;0;0;2;1;0;0;41;1;1;0;0;0;0;0;0;0;0;0;0;0;0;0;0;0;0;0;707;0;0;0;0;0;0;12081;0;120;0;58004;48345;0;0;0;0;0;0;49;0;11566;0;28;0;0;28;0;0;0;710;0;12087;0;0;0;0;0;0;54;0;2;0;707;27698;710;0;0;0;54054923;154;0;0;0;0;0;0;0;0;0;0;206280;0;0;0;0;0;0;0;707;0;0;0;0;0;0;19;0;0;0;0;0;0;0;0;0;0;0;0;710;22;0;0;0;1;0;0;1;0;3;120;0;0;2;0;0;0;0;0;710;0;0;1;73644;0;0;0;0;45869;1;0;0;0;0;0
708;62117;49949;0;0;0;0;0;0;371123;0;0;0;0;0;0;1;0;49952;0;0;0;0;0;29;0;0;0;0;0;0;0;52;0;0;0;0;0;0;0;2;1;0;0;0;95175;0;0;0;0;0;25;0;0;0;0;0;0;0;0;0;21;0;0;0;0;0;0;0;0;0;0;0;0;443;0;0;17;0;0;0;0;2;1;0;0;41;1;1;0;0;0;0;0;0;0;0;0;0;0;0;0;0;0;0;0;708;0;0;0;0;0;0;12081;0;120;0;58005;48346;0;0;0;0;0;0;49;0;11568;0;28;0;0;28;0;0;0;711;0;12087;0;0;0;0;0;0;54;0;2;0;708;27699;711;0;0;0;55055936;154;0;0;0;0;0;0;0;0;0;0;206284;0;0;0;0;0;0;0;708;0;0;0;0;0;0;19;0;0;0;0;0;0;0;0;0;0;0;0;711;22;0;0;0;1;0;0;1;0;3;120;0;0;2;0;0;0;0;0;711;0;0;1;73646;0;0;0;0;45873;1;0;0;0;0;0
708;62119;49949;0;0;0;0;0;0;371377;0;0;0;0;0;0;1;0;49952;0;0;0;0;0;29;0;0;0;0;0;0;0;52;0;0;0;0;0;0;0;2;1;0;0;0;95239;0;0;0;0;0;25;0;0;0;0;0;0;0;0;0;21;0;0;0;0;0;0;0;0;0;0;0;0;443;0;0;17;0;0;0;0;2;1;0;0;41;1;1;0;0;0;0;0;0;0;0;0;0;0;0;0;0;0;0;0;708;0;0;0;0;0;0;12081;0;120;0;58005;48346;0;0;0;0;0;0;49;0;11569;0;28;0;0;28;0;0;0;711;0;12087;0;0;0;0;0;0;54;0;2;0;708;27699;711;0;0;0;56056951;154;0;0;0;0;0;0;0;0;0;0;206288;0;0;0;0;0;0;0;708;0;0;0;0;0;0;19;0;0;0;0;0;0;0;0;0;0;0;0;711;22;0;0;0;1;0;0;1;0;3;120;0;0;2;0;0;0;0;0;711;0;0;1;73648;0;0;0;0;45877;1;0;0;0;0;0
709;62121;49949;0;0;0;0;0;0;371629;0;0;0;0;0;0;1;0;49952;0;0;0;0;0;29;0;0;0;0;0;0;0;52;0;0;0;0;0;0;0;2;1;0;0;0;95303;0;0;0;0;0;25;0;0;0;0;0;0;0;0;0;21;0;0;0;0;0;0;0;0;0;0;0;0;443;0;0;17;0;0;0;0;2;1;0;0;41;1;1;0;0;0;0;0;0;0;0;0;0;0;0;0;0;0;0;0;709;0;0;0;0;0;0;12081;0;120;0;58006;48347;0;0;0;0;0;0;49;0;11571;0;28;0;0;28;0;0;0;712;0;12087;0;0;0;0;0;0;54;0;2;0;709;27700;712;0;0;0;57057962;154;0;0;0;0;0;0;0;0;0;0;206292;0;0;0;0;0;0;0;709;0;0;0;0;0;0;19;0;0;0;0;0;0;0;0;0;0;0;0;712;22;0;0;0;1;0;0;1;0;3;120;0;0;2;0;0;0;0;0;712;0;0;1;73650;0;0;0;0;45881;1;0;0;0;0;0
709;62123;49949;0;0;0;0;0;0;371881;0;0;0;0;0;0;1;0;49952;0;0;0;0;0;29;0;0;0;0;0;0;0;52;0;0;0;0;0;0;0;2;1;0;0;0;95367;0;0;0;0;0;25;0;0;0;0;0;0;0;0;0;21;0;0;0;0;0;0;0;0;0;0;0;0;443;0;0;17;0;0;0;0;2;1;0;0;41;1;1;0;0;0;0;0;0;0;0;0;0;0;0;0;0;0;0;0;709;0;0;0;0;0;0;12081;0;120;0;58006;48347;0;0;0;0;0;0;49;0;11572;0;28;0;0;28;0;0;0;712;0;12087;0;0;0;0;0;0;54;0;2;0;709;27700;712;0;0;0;58058917;154;0;0;0;0;0;0;0;0;0;0;206297;0;0;0;0;0;0;0;709;0;0;0;0;0;0;19;0;0;0;0;0;0;0;0;0;0;0;0;712;22;0;0;0;1;0;0;1;0;3;120;0;0;2;0;0;0;0;0;712;0;0;1;73652;0;0;0;0;45886;1;0;0;0;0;0
710;62125;49949;0;0;0;0;0;0;372135;0;0;0;0;0;0;1;0;49952;0;0;0;0;0;29;0;0;0;0;0;0;0;52;0;0;0;0;0;0;0;2;1;0;0;0;95431;0;0;0;0;0;25;0;0;0;0;0;0;0;0;0;21;0;0;0;0;0;0;0;0;0;0;0;0;443;0;0;17;0;0;0;0;2;1;0;0;41;1;1;0;0;0;0;0;0;0;0;0;0;0;0;0;0;0;0;0;710;0;0;0;0;0;0;12081;0;120;0;58007;48348;0;0;0;0;0;0;49;0;11574;0;28;0;0;28;0;0;0;713;0;12087;0;0;0;0;0;0;54;0;2;0;710;27701;713;0;0;0;59059933;154;0;0;0;0;0;0;0;0;0;0;206301;0;0;0;0;0;0;0;710;0;0;0;0;0;0;19;0;0;0;0;0;0;0;0;0;0;0;0;713;22;0;0;0;1;0;0;1;0;3;120;0;0;2;0;0;0;0;0;713;0;0;1;73654;0;0;0;0;45890;1;0;0;0;0;0
710;62128;49949;0;0;0;0;0;0;372388;0;0;0;0;0;0;1;0;49952;0;0;0;0;0;29;0;0;0;0;0;0;0;52;0;0;0;0;0;0;0;2;1;0;0;0;95495;0;0;0;0;0;25;0;0;0;0;0;0;0;0;0;21;0;0;0;0;0;0;0;0;0;0;0;0;443;0;0;17;0;0;0;0;2;1;0;0;41;1;1;0;0;0;0;0;0;0;0;0;0;0;0;0;0;0;0;0;710;0;0;0;0;0;0;12081;0;120;0;58007;48348;0;0;0;0;0;0;49;0;11576;0;28;0;0;28;0;0;0;713;0;12087;0;0;0;0;0;0;54;0;2;0;710;27701;713;0;0;0;60060945;154;0;0;0;0;0;0;0;0;0;0;206307;0;0;0;0;0;0;0;710;0;0;0;0;0;0;19;0;0;0;0;0;0;0;0;0;0;0;0;713;22;0;0;0;1;0;0;1;0;3;120;0;0;2;0;0;0;0;0;713;0;0;1;73657;0;0;0;0;45896;1;0;0;0;0;0
711;62131;49949;0;0;0;0;0;0;372640;0;0;0;0;0;0;1;0;49952;0;0;0;0;0;29;0;0;0;0;0;0;0;52;0;0;0;0;0;0;0;2;1;0;0;0;95560;0;0;0;0;0;25;0;0;0;0;0;0;0;0;0;21;0;0;0;0;0;0;0;0;0;0;0;0;443;0;0;17;0;0;0;0;2;1;0;0;41;1;1;0;0;0;0;0;0;0;0;0;0;0;0;0;0;0;0;0;711;0;0;0;0;0;0;12081;0;120;0;58008;48349;0;0;0;0;0;0;49;0;11579;0;28;0;0;28;0;0;0;714;0;12087;0;0;0;0;0;0;54;0;2;0;711;27702;714;0;0;0;61061959;154;0;0;0;0;0;0;0;0;0;0;206313;0;0;0;0;0;0;0;711;0;0;0;0;0;0;19;0;0;0;0;0;0;0;0;0;0;0;0;714;22;0;0;0;1;0;0;1;0;3;120;0;0;2;0;0;0;0;0;714;0;0;1;73660;0;0;0;0;45902;1;0;0;0;0;0
711;62134;49949;0;0;0;0;0;0;372892;0;0;0;0;0;0;1;0;49952;0;0;0;0;0;29;0;0;0;0;0;0;0;52;0;0;0;0;0;0;0;2;1;0;0;0;95625;0;0;0;0;0;25;0;0;0;0;0;0;0;0;0;21;0;0;0;0;0;0;0;0;0;0;0;0;443;0;0;17;0;0;0;0;2;1;0;0;41;1;1;0;0;0;0;0;0;0;0;0;0;0;0;0;0;0;0;0;711;0;0;0;0;0;0;12081;0;120;0;58008;48349;0;0;0;0;0;0;49;0;11581;0;28;0;0;28;0;0;0;714;0;12087;0;0;0;0;0;0;54;0;2;0;711;27702;714;0;0;0;62062925;154;0;0;0;0;0;0;0;0;0;0;206320;0;0;0;0;0;0;0;711;0;0;0;0;0;0;19;0;0;0;0;0;0;0;0;0;0;0;0;714;22;0;0;0;1;0;0;1;0;3;120;0;0;2;0;0;0;0;0;714;0;0;1;73663;0;0;0;0;45909;1;0;0;0;0;0
712;62136;49949;0;0;0;0;0;0;373145;0;0;0;0;0;0;1;0;49952;0;0;0;0;0;29;0;0;0;0;0;0;0;52;0;0;0;0;0;0;0;2;1;0;0;0;95689;0;0;0;0;0;25;0;0;0;0;0;0;0;0;0;21;0;0;0;0;0;0;0;0;0;0;0;0;443;0;0;17;0;0;0;0;2;1;0;0;41;1;1;0;0;0;0;0;0;0;0;0;0;0;0;0;0;0;0;0;712;0;0;0;0;0;0;12081;0;120;0;58009;48350;0;0;0;0;0;0;49;0;11583;0;28;0;0;28;0;0;0;715;0;12087;0;0;0;0;0;0;54;0;2;0;712;27703;715;0;0;0;63063934;154;0;0;0;0;0;0;0;0;0;0;206322;0;0;0;0;0;0;0;712;0;0;0;0;0;0;19;0;0;0;0;0;0;0;0;0;0;0;0;715;22;0;0;0;1;0;0;1;0;3;120;0;0;2;0;0;0;0;0;715;0;0;1;73665;0;0;0;0;45911;1;0;0;0;0;0
712;62138;49949;0;0;0;0;0;0;373398;0;0;0;0;0;0;1;0;49952;0;0;0;0;0;29;0;0;0;0;0;0;0;52;0;0;0;0;0;0;0;2;1;0;0;0;95753;0;0;0;0;0;25;0;0;0;0;0;0;0;0;0;21;0;0;0;0;0;0;0;0;0;0;0;0;443;0;0;17;0;0;0;0;2;1;0;0;41;1;1;0;0;0;0;0;0;0;0;0;0;0;0;0;0;0;0;0;712;0;0;0;0;0;0;12081;0;120;0;58009;48350;0;0;0;0;0;0;49;0;11584;0;28;0;0;28;0;0;0;715;0;12087;0;0;0;0;0;0;54;0;2;0;712;27703;715;0;0;0;64064946;154;0;0;0;0;0;0;0;0;0;0;206327;0;0;0;0;0;0;0;712;0;0;0;0;0;0;19;0;0;0;0;0;0;0;0;0;0;0;0;715;22;0;0;0;1;0;0;1;0;3;120;0;0;2;0;0;0;0;0;715;0;0;1;73667;0;0;0;0;45916;1;0;0;0;0;0
713;62141;49949;0;0;0;0;0;0;373652;0;0;0;0;0;0;1;0;49952;0;0;0;0;0;29;0;0;0;0;0;0;0;52;0;0;0;0;0;0;0;2;1;0;0;0;95818;0;0;0;0;0;25;0;0;0;0;0;0;0;0;0;21;0;0;0;0;0;0;0;0;0;0;0;0;443;0;0;17;0;0;0;0;2;1;0;0;41;1;1;0;0;0;0;0;0;0;0;0;0;0;0;0;0;0;0;0;713;0;0;0;0;0;0;12081;0;120;0;58010;48351;0;0;0;0;0;0;49;0;11587;0;28;0;0;28;0;0;0;716;0;12087;0;0;0;0;0;0;54;0;2;0;713;27704;716;0;0;0;65065961;154;0;0;0;0;0;0;0;0;0;0;206333;0;0;0;0;0;0;0;713;0;0;0;0;0;0;19;0;0;0;0;0;0;0;0;0;0;0;0;716;22;0;0;0;1;0;0;1;0;3;120;0;0;2;0;0;0;0;0;716;0;0;1;73670;0;0;0;0;45922;1;0;0;0;0;0
713;62144;49949;0;0;0;0;0;0;373904;0;0;0;0;0;0;1;0;49952;0;0;0;0;0;29;0;0;0;0;0;0;0;52;0;0;0;0;0;0;0;2;1;0;0;0;95882;0;0;0;0;0;25;0;0;0;0;0;0;0;0;0;21;0;0;0;0;0;0;0;0;0;0;0;0;443;0;0;17;0;0;0;0;2;1;0;0;41;1;1;0;0;0;0;0;0;0;0;0;0;0;0;0;0;0;0;0;713;0;0;0;0;0;0;12081;0;120;0;58010;48351;0;0;0;0;0;0;49;0;11588;0;28;0;0;28;0;0;0;716;0;12087;0;0;0;0;0;0;54;0;2;0;713;27704;716;0;0;0;66066919;154;0;0;0;0;0;0;0;0;0;0;206337;0;0;0;0;0;0;0;713;0;0;0;0;0;0;19;0;0;0;0;0;0;0;0;0;0;0;0;716;22;0;0;0;1;0;0;1;0;3;120;0;0;2;0;0;0;0;0;716;0;0;1;73673;0;0;0;0;45926;1;0;0;0;0;0
714;62146;49949;0;0;0;0;0;0;374157;0;0;0;0;0;0;1;0;49952;0;0;0;0;0;29;0;0;0;0;0;0;0;52;0;0;0;0;0;0;0;2;1;0;0;0;95946;0;0;0;0;0;25;0;0;0;0;0;0;0;0;0;21;0;0;0;0;0;0;0;0;0;0;0;0;443;0;0;17;0;0;0;0;2;1;0;0;41;1;1;0;0;0;0;0;0;0;0;0;0;0;0;0;0;0;0;0;714;0;0;0;0;0;0;12081;0;120;0;58011;48352;0;0;0;0;0;0;49;0;11590;0;28;0;0;28;0;0;0;717;0;12087;0;0;0;0;0;0;54;0;2;0;714;27705;717;0;0;0;67067934;154;0;0;0;0;0;0;0;0;0;0;206341;0;0;0;0;0;0;0;714;0;0;0;0;0;0;19;0;0;0;0;0;0;0;0;0;0;0;0;717;22;0;0;0;1;0;0;1;0;3;120;0;0;2;0;0;0;0;0;717;0;0;1;73675;0;0;0;0;45930;1;0;0;0;0;0
714;62148;49949;0;0;0;0;0;0;374411;0;0;0;0;0;0;1;0;49952;0;0;0;0;0;29;0;0;0;0;0;0;0;52;0;0;0;0;0;0;0;2;1;0;0;0;96011;0;0;0;0;0;25;0;0;0;0;0;0;0;0;0;21;0;0;0;0;0;0;0;0;0;0;0;0;443;0;0;17;0;0;0;0;2;1;0;0;41;1;1;0;0;0;0;0;0;0;0;0;0;0;0;0;0;0;0;0;714;0;0;0;0;0;0;12081;0;120;0;58011;48352;0;0;0;0;0;0;49;0;11591;0;28;0;0;28;0;0;0;717;0;12087;0;0;0;0;0;0;54;0;2;0;714;27705;717;0;0;0;68068950;154;0;0;0;0;0;0;0;0;0;0;206345;0;0;0;0;0;0;0;714;0;0;0;0;0;0;19;0;0;0;0;0;0;0;0;0;0;0;0;717;22;0;0;0;1;0;0;1;0;3;120;0;0;2;0;0;0;0;0;717;0;0;1;73677;0;0;0;0;45934;1;0;0;0;0;0
715;62150;49949;0;0;0;0;0;0;374663;0;0;0;0;0;0;1;0;49952;0;0;0;0;0;29;0;0;0;0;0;0;0;52;0;0;0;0;0;0;0;2;1;0;0;0;96075;0;0;0;0;0;25;0;0;0;0;0;0;0;0;0;21;0;0;0;0;0;0;0;0;0;0;0;0;443;0;0;17;0;0;0;0;2;1;0;0;41;1;1;0;0;0;0;0;0;0;0;0;0;0;0;0;0;0;0;0;715;0;0;0;0;0;0;12081;0;120;0;58012;48353;0;0;0;0;0;0;49;0;11593;0;28;0;0;28;0;0;0;718;0;12087;0;0;0;0;0;0;54;0;2;0;715;27706;718;0;0;0;69069962;154;0;0;0;0;0;0;0;0;0;0;206350;0;0;0;0;0;0;0;715;0;0;0;0;0;0;19;0;0;0;0;0;0;0;0;0;0;0;0;718;22;0;0;0;1;0;0;1;0;3;120;0;0;2;0;0;0;0;0;718;0;0;1;73679;0;0;0;0;45938;1;0;0;0;0;0
715;62151;49949;0;0;0;0;0;0;374915;0;0;0;0;0;0;1;0;49952;0;0;0;0;0;29;0;0;0;0;0;0;0;52;0;0;0;0;0;0;0;2;1;0;0;0;96139;0;0;0;0;0;25;0;0;0;0;0;0;0;0;0;21;0;0;0;0;0;0;0;0;0;0;0;0;443;0;0;17;0;0;0;0;2;1;0;0;41;1;1;0;0;0;0;0;0;0;0;0;0;0;0;0;0;0;0;0;715;0;0;0;0;0;0;12081;0;120;0;58012;48353;0;0;0;0;0;0;49;0;11593;0;28;0;0;28;0;0;0;718;0;12087;0;0;0;0;0;0;54;0;2;0;715;27706;718;0;0;0;70070921;154;0;0;0;0;0;0;0;0;0;0;206353;0;0;0;0;0;0;0;715;0;0;0;0;0;0;19;0;0;0;0;0;0;0;0;0;0;0;0;718;22;0;0;0;1;0;0;1;0;3;120;0;0;2;0;0;0;0;0;718;0;0;1;73680;0;0;0;0;45941;1;0;0;0;0;0
716;62152;49949;0;0;0;0;0;0;375168;0;0;0;0;0;0;1;0;49952;0;0;0;0;0;29;0;0;0;0;0;0;0;52;0;0;0;0;0;0;0;2;1;0;0;0;96202;0;0;0;0;0;25;0;0;0;0;0;0;0;0;0;21;0;0;0;0;0;0;0;0;0;0;0;0;443;0;0;17;0;0;0;0;2;1;0;0;41;1;1;0;0;0;0;0;0;0;0;0;0;0;0;0;0;0;0;0;716;0;0;0;0;0;0;12081;0;120;0;58013;48354;0;0;0;0;0;0;49;0;11594;0;28;0;0;28;0;0;0;719;0;12087;0;0;0;0;0;0;54;0;2;0;716;27707;719;0;0;0;71071937;154;0;0;0;0;0;0;0;0;0;0;206355;0;0;0;0;0;0;0;716;0;0;0;0;0;0;19;0;0;0;0;0;0;0;0;0;0;0;0;719;22;0;0;0;1;0;0;1;0;3;120;0;0;2;0;0;0;0;0;719;0;0;1;73681;0;0;0;0;45943;1;0;0;0;0;0
716;62154;49949;0;0;0;0;0;0;375421;0;0;0;0;0;0;1;0;49952;0;0;0;0;0;29;0;0;0;0;0;0;0;52;0;0;0;0;0;0;0;2;1;0;0;0;96267;0;0;0;0;0;25;0;0;0;0;0;0;0;0;0;21;0;0;0;0;0;0;0;0;0;0;0;0;443;0;0;17;0;0;0;0;2;1;0;0;41;1;1;0;0;0;0;0;0;0;0;0;0;0;0;0;0;0;0;0;716;0;0;0;0;0;0;12081;0;120;0;58013;48354;0;0;0;0;0;0;49;0;11595;0;28;0;0;28;0;0;0;719;0;12087;0;0;0;0;0;0;54;0;2;0;716;27707;719;0;0;0;72072949;154;0;0;0;0;0;0;0;0;0;0;206359;0;0;0;0;0;0;0;716;0;0;0;0;0;0;19;0;0;0;0;0;0;0;0;0;0;0;0;719;22;0;0;0;1;0;0;1;0;3;120;0;0;2;0;0;0;0;0;719;0;0;1;73683;0;0;0;0;45947;1;0;0;0;0;0
717;62158;49949;0;0;0;0;0;0;375673;0;0;0;0;0;0;1;0;49952;0;0;0;0;0;29;0;0;0;0;0;0;0;52;0;0;0;0;0;0;0;2;1;0;0;0;96331;0;0;0;0;0;25;0;0;0;0;0;0;0;0;0;21;0;0;0;0;0;0;0;0;0;0;0;0;443;0;0;17;0;0;0;0;2;1;0;0;41;1;1;0;0;0;0;0;0;0;0;0;0;0;0;0;0;0;0;0;717;0;0;0;0;0;0;12081;0;120;0;58014;48355;0;0;0;0;0;0;49;0;11601;0;28;0;0;28;0;0;0;720;0;12087;0;0;0;0;0;0;54;0;2;0;717;27708;720;0;0;0;73073973;154;0;0;0;0;0;0;0;0;0;0;206365;0;0;0;0;0;0;0;717;0;0;0;0;0;0;19;0;0;0;0;0;0;0;0;0;0;0;0;720;22;0;0;0;1;0;0;1;0;3;120;0;0;2;0;0;0;0;0;720;0;0;1;73687;0;0;0;0;45953;1;0;0;0;0;0
718;62160;49949;0;0;0;0;0;0;375926;0;0;0;0;0;0;1;0;49952;0;0;0;0;0;29;0;0;0;0;0;0;0;52;0;0;0;0;0;0;0;2;1;0;0;0;96397;0;0;0;0;0;26;0;0;0;0;0;0;0;0;0;21;0;0;0;0;0;0;0;0;0;0;0;0;443;0;0;17;0;0;0;0;2;1;0;0;41;1;1;0;0;0;0;0;0;0;0;0;0;0;0;0;0;0;0;0;718;0;0;0;0;0;0;12081;0;120;0;58014;48355;0;0;0;0;0;0;49;0;11602;0;29;0;0;28;0;0;0;721;0;12087;0;0;0;0;0;0;54;0;2;0;718;27708;721;0;0;0;74074939;154;0;0;0;0;0;0;0;0;0;0;206369;0;0;0;0;0;0;0;718;0;0;0;0;0;0;19;0;0;0;0;0;0;0;0;0;0;0;0;721;22;0;0;0;1;0;0;1;0;3;120;0;0;2;0;0;0;0;0;721;0;0;1;73689;0;0;0;0;45957;1;0;0;0;0;0
721;62162;49949;0;0;0;0;0;0;376181;0;0;0;0;0;0;1;0;49952;0;0;0;0;0;29;0;0;0;0;0;0;0;52;0;0;0;0;0;0;0;2;1;0;0;0;96463;0;0;0;0;0;27;0;0;0;0;0;0;0;0;0;21;0;0;0;0;0;0;0;0;0;0;0;0;443;0;0;17;0;0;0;0;2;1;0;0;41;1;1;0;0;0;0;0;0;0;0;0;0;0;0;0;0;0;0;0;721;0;0;0;0;0;0;12081;0;120;0;58015;48356;0;0;0;0;0;0;49;0;11604;0;30;0;0;28;0;0;0;728;0;12087;0;0;0;0;0;0;54;0;2;0;721;27709;728;0;0;0;75075958;154;0;0;0;0;0;0;0;0;0;0;206371;0;0;0;0;0;0;0;721;0;0;0;0;0;0;19;0;0;0;0;0;0;0;0;0;0;0;0;728;22;0;0;0;1;0;0;1;0;3;120;0;0;2;0;0;0;0;0;728;0;0;1;73691;0;0;0;0;45960;1;0;0;0;0;0
721;62164;49949;0;0;0;0;0;0;376435;0;0;0;0;0;0;1;0;49952;0;0;0;0;0;29;0;0;0;0;0;0;0;52;0;0;0;0;0;0;0;2;1;0;0;0;96527;0;0;0;0;0;27;0;0;0;0;0;0;0;0;0;21;0;0;0;0;0;0;0;0;0;0;0;0;443;0;0;17;0;0;0;0;2;1;0;0;41;1;1;0;0;0;0;0;0;0;0;0;0;0;0;0;0;0;0;0;721;0;0;0;0;0;0;12081;0;120;0;58015;48356;0;0;0;0;0;0;49;0;11605;0;30;0;0;28;0;0;0;728;0;12087;0;0;0;0;0;0;54;0;2;0;721;27709;728;0;0;0;76076963;154;0;0;0;0;0;0;0;0;0;0;206375;0;0;0;0;0;0;0;721;0;0;0;0;0;0;19;0;0;0;0;0;0;0;0;0;0;0;0;728;22;0;0;0;1;0;0;1;0;3;120;0;0;2;0;0;0;0;0;728;0;0;1;73693;0;0;0;0;45964;1;0;0;0;0;0
722;62168;49949;0;0;0;0;0;0;376688;0;0;0;0;0;0;1;0;49952;0;0;0;0;0;29;0;0;0;0;0;0;0;52;0;0;0;0;0;0;0;2;1;0;0;0;96594;0;0;0;0;0;27;0;0;0;0;0;0;0;0;0;21;0;0;0;0;0;0;0;0;0;0;0;0;443;0;0;17;0;0;0;0;2;1;0;0;41;1;1;0;0;0;0;0;0;0;0;0;0;0;0;0;0;0;0;0;722;0;0;0;0;0;0;12081;0;120;0;58022;48357;0;0;0;0;0;0;49;0;11607;0;30;0;0;28;0;0;0;728;0;12087;0;0;0;0;0;0;54;0;2;0;722;27712;728;0;0;0;77077985;154;0;0;0;0;0;0;0;0;0;0;206382;0;0;0;0;0;0;0;722;0;0;0;0;0;0;19;0;0;0;0;0;0;0;0;0;0;0;0;728;22;0;0;0;1;0;0;1;0;3;120;0;0;2;0;0;0;0;0;728;0;0;1;73697;0;0;0;0;45970;1;0;0;0;0;0
