25_IR-PCI-MSI_3670016-edge_eno1_CPU1;9_IR-IO-APIC_9-fasteoi_acpi_CPU1;PIN_Posted-interrupt_notification_event_CPU0;CAL_Function_call_interrupts_CPU0;36_IR-PCI-MSI_524291-edge_nvme0q3_CPU2;18_IR-IO-APIC_18-fasteoi_i801_smbus,_ehci_hcd:usb1,_ehci_hcd:usb4_CPU0;TLB_TLB_shootdowns_CPU1;36_IR-PCI-MSI_524291-edge_nvme0q3_CPU1;87_IR-PCI-MSI_2099200-edge_igb_uio_CPU3;40_IR-PCI-MSI_524295-edge_nvme0q7_CPU2;NPI_Nested_posted-interrupt_event_CPU1;36_IR-PCI-MSI_524291-edge_nvme0q3_CPU3;8_IR-IO-APIC_8-edge_rtc0_CPU0;RES_Rescheduling_interrupts_CPU0;TLB_TLB_shootdowns_CPU0;9_IR-IO-APIC_9-fasteoi_acpi_CPU3;41_IR-PCI-MSI_524296-edge_nvme0q8_CPU3;42_IR-PCI-MSI_1574912-edge_ioat-msix_CPU2;26_IR-PCI-MSI_3670017-edge_eno1-TxRx-0_CPU2;28_IR-PCI-MSI_3670019-edge_eno1-TxRx-2_CPU2;IWI_IRQ_work_interrupts_CPU0;32_IR-PCI-MSI_524288-edge_nvme0q0_CPU3;38_IR-PCI-MSI_524293-edge_nvme0q5_CPU0;29_IR-PCI-MSI_3670020-edge_eno1-TxRx-3_CPU2;86_IR-PCI-MSI_2097152-edge_igb_uio_CPU2;48_IR-PCI-MSI_1576960-edge_ioat-msix_CPU2;35_IR-PCI-MSI_524290-edge_nvme0q2_CPU3;4_IR-IO-APIC_4-edge_ttyS0_CPU0;27_IR-PCI-MSI_3670018-edge_eno1-TxRx-1_CPU1;TLB_TLB_shootdowns_CPU2;HVS_Hyper-V_stimer0_interrupts_CPU2;58_IR-PCI-MSI_1579008-edge_ioat-msix_CPU2;MCE_Machine_check_exceptions_CPU0;25_IR-PCI-MSI_3670016-edge_eno1_CPU2;86_IR-PCI-MSI_2097152-edge_igb_uio_CPU3;TRM_Thermal_event_interrupts_CPU3;MCE_Machine_check_exceptions_CPU1;PIN_Posted-interrupt_notification_event_CPU2;SPU_Spurious_interrupts_CPU0;HRE_Hyper-V_reenlightenment_interrupts_CPU0;30_IR-PCI-MSI_1572864-edge_ioat-msix_CPU3;timestamp_us;40_IR-PCI-MSI_524295-edge_nvme0q7_CPU0;41_IR-PCI-MSI_524296-edge_nvme0q8_CPU0;RES_Rescheduling_interrupts_CPU2;40_IR-PCI-MSI_524295-edge_nvme0q7_CPU1;MCE_Machine_check_exceptions_CPU2;THR_Threshold_APIC_interrupts_CPU0;RES_Rescheduling_interrupts_CPU1;HRE_Hyper-V_reenlightenment_interrupts_CPU2;27_IR-PCI-MSI_3670018-edge_eno1-TxRx-1_CPU0;40_IR-PCI-MSI_524295-edge_nvme0q7_CPU3;THR_Threshold_APIC_interrupts_CPU3;48_IR-PCI-MSI_1576960-edge_ioat-msix_CPU3;39_IR-PCI-MSI_524294-edge_nvme0q6_CPU0;RTR_APIC_ICR_read_retries_CPU2;29_IR-PCI-MSI_3670020-edge_eno1-TxRx-3_CPU1;HYP_Hypervisor_callback_interrupts_CPU3;30_IR-PCI-MSI_1572864-edge_ioat-msix_CPU2;CAL_Function_call_interrupts_CPU2;PMI_Performance_monitoring_interrupts_CPU3;8_IR-IO-APIC_8-edge_rtc0_CPU3;36_IR-PCI-MSI_524291-edge_nvme0q3_CPU0;NMI_Non-maskable_interrupts_CPU3;NPI_Nested_posted-interrupt_event_CPU2;SPU_Spurious_interrupts_CPU1;18_IR-IO-APIC_18-fasteoi_i801_smbus,_ehci_hcd:usb1,_ehci_hcd:usb4_CPU1;MIS_CPU0;32_IR-PCI-MSI_524288-edge_nvme0q0_CPU2;41_IR-PCI-MSI_524296-edge_nvme0q8_CPU2;NMI_Non-maskable_interrupts_CPU2;HYP_Hypervisor_callback_interrupts_CPU1;PIN_Posted-interrupt_notification_event_CPU1;PMI_Performance_monitoring_interrupts_CPU2;HVS_Hyper-V_stimer0_interrupts_CPU0;8_IR-IO-APIC_8-edge_rtc0_CPU2;48_IR-PCI-MSI_1576960-edge_ioat-msix_CPU1;HVS_Hyper-V_stimer0_interrupts_CPU3;31_IR-PCI-MSI_512000-edge_ahci[0000:00:1f.2]_CPU0;IWI_IRQ_work_interrupts_CPU1;26_IR-PCI-MSI_3670017-edge_eno1-TxRx-0_CPU3;37_IR-PCI-MSI_524292-edge_nvme0q4_CPU1;28_IR-PCI-MSI_3670019-edge_eno1-TxRx-2_CPU1;32_IR-PCI-MSI_524288-edge_nvme0q0_CPU0;DFR_Deferred_Error_APIC_interrupts_CPU1;39_IR-PCI-MSI_524294-edge_nvme0q6_CPU2;LOC_Local_timer_interrupts_CPU1;SPU_Spurious_interrupts_CPU3;LOC_Local_timer_interrupts_CPU2;ERR_CPU0;58_IR-PCI-MSI_1579008-edge_ioat-msix_CPU0;39_IR-PCI-MSI_524294-edge_nvme0q6_CPU3;86_IR-PCI-MSI_2097152-edge_igb_uio_CPU1;42_IR-PCI-MSI_1574912-edge_ioat-msix_CPU1;HYP_Hypervisor_callback_interrupts_CPU2;8_IR-IO-APIC_8-edge_rtc0_CPU1;34_IR-PCI-MSI_524289-edge_nvme0q1_CPU2;HYP_Hypervisor_callback_interrupts_CPU0;30_IR-PCI-MSI_1572864-edge_ioat-msix_CPU1;37_IR-PCI-MSI_524292-edge_nvme0q4_CPU0;PIW_Posted-interrupt_wakeup_event_CPU3;30_IR-PCI-MSI_1572864-edge_ioat-msix_CPU0;48_IR-PCI-MSI_1576960-edge_ioat-msix_CPU0;DFR_Deferred_Error_APIC_interrupts_CPU2;RTR_APIC_ICR_read_retries_CPU0;RES_Rescheduling_interrupts_CPU3;87_IR-PCI-MSI_2099200-edge_igb_uio_CPU0;9_IR-IO-APIC_9-fasteoi_acpi_CPU0;HVS_Hyper-V_stimer0_interrupts_CPU1;LOC_Local_timer_interrupts_CPU3;RTR_APIC_ICR_read_retries_CPU1;38_IR-PCI-MSI_524293-edge_nvme0q5_CPU3;28_IR-PCI-MSI_3670019-edge_eno1-TxRx-2_CPU0;24_DMAR-MSI_0-edge_dmar0_CPU0;28_IR-PCI-MSI_3670019-edge_eno1-TxRx-2_CPU3;26_IR-PCI-MSI_3670017-edge_eno1-TxRx-0_CPU0;4_IR-IO-APIC_4-edge_ttyS0_CPU1;MCP_Machine_check_polls_CPU0;86_IR-PCI-MSI_2097152-edge_igb_uio_CPU0;31_IR-PCI-MSI_512000-edge_ahci[0000:00:1f.2]_CPU2;PIW_Posted-interrupt_wakeup_event_CPU2;29_IR-PCI-MSI_3670020-edge_eno1-TxRx-3_CPU0;33_IR-PCI-MSI_327680-edge_xhci_hcd_CPU0;35_IR-PCI-MSI_524290-edge_nvme0q2_CPU1;THR_Threshold_APIC_interrupts_CPU2;31_IR-PCI-MSI_512000-edge_ahci[0000:00:1f.2]_CPU3;THR_Threshold_APIC_interrupts_CPU1;29_IR-PCI-MSI_3670020-edge_eno1-TxRx-3_CPU3;CAL_Function_call_interrupts_CPU1;MCE_Machine_check_exceptions_CPU3;38_IR-PCI-MSI_524293-edge_nvme0q5_CPU2;TRM_Thermal_event_interrupts_CPU2;SPU_Spurious_interrupts_CPU2;4_IR-IO-APIC_4-edge_ttyS0_CPU3;42_IR-PCI-MSI_1574912-edge_ioat-msix_CPU0;24_DMAR-MSI_0-edge_dmar0_CPU3;87_IR-PCI-MSI_2099200-edge_igb_uio_CPU2;9_IR-IO-APIC_9-fasteoi_acpi_CPU2;58_IR-PCI-MSI_1579008-edge_ioat-msix_CPU1;NPI_Nested_posted-interrupt_event_CPU3;32_IR-PCI-MSI_524288-edge_nvme0q0_CPU1;4_IR-IO-APIC_4-edge_ttyS0_CPU2;33_IR-PCI-MSI_327680-edge_xhci_hcd_CPU3;NPI_Nested_posted-interrupt_event_CPU0;IWI_IRQ_work_interrupts_CPU3;MCP_Machine_check_polls_CPU1;PMI_Performance_monitoring_interrupts_CPU0;24_DMAR-MSI_0-edge_dmar0_CPU2;34_IR-PCI-MSI_524289-edge_nvme0q1_CPU1;25_IR-PCI-MSI_3670016-edge_eno1_CPU3;27_IR-PCI-MSI_3670018-edge_eno1-TxRx-1_CPU2;34_IR-PCI-MSI_524289-edge_nvme0q1_CPU0;IWI_IRQ_work_interrupts_CPU2;34_IR-PCI-MSI_524289-edge_nvme0q1_CPU3;DFR_Deferred_Error_APIC_interrupts_CPU0;TLB_TLB_shootdowns_CPU3;26_IR-PCI-MSI_3670017-edge_eno1-TxRx-0_CPU1;PIW_Posted-interrupt_wakeup_event_CPU1;38_IR-PCI-MSI_524293-edge_nvme0q5_CPU1;31_IR-PCI-MSI_512000-edge_ahci[0000:00:1f.2]_CPU1;35_IR-PCI-MSI_524290-edge_nvme0q2_CPU0;PMI_Performance_monitoring_interrupts_CPU1;MCP_Machine_check_polls_CPU2;CAL_Function_call_interrupts_CPU3;33_IR-PCI-MSI_327680-edge_xhci_hcd_CPU1;87_IR-PCI-MSI_2099200-edge_igb_uio_CPU1;RTR_APIC_ICR_read_retries_CPU3;33_IR-PCI-MSI_327680-edge_xhci_hcd_CPU2;37_IR-PCI-MSI_524292-edge_nvme0q4_CPU3;41_IR-PCI-MSI_524296-edge_nvme0q8_CPU1;HRE_Hyper-V_reenlightenment_interrupts_CPU3;42_IR-PCI-MSI_1574912-edge_ioat-msix_CPU3;DFR_Deferred_Error_APIC_interrupts_CPU3;37_IR-PCI-MSI_524292-edge_nvme0q4_CPU2;58_IR-PCI-MSI_1579008-edge_ioat-msix_CPU3;PIN_Posted-interrupt_notification_event_CPU3;18_IR-IO-APIC_18-fasteoi_i801_smbus,_ehci_hcd:usb1,_ehci_hcd:usb4_CPU3;HRE_Hyper-V_reenlightenment_interrupts_CPU1;PIW_Posted-interrupt_wakeup_event_CPU0;TRM_Thermal_event_interrupts_CPU0;24_DMAR-MSI_0-edge_dmar0_CPU1;NMI_Non-maskable_interrupts_CPU1;MCP_Machine_check_polls_CPU3;LOC_Local_timer_interrupts_CPU0;27_IR-PCI-MSI_3670018-edge_eno1-TxRx-1_CPU3;39_IR-PCI-MSI_524294-edge_nvme0q6_CPU1;18_IR-IO-APIC_18-fasteoi_i801_smbus,_ehci_hcd:usb1,_ehci_hcd:usb4_CPU2;TRM_Thermal_event_interrupts_CPU1;35_IR-PCI-MSI_524290-edge_nvme0q2_CPU2;NMI_Non-maskable_interrupts_CPU0;25_IR-PCI-MSI_3670016-edge_eno1_CPU0
0;0;0;6357;0;60;40;0;0;0;0;0;1;19858;37;0;0;0;0;0;160954;0;0;0;0;0;0;450;0;0;0;0;0;0;0;0;0;0;0;0;0;74;0;0;3;0;0;0;3295;0;23424;0;0;0;0;0;0;0;0;11718;0;0;0;0;0;0;0;0;0;0;0;0;0;0;0;0;0;0;0;9774;0;0;0;22;0;0;196135;0;461665;0;2;0;0;0;0;0;0;0;0;0;0;2;2;0;2;25175;0;1;0;462222;0;0;3032;0;0;9054;0;1;0;0;0;38841;151;0;0;0;0;0;15043;0;0;0;0;0;2;0;0;0;0;0;0;0;0;0;144824;1;0;0;0;0;0;45;1363;0;0;40;0;0;0;0;0;0;1;5983;0;0;0;0;3;0;0;0;0;0;0;0;0;0;0;0;0;0;1;1458799;0;0;0;0;0;0;1
0;0;0;6357;0;60;40;0;0;0;0;0;1;19858;37;0;0;0;0;0;161049;0;0;0;0;0;0;450;0;0;0;0;0;0;0;0;0;0;0;0;0;1001452;0;0;3;0;0;0;3295;0;23424;0;0;0;0;0;0;0;0;11718;0;0;0;0;0;0;0;0;0;0;0;0;0;0;0;0;0;0;0;9774;0;0;0;22;0;0;196135;0;461915;0;2;0;0;0;0;0;0;0;0;0;0;2;2;0;2;25175;0;1;0;462472;0;0;3032;0;0;9054;0;1;0;0;0;38841;151;0;0;0;0;0;15043;0;0;0;0;0;2;0;0;0;0;0;0;0;0;0;144906;1;0;0;0;0;0;45;1364;0;0;40;0;0;0;0;0;0;1;5983;0;0;0;0;3;0;0;0;0;0;0;0;0;0;0;0;0;0;1;1459954;0;0;0;0;0;0;1
0;0;0;6357;0;60;40;0;0;0;0;0;1;19858;37;0;0;0;0;0;161143;0;0;0;0;0;0;450;0;0;0;0;0;0;0;0;0;0;0;0;0;2002099;0;0;3;0;0;0;3295;0;23425;0;0;0;0;0;0;0;0;11718;0;0;0;0;0;0;0;0;0;0;0;0;0;0;0;0;0;0;0;9774;0;0;0;22;0;0;196135;0;462166;0;2;0;0;0;0;0;0;0;0;0;0;2;2;0;2;25175;0;1;0;462724;0;0;3033;0;0;9055;0;1;0;0;0;38842;151;0;0;0;0;0;15043;0;0;0;0;0;2;0;0;0;0;0;0;0;0;0;144988;1;0;0;0;0;0;45;1365;0;0;40;0;0;0;0;0;0;1;5983;0;0;0;0;3;0;0;0;0;0;0;0;0;0;0;0;0;0;1;1461105;0;0;0;0;0;0;1
0;0;0;6357;0;60;40;0;0;0;0;0;1;19858;37;0;0;0;0;0;161238;0;0;0;0;0;0;450;0;0;0;0;0;0;0;0;0;0;0;0;0;3003099;0;0;3;0;0;0;3295;0;23425;0;0;0;0;0;0;0;0;11718;0;0;0;0;0;0;0;0;0;0;0;0;0;0;0;0;0;0;0;9774;0;0;0;22;0;0;196135;0;462416;0;2;0;0;0;0;0;0;0;0;0;0;2;2;0;2;25175;0;1;0;462974;0;0;3033;0;0;9055;0;1;0;0;0;38842;151;0;0;0;0;0;15043;0;0;0;0;0;2;0;0;0;0;0;0;0;0;0;145070;1;0;0;0;0;0;45;1367;0;0;40;0;0;0;0;0;0;1;5983;0;0;0;0;3;0;0;0;0;0;0;0;0;0;0;0;0;0;1;1462256;0;0;0;0;0;0;1
0;0;0;6357;0;60;40;0;0;0;0;0;1;19858;37;0;0;0;0;0;161332;0;0;0;0;0;0;450;0;0;0;0;0;0;0;0;0;0;0;0;0;4003346;0;0;3;0;0;0;3295;0;23426;0;0;0;0;0;0;0;0;11718;0;0;0;0;0;0;0;0;0;0;0;0;0;0;0;0;0;0;0;9774;0;0;0;22;0;0;196135;0;462666;0;2;0;0;0;0;0;0;0;0;0;0;2;2;0;2;25175;0;1;0;463224;0;0;3034;0;0;9056;0;1;0;0;0;38843;151;0;0;0;0;0;15043;0;0;0;0;0;2;0;0;0;0;0;0;0;0;0;145151;1;0;0;0;0;0;45;1367;0;0;40;0;0;0;0;0;0;1;5983;0;0;0;0;3;0;0;0;0;0;0;0;0;0;0;0;0;0;1;1463414;0;0;0;0;0;0;1
0;0;0;6357;0;60;40;0;0;0;0;0;1;19858;37;0;0;0;0;0;161427;0;0;0;0;0;0;450;0;0;0;0;0;0;0;0;0;0;0;0;0;5004353;0;0;3;0;0;0;3295;0;23426;0;0;0;0;0;0;0;0;11718;0;0;0;0;0;0;0;0;0;0;0;0;0;0;0;0;0;0;0;9774;0;0;0;22;0;0;196135;0;462916;0;2;0;0;0;0;0;0;0;0;0;0;2;2;0;2;25175;0;1;0;463474;0;0;3034;0;0;9056;0;1;0;0;0;38843;151;0;0;0;0;0;15043;0;0;0;0;0;2;0;0;0;0;0;0;0;0;0;145233;1;0;0;0;0;0;45;1368;0;0;40;0;0;0;0;0;0;1;5983;0;0;0;0;3;0;0;0;0;0;0;0;0;0;0;0;0;0;1;1464565;0;0;0;0;0;0;1
0;0;0;6357;0;60;40;0;0;0;0;0;1;19858;37;0;0;0;0;0;161521;0;0;0;0;0;0;450;0;0;0;0;0;0;0;0;0;0;0;0;0;6004602;0;0;3;0;0;0;3295;0;23427;0;0;0;0;0;0;0;0;11718;0;0;0;0;0;0;0;0;0;0;0;0;0;0;0;0;0;0;0;9774;0;0;0;22;0;0;196135;0;463166;0;2;0;0;0;0;0;0;0;0;0;0;2;2;0;2;25175;0;1;0;463724;0;0;3035;0;0;9057;0;1;0;0;0;38844;151;0;0;0;0;0;15043;0;0;0;0;0;2;0;0;0;0;0;0;0;0;0;145315;1;0;0;0;0;0;45;1370;0;0;40;0;0;0;0;0;0;1;5983;0;0;0;0;3;0;0;0;0;0;0;0;0;0;0;0;0;0;1;1465724;0;0;0;0;0;0;1
0;0;0;6357;0;60;40;0;0;0;0;0;1;19858;37;0;0;0;0;0;161616;0;0;0;0;0;0;450;0;0;0;0;0;0;0;0;0;0;0;0;0;7005456;0;0;3;0;0;0;3295;0;23427;0;0;0;0;0;0;0;0;11718;0;0;0;0;0;0;0;0;0;0;0;0;0;0;0;0;0;0;0;9774;0;0;0;22;0;0;196135;0;463416;0;2;0;0;0;0;0;0;0;0;0;0;2;2;0;2;25175;0;1;0;463975;0;0;3035;0;0;9057;0;1;0;0;0;38844;151;0;0;0;0;0;15043;0;0;0;0;0;2;0;0;0;0;0;0;0;0;0;145397;1;0;0;0;0;0;45;1371;0;0;40;0;0;0;0;0;0;1;5983;0;0;0;0;3;0;0;0;0;0;0;0;0;0;0;0;0;0;1;1466875;0;0;0;0;0;0;1
0;0;0;6357;0;60;40;0;0;0;0;0;1;19858;37;0;0;0;0;0;161711;0;0;0;0;0;0;450;0;0;0;0;0;0;0;0;0;0;0;0;0;8006313;0;0;3;0;0;0;3295;0;23433;0;0;0;0;0;0;0;0;11718;0;0;0;0;0;0;0;0;0;0;0;0;0;0;0;0;0;0;0;9774;0;0;0;22;0;0;196135;0;463667;0;2;0;0;0;0;0;0;0;0;0;0;2;2;0;2;25176;0;1;0;464226;0;0;3046;0;0;9058;0;1;0;0;0;38845;151;0;0;0;0;0;15043;0;0;0;0;0;2;0;0;0;0;0;0;0;0;0;145478;1;0;0;0;0;0;45;1372;0;0;40;0;0;0;0;0;0;1;5983;0;0;0;0;3;0;0;0;0;0;0;0;0;0;0;0;0;0;1;1468042;0;0;0;0;0;0;1
0;0;0;6357;0;60;40;0;0;0;0;0;1;19858;37;0;0;0;0;0;161805;0;0;0;0;0;0;450;0;0;0;0;0;0;0;0;0;0;0;0;0;9006510;0;0;3;0;0;0;3295;0;23433;0;0;0;0;0;0;0;0;11718;0;0;0;0;0;0;0;0;0;0;0;0;0;0;0;0;0;0;0;9774;0;0;0;22;0;0;196135;0;463917;0;2;0;0;0;0;0;0;0;0;0;0;2;2;0;2;25176;0;1;0;464477;0;0;3046;0;0;9058;0;1;0;0;0;38852;151;0;0;0;0;0;15043;0;0;0;0;0;2;0;0;0;0;0;0;0;0;0;145561;1;0;0;0;0;0;45;1374;0;0;40;0;0;0;0;0;0;1;5983;0;0;0;0;3;0;0;0;0;0;0;0;0;0;0;0;0;0;1;1469200;0;0;0;0;0;0;1
0;0;0;6357;0;60;40;0;0;0;0;0;1;19858;37;0;0;0;0;0;161900;0;0;0;0;0;0;450;0;0;0;0;0;0;0;0;0;0;0;0;0;10007147;0;0;3;0;0;0;3295;0;23435;0;0;0;0;0;0;0;0;11718;0;0;0;0;0;0;0;0;0;0;0;0;0;0;0;0;0;0;0;9774;0;0;0;22;0;0;196135;0;464167;0;2;0;0;0;0;0;0;0;0;0;0;2;2;0;2;25176;0;1;0;464727;0;0;3048;0;0;9059;0;1;0;0;0;38853;151;0;0;0;0;0;15043;0;0;0;0;0;2;0;0;0;0;0;0;0;0;0;145643;1;0;0;0;0;0;45;1374;0;0;40;0;0;0;0;0;0;1;5983;0;0;0;0;3;0;0;0;0;0;0;0;0;0;0;0;0;0;1;1470360;0;0;0;0;0;0;1
0;0;0;6357;0;60;40;0;0;0;0;0;1;19858;37;0;0;0;0;0;161994;0;0;0;0;0;0;450;0;0;0;0;0;0;0;0;0;0;0;0;0;11008148;0;0;3;0;0;0;3295;0;23435;0;0;0;0;0;0;0;0;11718;0;0;0;0;0;0;0;0;0;0;0;0;0;0;0;0;0;0;0;9774;0;0;0;22;0;0;196135;0;464417;0;2;0;0;0;0;0;0;0;0;0;0;2;2;0;2;25176;0;1;0;464977;0;0;3048;0;0;9059;0;1;0;0;0;38853;151;0;0;0;0;0;15043;0;0;0;0;0;2;0;0;0;0;0;0;0;0;0;145724;1;0;0;0;0;0;45;1376;0;0;40;0;0;0;0;0;0;1;5983;0;0;0;0;3;0;0;0;0;0;0;0;0;0;0;0;0;0;1;1471511;0;0;0;0;0;0;1
0;0;0;6357;0;60;40;0;0;0;0;0;1;19858;37;0;0;0;0;0;162088;0;0;0;0;0;0;450;0;0;0;0;0;0;0;0;0;0;0;0;0;12008187;0;0;3;0;0;0;3295;0;23436;0;0;0;0;0;0;0;0;11718;0;0;0;0;0;0;0;0;0;0;0;0;0;0;0;0;0;0;0;9774;0;0;0;22;0;0;196135;0;464667;0;2;0;0;0;0;0;0;0;0;0;0;2;2;0;2;25176;0;1;0;465227;0;0;3049;0;0;9060;0;1;0;0;0;38854;151;0;0;0;0;0;15043;0;0;0;0;0;2;0;0;0;0;0;0;0;0;0;145806;1;0;0;0;0;0;45;1376;0;0;40;0;0;0;0;0;0;1;5983;0;0;0;0;3;0;0;0;0;0;0;0;0;0;0;0;0;0;1;1472664;0;0;0;0;0;0;1
0;0;0;6357;0;60;40;0;0;0;0;0;1;19858;37;0;0;0;0;0;162183;0;0;0;0;0;0;450;0;0;0;0;0;0;0;0;0;0;0;0;0;13009193;0;0;3;0;0;0;3295;0;23436;0;0;0;0;0;0;0;0;11718;0;0;0;0;0;0;0;0;0;0;0;0;0;0;0;0;0;0;0;9774;0;0;0;22;0;0;196135;0;464917;0;2;0;0;0;0;0;0;0;0;0;0;2;2;0;2;25176;0;1;0;465477;0;0;3049;0;0;9060;0;1;0;0;0;38854;151;0;0;0;0;0;15043;0;0;0;0;0;2;0;0;0;0;0;0;0;0;0;145886;1;0;0;0;0;0;45;1377;0;0;40;0;0;0;0;0;0;1;5983;0;0;0;0;3;0;0;0;0;0;0;0;0;0;0;0;0;0;1;1473815;0;0;0;0;0;0;1
0;0;0;6357;0;60;40;0;0;0;0;0;1;19858;37;0;0;0;0;0;162278;0;0;0;0;0;0;450;0;0;0;0;0;0;0;0;0;0;0;0;0;14009441;0;0;3;0;0;0;3295;0;23437;0;0;0;0;0;0;0;0;11718;0;0;0;0;0;0;0;0;0;0;0;0;0;0;0;0;0;0;0;9774;0;0;0;22;0;0;196135;0;465167;0;2;0;0;0;0;0;0;0;0;0;0;2;2;0;2;25176;0;1;0;465727;0;0;3050;0;0;9061;0;1;0;0;0;38855;151;0;0;0;0;0;15043;0;0;0;0;0;2;0;0;0;0;0;0;0;0;0;145968;1;0;0;0;0;0;45;1379;0;0;40;0;0;0;0;0;0;1;5983;0;0;0;0;3;0;0;0;0;0;0;0;0;0;0;0;0;0;1;1474969;0;0;0;0;0;0;1
0;0;0;6357;0;60;40;0;0;0;0;0;1;19858;37;0;0;0;0;0;162372;0;0;0;0;0;0;450;0;0;0;0;0;0;0;0;0;0;0;0;0;15010292;0;0;3;0;0;0;3295;0;23437;0;0;0;0;0;0;0;0;11718;0;0;0;0;0;0;0;0;0;0;0;0;0;0;0;0;0;0;0;9774;0;0;0;22;0;0;196135;0;465418;0;2;0;0;0;0;0;0;0;0;0;0;2;2;0;2;25176;0;1;0;465978;0;0;3050;0;0;9061;0;1;0;0;0;38855;151;0;0;0;0;0;15043;0;0;0;0;0;2;0;0;0;0;0;0;0;0;0;146050;1;0;0;0;0;0;45;1381;0;0;40;0;0;0;0;0;0;1;5983;0;0;0;0;3;0;0;0;0;0;0;0;0;0;0;0;0;0;1;1476120;0;0;0;0;0;0;1
0;0;0;6357;0;60;40;0;0;0;0;0;1;19858;37;0;0;0;0;0;162467;0;0;0;0;0;0;450;0;0;0;0;0;0;0;0;0;0;0;0;0;16011298;0;0;3;0;0;0;3295;0;23438;0;0;0;0;0;0;0;0;11718;0;0;0;0;0;0;0;0;0;0;0;0;0;0;0;0;0;0;0;9774;0;0;0;22;0;0;196135;0;465668;0;2;0;0;0;0;0;0;0;0;0;0;2;2;0;2;25176;0;1;0;466228;0;0;3051;0;0;9062;0;1;0;0;0;38856;151;0;0;0;0;0;15043;0;0;0;0;0;2;0;0;0;0;0;0;0;0;0;146132;1;0;0;0;0;0;45;1382;0;0;40;0;0;0;0;0;0;1;5983;0;0;0;0;3;0;0;0;0;0;0;0;0;0;0;0;0;0;1;1477271;0;0;0;0;0;0;1
0;0;0;6357;0;60;40;0;0;0;0;0;1;19858;37;0;0;0;0;0;162561;0;0;0;0;0;0;450;0;0;0;0;0;0;0;0;0;0;0;0;0;17011347;0;0;3;0;0;0;3295;0;23438;0;0;0;0;0;0;0;0;11718;0;0;0;0;0;0;0;0;0;0;0;0;0;0;0;0;0;0;0;9774;0;0;0;22;0;0;196135;0;465918;0;2;0;0;0;0;0;0;0;0;0;0;2;2;0;2;25176;0;1;0;466478;0;0;3051;0;0;9062;0;1;0;0;0;38856;151;0;0;0;0;0;15043;0;0;0;0;0;2;0;0;0;0;0;0;0;0;0;146213;1;0;0;0;0;0;45;1384;0;0;40;0;0;0;0;0;0;1;5983;0;0;0;0;3;0;0;0;0;0;0;0;0;0;0;0;0;0;1;1478425;0;0;0;0;0;0;1
0;0;0;6357;0;60;40;0;0;0;0;0;1;19858;37;0;0;0;0;0;162656;0;0;0;0;0;0;450;0;0;0;0;0;0;0;0;0;0;0;0;0;18012353;0;0;3;0;0;0;3295;0;23439;0;0;0;0;0;0;0;0;11718;0;0;0;0;0;0;0;0;0;0;0;0;0;0;0;0;0;0;0;9774;0;0;0;22;0;0;196135;0;466168;0;2;0;0;0;0;0;0;0;0;0;0;2;2;0;2;25176;0;1;0;466728;0;0;3052;0;0;9063;0;1;0;0;0;38857;151;0;0;0;0;0;15043;0;0;0;0;0;2;0;0;0;0;0;0;0;0;0;146295;1;0;0;0;0;0;45;1384;0;0;40;0;0;0;0;0;0;1;5983;0;0;0;0;3;0;0;0;0;0;0;0;0;0;0;0;0;0;1;1479576;0;0;0;0;0;0;1
0;0;0;6357;0;60;40;0;0;0;0;0;1;19858;37;0;0;0;0;0;162750;0;0;0;0;0;0;450;0;0;0;0;0;0;0;0;0;0;0;0;0;19012400;0;0;3;0;0;0;3295;0;23439;0;0;0;0;0;0;0;0;11718;0;0;0;0;0;0;0;0;0;0;0;0;0;0;0;0;0;0;0;9774;0;0;0;22;0;0;196135;0;466418;0;2;0;0;0;0;0;0;0;0;0;0;2;2;0;2;25176;0;1;0;466978;0;0;3052;0;0;9063;0;1;0;0;0;38857;151;0;0;0;0;0;15043;0;0;0;0;0;2;0;0;0;0;0;0;0;0;0;146377;1;0;0;0;0;0;45;1385;0;0;40;0;0;0;0;0;0;1;5983;0;0;0;0;3;0;0;0;0;0;0;0;0;0;0;0;0;0;1;1480729;0;0;0;0;0;0;1
0;0;0;6357;0;60;40;0;0;0;0;0;1;19858;37;0;0;0;0;0;162845;0;0;0;0;0;0;450;0;0;0;0;0;0;0;0;0;0;0;0;0;20013405;0;0;3;0;0;0;3295;0;23440;0;0;0;0;0;0;0;0;11718;0;0;0;0;0;0;0;0;0;0;0;0;0;0;0;0;0;0;0;9774;0;0;0;22;0;0;196135;0;466668;0;2;0;0;0;0;0;0;0;0;0;0;2;2;0;2;25176;0;1;0;467228;0;0;3053;0;0;9064;0;1;0;0;0;38858;151;0;0;0;0;0;15043;0;0;0;0;0;2;0;0;0;0;0;0;0;0;0;146458;1;0;0;0;0;0;45;1387;0;0;40;0;0;0;0;0;0;1;5983;0;0;0;0;3;0;0;0;0;0;0;0;0;0;0;0;0;0;1;1481881;0;0;0;0;0;0;1
0;0;0;6357;0;60;40;0;0;0;0;0;1;19858;37;0;0;0;0;0;162939;0;0;0;0;0;0;450;0;0;0;0;0;0;0;0;0;0;0;0;0;21013441;0;0;3;0;0;0;3295;0;23440;0;0;0;0;0;0;0;0;11718;0;0;0;0;0;0;0;0;0;0;0;0;0;0;0;0;0;0;0;9774;0;0;0;22;0;0;196135;0;466918;0;2;0;0;0;0;0;0;0;0;0;0;2;2;0;2;25176;0;1;0;467478;0;0;3053;0;0;9064;0;1;0;0;0;38858;151;0;0;0;0;0;15043;0;0;0;0;0;2;0;0;0;0;0;0;0;0;0;146540;1;0;0;0;0;0;45;1387;0;0;40;0;0;0;0;0;0;1;5983;0;0;0;0;3;0;0;0;0;0;0;0;0;0;0;0;0;0;1;1483031;0;0;0;0;0;0;1
0;0;0;6357;0;60;40;0;0;0;0;0;1;19858;37;0;0;0;0;0;163034;0;0;0;0;0;0;450;0;0;0;0;0;0;0;0;0;0;0;0;0;22014447;0;0;3;0;0;0;3295;0;23441;0;0;0;0;0;0;0;0;11718;0;0;0;0;0;0;0;0;0;0;0;0;0;0;0;0;0;0;0;9774;0;0;0;22;0;0;196135;0;467169;0;2;0;0;0;0;0;0;0;0;0;0;2;2;0;2;25176;0;1;0;467729;0;0;3054;0;0;9065;0;1;0;0;0;38859;151;0;0;0;0;0;15043;0;0;0;0;0;2;0;0;0;0;0;0;0;0;0;146622;1;0;0;0;0;0;45;1388;0;0;40;0;0;0;0;0;0;1;5983;0;0;0;0;3;0;0;0;0;0;0;0;0;0;0;0;0;0;1;1484182;0;0;0;0;0;0;1
0;0;0;6357;0;60;40;0;0;0;0;0;1;19858;37;0;0;0;0;0;163128;0;0;0;0;0;0;450;0;0;0;0;0;0;0;0;0;0;0;0;0;23015111;0;0;3;0;0;0;3295;0;23441;0;0;0;0;0;0;0;0;11718;0;0;0;0;0;0;0;0;0;0;0;0;0;0;0;0;0;0;0;9774;0;0;0;22;0;0;196135;0;467419;0;2;0;0;0;0;0;0;0;0;0;0;2;2;0;2;25176;0;1;0;467979;0;0;3054;0;0;9065;0;1;0;0;0;38862;151;0;0;0;0;0;15043;0;0;0;0;0;2;0;0;0;0;0;0;0;0;0;146704;1;0;0;0;0;0;45;1390;0;0;40;0;0;0;0;0;0;1;5983;0;0;0;0;3;0;0;0;0;0;0;0;0;0;0;0;0;0;1;1485329;0;0;0;0;0;0;1
0;0;0;6357;0;60;40;0;0;0;0;0;1;19858;37;0;0;0;0;0;163223;0;0;0;0;0;0;450;0;0;0;0;0;0;0;0;0;0;0;0;0;24015479;0;0;3;0;0;0;3295;0;23442;0;0;0;0;0;0;0;0;11718;0;0;0;0;0;0;0;0;0;0;0;0;0;0;0;0;0;0;0;9774;0;0;0;22;0;0;196135;0;467669;0;2;0;0;0;0;0;0;0;0;0;0;2;2;0;2;25176;0;1;0;468230;0;0;3055;0;0;9066;0;1;0;0;0;38863;151;0;0;0;0;0;15043;0;0;0;0;0;2;0;0;0;0;0;0;0;0;0;146786;1;0;0;0;0;0;45;1391;0;0;40;0;0;0;0;0;0;1;5983;0;0;0;0;3;0;0;0;0;0;0;0;0;0;0;0;0;0;1;1486481;0;0;0;0;0;0;1
0;0;0;6357;0;60;40;0;0;0;0;0;1;19858;37;0;0;0;0;0;163317;0;0;0;0;0;0;450;0;0;0;0;0;0;0;0;0;0;0;0;0;25015773;0;0;3;0;0;0;3295;0;23442;0;0;0;0;0;0;0;0;11718;0;0;0;0;0;0;0;0;0;0;0;0;0;0;0;0;0;0;0;9774;0;0;0;22;0;0;196135;0;467919;0;2;0;0;0;0;0;0;0;0;0;0;2;2;0;2;25176;0;1;0;468480;0;0;3060;0;0;9066;0;1;0;0;0;38866;151;0;0;0;0;0;15043;0;0;0;0;0;2;0;0;0;0;0;0;0;0;0;146868;1;0;0;0;0;0;45;1393;0;0;40;0;0;0;0;0;0;1;5983;0;0;0;0;3;0;0;0;0;0;0;0;0;0;0;0;0;0;1;1487640;0;0;0;0;0;0;1
0;0;0;6357;0;60;40;0;0;0;0;0;1;19858;37;0;0;0;0;0;163411;0;0;0;0;0;0;450;0;0;0;0;0;0;0;0;0;0;0;0;0;26016771;0;0;3;0;0;0;3295;0;23443;0;0;0;0;0;0;0;0;11718;0;0;0;0;0;0;0;0;0;0;0;0;0;0;0;0;0;0;0;9774;0;0;0;22;0;0;196135;0;468169;0;2;0;0;0;0;0;0;0;0;0;0;2;2;0;2;25176;0;1;0;468730;0;0;3061;0;0;9067;0;1;0;0;0;38867;151;0;0;0;0;0;15043;0;0;0;0;0;2;0;0;0;0;0;0;0;0;0;146950;1;0;0;0;0;0;45;1394;0;0;40;0;0;0;0;0;0;1;5983;0;0;0;0;3;0;0;0;0;0;0;0;0;0;0;0;0;0;1;1488791;0;0;0;0;0;0;1
0;0;0;6357;0;60;40;0;0;0;0;0;1;19858;37;0;0;0;0;0;163505;0;0;0;0;0;0;450;0;0;0;0;0;0;0;0;0;0;0;0;0;27017441;0;0;3;0;0;0;3295;0;23443;0;0;0;0;0;0;0;0;11718;0;0;0;0;0;0;0;0;0;0;0;0;0;0;0;0;0;0;0;9774;0;0;0;22;0;0;196135;0;468419;0;2;0;0;0;0;0;0;0;0;0;0;2;2;0;2;25176;0;1;0;468980;0;0;3061;0;0;9067;0;1;0;0;0;38867;151;0;0;0;0;0;15043;0;0;0;0;0;2;0;0;0;0;0;0;0;0;0;147033;1;0;0;0;0;0;45;1396;0;0;40;0;0;0;0;0;0;1;5983;0;0;0;0;3;0;0;0;0;0;0;0;0;0;0;0;0;0;1;1489945;0;0;0;0;0;0;1
0;0;0;6357;0;60;40;0;0;0;0;0;1;19858;37;0;0;0;0;0;163600;0;0;0;0;0;0;450;0;0;0;0;0;0;0;0;0;0;0;0;0;28018083;0;0;3;0;0;0;3295;0;23444;0;0;0;0;0;0;0;0;11718;0;0;0;0;0;0;0;0;0;0;0;0;0;0;0;0;0;0;0;9774;0;0;0;22;0;0;196135;0;468670;0;2;0;0;0;0;0;0;0;0;0;0;2;2;0;2;25176;0;1;0;469230;0;0;3062;0;0;9068;0;1;0;0;0;38868;151;0;0;0;0;0;15043;0;0;0;0;0;2;0;0;0;0;0;0;0;0;0;147115;1;0;0;0;0;0;45;1398;0;0;40;0;0;0;0;0;0;1;5983;0;0;0;0;3;0;0;0;0;0;0;0;0;0;0;0;0;0;1;1491103;0;0;0;0;0;0;1
0;0;0;6357;0;60;40;0;0;0;0;0;1;19858;37;0;0;0;0;0;163694;0;0;0;0;0;0;450;0;0;0;0;0;0;0;0;0;0;0;0;0;29019087;0;0;3;0;0;0;3295;0;23444;0;0;0;0;0;0;0;0;11718;0;0;0;0;0;0;0;0;0;0;0;0;0;0;0;0;0;0;0;9774;0;0;0;22;0;0;196135;0;468920;0;2;0;0;0;0;0;0;0;0;0;0;2;2;0;2;25176;0;1;0;469481;0;0;3062;0;0;9068;0;1;0;0;0;38868;151;0;0;0;0;0;15043;0;0;0;0;0;2;0;0;0;0;0;0;0;0;0;147198;1;0;0;0;0;0;45;1399;0;0;40;0;0;0;0;0;0;1;5983;0;0;0;0;3;0;0;0;0;0;0;0;0;0;0;0;0;0;1;1492254;0;0;0;0;0;0;1
0;0;0;6357;0;60;40;0;0;0;0;0;1;19858;37;0;0;0;0;0;163789;0;0;0;0;0;0;450;0;0;0;0;0;0;0;0;0;0;0;0;0;30019346;0;0;3;0;0;0;3295;0;23445;0;0;0;0;0;0;0;0;11718;0;0;0;0;0;0;0;0;0;0;0;0;0;0;0;0;0;0;0;9774;0;0;0;22;0;0;196135;0;469170;0;2;0;0;0;0;0;0;0;0;0;0;2;2;0;2;25176;0;1;0;469731;0;0;3063;0;0;9069;0;1;0;0;0;38869;151;0;0;0;0;0;15043;0;0;0;0;0;2;0;0;0;0;0;0;0;0;0;147279;1;0;0;0;0;0;45;1401;0;0;40;0;0;0;0;0;0;1;5983;0;0;0;0;3;0;0;0;0;0;0;0;0;0;0;0;0;0;1;1493413;0;0;0;0;0;0;1
0;0;0;6357;0;60;40;0;0;0;0;0;1;19858;37;0;0;0;0;0;163884;0;0;0;0;0;0;450;0;0;0;0;0;0;0;0;0;0;0;0;0;31020352;0;0;3;0;0;0;3295;0;23445;0;0;0;0;0;0;0;0;11718;0;0;0;0;0;0;0;0;0;0;0;0;0;0;0;0;0;0;0;9774;0;0;0;22;0;0;196135;0;469420;0;2;0;0;0;0;0;0;0;0;0;0;2;2;0;2;25176;0;1;0;469981;0;0;3063;0;0;9069;0;1;0;0;0;38869;151;0;0;0;0;0;15043;0;0;0;0;0;2;0;0;0;0;0;0;0;0;0;147362;1;0;0;0;0;0;45;1402;0;0;40;0;0;0;0;0;0;1;5983;0;0;0;0;3;0;0;0;0;0;0;0;0;0;0;0;0;0;1;1494564;0;0;0;0;0;0;1
0;0;0;6357;0;60;40;0;0;0;0;0;1;19859;37;0;0;0;0;0;163978;0;0;0;0;0;0;450;0;0;0;0;0;0;0;0;0;0;0;0;0;32020418;0;0;3;0;0;0;3295;0;23446;0;0;0;0;0;0;0;0;11718;0;0;0;0;0;0;0;0;0;0;0;0;0;0;0;0;0;0;0;9774;0;0;0;22;0;0;196135;0;469670;0;2;0;0;0;0;0;0;0;0;0;0;2;2;0;2;25176;0;1;0;470231;0;0;3067;0;0;9070;0;1;0;0;0;38872;151;0;0;0;0;0;15043;0;0;0;0;0;2;0;0;0;0;0;0;0;0;0;147443;1;0;0;0;0;0;45;1403;0;0;40;0;0;0;0;0;0;1;5983;0;0;0;0;3;0;0;0;0;0;0;0;0;0;0;0;0;0;1;1495708;0;0;0;0;0;0;1
0;0;0;6357;0;60;40;0;0;0;0;0;1;19859;37;0;0;0;0;0;164072;0;0;0;0;0;0;450;0;0;0;0;0;0;0;0;0;0;0;0;0;33021041;0;0;3;0;0;0;3295;0;23446;0;0;0;0;0;0;0;0;11718;0;0;0;0;0;0;0;0;0;0;0;0;0;0;0;0;0;0;0;9774;0;0;0;22;0;0;196135;0;469920;0;2;0;0;0;0;0;0;0;0;0;0;2;2;0;2;25176;0;1;0;470482;0;0;3070;0;0;9075;0;1;0;0;0;38872;151;0;0;0;0;0;15043;0;0;0;0;0;2;0;0;0;0;0;0;0;0;0;147524;1;0;0;0;0;0;45;1404;0;0;40;0;0;0;0;0;0;1;5983;0;0;0;0;3;0;0;0;0;0;0;0;0;0;0;0;0;0;1;1496866;0;0;0;0;0;0;1
0;0;0;6357;0;60;40;0;0;0;0;0;1;19859;37;0;0;0;0;0;164166;0;0;0;0;0;0;450;0;0;0;0;0;0;0;0;0;0;0;0;0;34021442;0;0;3;0;0;0;3295;0;23447;0;0;0;0;0;0;0;0;11718;0;0;0;0;0;0;0;0;0;0;0;0;0;0;0;0;0;0;0;9774;0;0;0;22;0;0;196135;0;470170;0;2;0;0;0;0;0;0;0;0;0;0;2;2;0;2;25176;0;1;0;470732;0;0;3071;0;0;9076;0;1;0;0;0;38873;151;0;0;0;0;0;15043;0;0;0;0;0;2;0;0;0;0;0;0;0;0;0;147605;1;0;0;0;0;0;45;1405;0;0;40;0;0;0;0;0;0;1;5983;0;0;0;0;3;0;0;0;0;0;0;0;0;0;0;0;0;0;1;1498017;0;0;0;0;0;0;1
0;0;0;6357;0;60;40;0;0;0;0;0;1;19859;37;0;0;0;0;0;164261;0;0;0;0;0;0;450;0;0;0;0;0;0;0;0;0;0;0;0;0;35022082;0;0;3;0;0;0;3295;0;23447;0;0;0;0;0;0;0;0;11718;0;0;0;0;0;0;0;0;0;0;0;0;0;0;0;0;0;0;0;9774;0;0;0;22;0;0;196135;0;470421;0;2;0;0;0;0;0;0;0;0;0;0;2;2;0;2;25176;0;1;0;470982;0;0;3071;0;0;9077;0;1;0;0;0;38873;151;0;0;0;0;0;15043;0;0;0;0;0;2;0;0;0;0;0;0;0;0;0;147688;1;0;0;0;0;0;45;1406;0;0;40;0;0;0;0;0;0;1;5983;0;0;0;0;3;0;0;0;0;0;0;0;0;0;0;0;0;0;1;1499168;0;0;0;0;0;0;1
0;0;0;6357;0;60;40;0;0;0;0;0;1;19859;37;0;0;0;0;0;164355;0;0;0;0;0;0;450;0;0;0;0;0;0;0;0;0;0;0;0;0;36022294;0;0;3;0;0;0;3295;0;23448;0;0;0;0;0;0;0;0;11718;0;0;0;0;0;0;0;0;0;0;0;0;0;0;0;0;0;0;0;9774;0;0;0;22;0;0;196135;0;470671;0;2;0;0;0;0;0;0;0;0;0;0;2;2;0;2;25176;0;1;0;471233;0;0;3072;0;0;9079;0;1;0;0;0;38874;151;0;0;0;0;0;15043;0;0;0;0;0;2;0;0;0;0;0;0;0;0;0;147769;1;0;0;0;0;0;45;1408;0;0;40;0;0;0;0;0;0;1;5983;0;0;0;0;3;0;0;0;0;0;0;0;0;0;0;0;0;0;1;1500325;0;0;0;0;0;0;1
0;0;0;6357;0;60;40;0;0;0;0;0;1;19859;37;0;0;0;0;0;164449;0;0;0;0;0;0;450;0;0;0;0;0;0;0;0;0;0;0;0;0;37023301;0;0;3;0;0;0;3295;0;23448;0;0;0;0;0;0;0;0;11718;0;0;0;0;0;0;0;0;0;0;0;0;0;0;0;0;0;0;0;9774;0;0;0;22;0;0;196135;0;470921;0;2;0;0;0;0;0;0;0;0;0;0;2;2;0;2;25176;0;1;0;471483;0;0;3072;0;0;9080;0;1;0;0;0;38874;151;0;0;0;0;0;15043;0;0;0;0;0;2;0;0;0;0;0;0;0;0;0;147851;1;0;0;0;0;0;45;1409;0;0;40;0;0;0;0;0;0;1;5983;0;0;0;0;3;0;0;0;0;0;0;0;0;0;0;0;0;0;1;1501476;0;0;0;0;0;0;1
0;0;0;6357;0;60;40;0;0;0;0;0;1;19859;37;0;0;0;0;0;164544;0;0;0;0;0;0;450;0;0;0;0;0;0;0;0;0;0;0;0;0;38023549;0;0;3;0;0;0;3295;0;23449;0;0;0;0;0;0;0;0;11718;0;0;0;0;0;0;0;0;0;0;0;0;0;0;0;0;0;0;0;9774;0;0;0;22;0;0;196135;0;471171;0;2;0;0;0;0;0;0;0;0;0;0;2;2;0;2;25176;0;1;0;471733;0;0;3073;0;0;9081;0;1;0;0;0;38875;151;0;0;0;0;0;15043;0;0;0;0;0;2;0;0;0;0;0;0;0;0;0;147932;1;0;0;0;0;0;45;1410;0;0;40;0;0;0;0;0;0;1;5983;0;0;0;0;3;0;0;0;0;0;0;0;0;0;0;0;0;0;1;1502635;0;0;0;0;0;0;1
0;0;0;6357;0;60;40;0;0;0;0;0;1;19859;37;0;0;0;0;0;164638;0;0;0;0;0;0;450;0;0;0;0;0;0;0;0;0;0;0;0;0;39024555;0;0;3;0;0;0;3295;0;23449;0;0;0;0;0;0;0;0;11718;0;0;0;0;0;0;0;0;0;0;0;0;0;0;0;0;0;0;0;9774;0;0;0;22;0;0;196135;0;471421;0;2;0;0;0;0;0;0;0;0;0;0;2;2;0;2;25176;0;1;0;471983;0;0;3073;0;0;9081;0;1;0;0;0;38875;151;0;0;0;0;0;15043;0;0;0;0;0;2;0;0;0;0;0;0;0;0;0;148015;1;0;0;0;0;0;45;1411;0;0;40;0;0;0;0;0;0;1;5983;0;0;0;0;3;0;0;0;0;0;0;0;0;0;0;0;0;0;1;1503786;0;0;0;0;0;0;1
0;0;0;6357;0;60;40;0;0;0;0;0;1;19859;37;0;0;0;0;0;164732;0;0;0;0;0;0;450;0;0;0;0;0;0;0;0;0;0;0;0;0;40025441;0;0;3;0;0;0;3295;0;23450;0;0;0;0;0;0;0;0;11718;0;0;0;0;0;0;0;0;0;0;0;0;0;0;0;0;0;0;0;9774;0;0;0;22;0;0;196135;0;471671;0;2;0;0;0;0;0;0;0;0;0;0;2;2;0;2;25176;0;1;0;472233;0;0;3074;0;0;9082;0;1;0;0;0;38876;151;0;0;0;0;0;15043;0;0;0;0;0;2;0;0;0;0;0;0;0;0;0;148097;1;0;0;0;0;0;45;1413;0;0;40;0;0;0;0;0;0;1;5983;0;0;0;0;3;0;0;0;0;0;0;0;0;0;0;0;0;0;1;1504941;0;0;0;0;0;0;1
0;0;0;6357;0;60;40;0;0;0;0;0;1;19859;37;0;0;0;0;0;164826;0;0;0;0;0;0;450;0;0;0;0;0;0;0;0;0;0;0;0;0;41025656;0;0;3;0;0;0;3295;0;23450;0;0;0;0;0;0;0;0;11718;0;0;0;0;0;0;0;0;0;0;0;0;0;0;0;0;0;0;0;9774;0;0;0;22;0;0;196135;0;471921;0;2;0;0;0;0;0;0;0;0;0;0;2;2;0;2;25176;0;1;0;472483;0;0;3074;0;0;9082;0;1;0;0;0;38876;151;0;0;0;0;0;15043;0;0;0;0;0;2;0;0;0;0;0;0;0;0;0;148178;1;0;0;0;0;0;45;1413;0;0;40;0;0;0;0;0;0;1;5983;0;0;0;0;3;0;0;0;0;0;0;0;0;0;0;0;0;0;1;1506092;0;0;0;0;0;0;1
0;0;0;6357;0;60;40;0;0;0;0;0;1;19859;37;0;0;0;0;0;164920;0;0;0;0;0;0;450;0;0;0;0;0;0;0;0;0;0;0;0;0;42026661;0;0;3;0;0;0;3295;0;23451;0;0;0;0;0;0;0;0;11718;0;0;0;0;0;0;0;0;0;0;0;0;0;0;0;0;0;0;0;9774;0;0;0;22;0;0;196135;0;472172;0;2;0;0;0;0;0;0;0;0;0;0;2;2;0;2;25176;0;1;0;472734;0;0;3075;0;0;9083;0;1;0;0;0;38877;151;0;0;0;0;0;15043;0;0;0;0;0;2;0;0;0;0;0;0;0;0;0;148261;1;0;0;0;0;0;45;1414;0;0;40;0;0;0;0;0;0;1;5983;0;0;0;0;3;0;0;0;0;0;0;0;0;0;0;0;0;0;1;1507243;0;0;0;0;0;0;1
0;0;0;6357;0;60;40;0;0;0;0;0;1;19859;37;0;0;0;0;0;165015;0;0;0;0;0;0;450;0;0;0;0;0;0;0;0;0;0;0;0;0;43026707;0;0;3;0;0;0;3295;0;23451;0;0;0;0;0;0;0;0;11718;0;0;0;0;0;0;0;0;0;0;0;0;0;0;0;0;0;0;0;9774;0;0;0;22;0;0;196135;0;472422;0;2;0;0;0;0;0;0;0;0;0;0;2;2;0;2;25176;0;1;0;472984;0;0;3075;0;0;9083;0;1;0;0;0;38877;151;0;0;0;0;0;15043;0;0;0;0;0;2;0;0;0;0;0;0;0;0;0;148343;1;0;0;0;0;0;45;1416;0;0;40;0;0;0;0;0;0;1;5983;0;0;0;0;3;0;0;0;0;0;0;0;0;0;0;0;0;0;1;1508397;0;0;0;0;0;0;1
0;0;0;6357;0;60;40;0;0;0;0;0;1;19859;37;0;0;0;0;0;165109;0;0;0;0;0;0;450;0;0;0;0;0;0;0;0;0;0;0;0;0;44027713;0;0;3;0;0;0;3295;0;23452;0;0;0;0;0;0;0;0;11718;0;0;0;0;0;0;0;0;0;0;0;0;0;0;0;0;0;0;0;9774;0;0;0;22;0;0;196135;0;472672;0;2;0;0;0;0;0;0;0;0;0;0;2;2;0;2;25176;0;1;0;473235;0;0;3076;0;0;9084;0;1;0;0;0;38878;151;0;0;0;0;0;15043;0;0;0;0;0;2;0;0;0;0;0;0;0;0;0;148425;1;0;0;0;0;0;45;1417;0;0;40;0;0;0;0;0;0;1;5983;0;0;0;0;3;0;0;0;0;0;0;0;0;0;0;0;0;0;1;1509548;0;0;0;0;0;0;1
0;0;0;6357;0;60;40;0;0;0;0;0;1;19859;37;0;0;0;0;0;165203;0;0;0;0;0;0;450;0;0;0;0;0;0;0;0;0;0;0;0;0;45027762;0;0;3;0;0;0;3295;0;23452;0;0;0;0;0;0;0;0;11718;0;0;0;0;0;0;0;0;0;0;0;0;0;0;0;0;0;0;0;9774;0;0;0;22;0;0;196135;0;472922;0;2;0;0;0;0;0;0;0;0;0;0;2;2;0;2;25176;0;1;0;473485;0;0;3076;0;0;9084;0;1;0;0;0;38878;151;0;0;0;0;0;15043;0;0;0;0;0;2;0;0;0;0;0;0;0;0;0;148507;1;0;0;0;0;0;45;1418;0;0;40;0;0;0;0;0;0;1;5983;0;0;0;0;3;0;0;0;0;0;0;0;0;0;0;0;0;0;1;1510701;0;0;0;0;0;0;1
0;0;0;6357;0;60;40;0;0;0;0;0;1;19859;37;0;0;0;0;0;165297;0;0;0;0;0;0;450;0;0;0;0;0;0;0;0;0;0;0;0;0;46028768;0;0;3;0;0;0;3295;0;23453;0;0;0;0;0;0;0;0;11718;0;0;0;0;0;0;0;0;0;0;0;0;0;0;0;0;0;0;0;9774;0;0;0;22;0;0;196135;0;473172;0;2;0;0;0;0;0;0;0;0;0;0;2;2;0;2;25176;0;1;0;473735;0;0;3077;0;0;9085;0;1;0;0;0;38879;151;0;0;0;0;0;15043;0;0;0;0;0;2;0;0;0;0;0;0;0;0;0;148588;1;0;0;0;0;0;45;1420;0;0;40;0;0;0;0;0;0;1;5983;0;0;0;0;3;0;0;0;0;0;0;0;0;0;0;0;0;0;1;1511852;0;0;0;0;0;0;1
0;0;0;6357;0;60;40;0;0;0;0;0;1;19859;37;0;0;0;0;0;165391;0;0;0;0;0;0;450;0;0;0;0;0;0;0;0;0;0;0;0;0;47029441;0;0;3;0;0;0;3295;0;23453;0;0;0;0;0;0;0;0;11718;0;0;0;0;0;0;0;0;0;0;0;0;0;0;0;0;0;0;0;9774;0;0;0;22;0;0;196135;0;473422;0;2;0;0;0;0;0;0;0;0;0;0;2;2;0;2;25176;0;1;0;473985;0;0;3077;0;0;9085;0;1;0;0;0;38879;151;0;0;0;0;0;15043;0;0;0;0;0;2;0;0;0;0;0;0;0;0;0;148671;1;0;0;0;0;0;45;1420;0;0;40;0;0;0;0;0;0;1;5983;0;0;0;0;3;0;0;0;0;0;0;0;0;0;0;0;0;0;1;1513007;0;0;0;0;0;0;1
0;0;0;6357;0;60;40;0;0;0;0;0;1;19859;37;0;0;0;0;0;165485;0;0;0;0;0;0;450;0;0;0;0;0;0;0;0;0;0;0;0;0;48029867;0;0;3;0;0;0;3295;0;23454;0;0;0;0;0;0;0;0;11718;0;0;0;0;0;0;0;0;0;0;0;0;0;0;0;0;0;0;0;9774;0;0;0;22;0;0;196135;0;473673;0;2;0;0;0;0;0;0;0;0;0;0;2;2;0;2;25176;0;1;0;474235;0;0;3078;0;0;9086;0;1;0;0;0;38880;151;0;0;0;0;0;15043;0;0;0;0;0;2;0;0;0;0;0;0;0;0;0;148753;1;0;0;0;0;0;45;1423;0;0;40;0;0;0;0;0;0;1;5983;0;0;0;0;3;0;0;0;0;0;0;0;0;0;0;0;0;0;1;1514158;0;0;0;0;0;0;1
0;0;0;6357;0;60;40;0;0;0;0;0;1;19859;37;0;0;0;0;0;165580;0;0;0;0;0;0;450;0;0;0;0;0;0;0;0;0;0;0;0;0;49030872;0;0;3;0;0;0;3295;0;23454;0;0;0;0;0;0;0;0;11718;0;0;0;0;0;0;0;0;0;0;0;0;0;0;0;0;0;0;0;9774;0;0;0;22;0;0;196135;0;473923;0;2;0;0;0;0;0;0;0;0;0;0;2;2;0;2;25176;0;1;0;474486;0;0;3078;0;0;9086;0;1;0;0;0;38880;151;0;0;0;0;0;15043;0;0;0;0;0;2;0;0;0;0;0;0;0;0;0;148835;1;0;0;0;0;0;45;1425;0;0;40;0;0;0;0;0;0;1;5983;0;0;0;0;3;0;0;0;0;0;0;0;0;0;0;0;0;0;1;1515309;0;0;0;0;0;0;1
0;0;0;6357;0;60;40;0;0;0;0;0;1;19859;37;0;0;0;0;0;165674;0;0;0;0;0;0;450;0;0;0;0;0;0;0;0;0;0;0;0;0;50031141;0;0;3;0;0;0;3295;0;23455;0;0;0;0;0;0;0;0;11718;0;0;0;0;0;0;0;0;0;0;0;0;0;0;0;0;0;0;0;9774;0;0;0;22;0;0;196135;0;474173;0;2;0;0;0;0;0;0;0;0;0;0;2;2;0;2;25176;0;1;0;474736;0;0;3081;0;0;9090;0;1;0;0;0;38881;151;0;0;0;0;0;15043;0;0;0;0;0;2;0;0;0;0;0;0;0;0;0;148917;1;0;0;0;0;0;45;1427;0;0;40;0;0;0;0;0;0;1;5983;0;0;0;0;3;0;0;0;0;0;0;0;0;0;0;0;0;0;1;1516464;0;0;0;0;0;0;1
0;0;0;6357;0;60;40;0;0;0;0;0;1;19859;37;0;0;0;0;0;165769;0;0;0;0;0;0;450;0;0;0;0;0;0;0;0;0;0;0;0;0;51032143;0;0;3;0;0;0;3295;0;23455;0;0;0;0;0;0;0;0;11718;0;0;0;0;0;0;0;0;0;0;0;0;0;0;0;0;0;0;0;9774;0;0;0;22;0;0;196135;0;474423;0;2;0;0;0;0;0;0;0;0;0;0;2;2;0;2;25176;0;1;0;474986;0;0;3081;0;0;9090;0;1;0;0;0;38881;151;0;0;0;0;0;15043;0;0;0;0;0;2;0;0;0;0;0;0;0;0;0;149000;1;0;0;0;0;0;45;1427;0;0;40;0;0;0;0;0;0;1;5983;0;0;0;0;3;0;0;0;0;0;0;0;0;0;0;0;0;0;1;1517615;0;0;0;0;0;0;1
0;0;0;6357;0;60;40;0;0;0;0;0;1;19859;37;0;0;0;0;0;165863;0;0;0;0;0;0;450;0;0;0;0;0;0;0;0;0;0;0;0;0;52032187;0;0;3;0;0;0;3295;0;23456;0;0;0;0;0;0;0;0;11718;0;0;0;0;0;0;0;0;0;0;0;0;0;0;0;0;0;0;0;9774;0;0;0;22;0;0;196135;0;474673;0;2;0;0;0;0;0;0;0;0;0;0;2;2;0;2;25176;0;1;0;475236;0;0;3082;0;0;9091;0;1;0;0;0;38882;151;0;0;0;0;0;15043;0;0;0;0;0;2;0;0;0;0;0;0;0;0;0;149081;1;0;0;0;0;0;45;1428;0;0;40;0;0;0;0;0;0;1;5983;0;0;0;0;3;0;0;0;0;0;0;0;0;0;0;0;0;0;1;1518768;0;0;0;0;0;0;1
0;0;0;6357;0;60;40;0;0;0;0;0;1;19859;37;0;0;0;0;0;165958;0;0;0;0;0;0;450;0;0;0;0;0;0;0;0;0;0;0;0;0;53033191;0;0;3;0;0;0;3295;0;23456;0;0;0;0;0;0;0;0;11718;0;0;0;0;0;0;0;0;0;0;0;0;0;0;0;0;0;0;0;9774;0;0;0;22;0;0;196135;0;474923;0;2;0;0;0;0;0;0;0;0;0;0;2;2;0;2;25176;0;1;0;475486;0;0;3082;0;0;9091;0;1;0;0;0;38882;151;0;0;0;0;0;15043;0;0;0;0;0;2;0;0;0;0;0;0;0;0;0;149163;1;0;0;0;0;0;45;1430;0;0;40;0;0;0;0;0;0;1;5983;0;0;0;0;3;0;0;0;0;0;0;0;0;0;0;0;0;0;1;1519919;0;0;0;0;0;0;1
0;0;0;6357;0;60;40;0;0;0;0;0;1;19859;37;0;0;0;0;0;166052;0;0;0;0;0;0;450;0;0;0;0;0;0;0;0;0;0;0;0;0;54033441;0;0;3;0;0;0;3295;0;23457;0;0;0;0;0;0;0;0;11718;0;0;0;0;0;0;0;0;0;0;0;0;0;0;0;0;0;0;0;9774;0;0;0;22;0;0;196135;0;475173;0;2;0;0;0;0;0;0;0;0;0;0;2;2;0;2;25176;0;1;0;475736;0;0;3083;0;0;9092;0;1;0;0;0;38883;151;0;0;0;0;0;15043;0;0;0;0;0;2;0;0;0;0;0;0;0;0;0;149244;1;0;0;0;0;0;45;1430;0;0;40;0;0;0;0;0;0;1;5983;0;0;0;0;3;0;0;0;0;0;0;0;0;0;0;0;0;0;1;1521074;0;0;0;0;0;0;1
0;0;0;6357;0;60;40;0;0;0;0;0;1;19859;37;0;0;0;0;0;166147;0;0;0;0;0;0;450;0;0;0;0;0;0;0;0;0;0;0;0;0;55034293;0;0;3;0;0;0;3295;0;23457;0;0;0;0;0;0;0;0;11718;0;0;0;0;0;0;0;0;0;0;0;0;0;0;0;0;0;0;0;9774;0;0;0;22;0;0;196135;0;475424;0;2;0;0;0;0;0;0;0;0;0;0;2;2;0;2;25176;0;1;0;475987;0;0;3083;0;0;9092;0;1;0;0;0;38883;151;0;0;0;0;0;15043;0;0;0;0;0;2;0;0;0;0;0;0;0;0;0;149326;1;0;0;0;0;0;45;1431;0;0;40;0;0;0;0;0;0;1;5983;0;0;0;0;3;0;0;0;0;0;0;0;0;0;0;0;0;0;1;1522225;0;0;0;0;0;0;1
0;0;0;6357;0;60;40;0;0;0;0;0;1;19859;37;0;0;0;0;0;166242;0;0;0;0;0;0;450;0;0;0;0;0;0;0;0;0;0;0;0;0;56035299;0;0;3;0;0;0;3295;0;23458;0;0;0;0;0;0;0;0;11718;0;0;0;0;0;0;0;0;0;0;0;0;0;0;0;0;0;0;0;9774;0;0;0;22;0;0;196135;0;475674;0;2;0;0;0;0;0;0;0;0;0;0;2;2;0;2;25176;0;1;0;476237;0;0;3084;0;0;9093;0;1;0;0;0;38884;151;0;0;0;0;0;15043;0;0;0;0;0;2;0;0;0;0;0;0;0;0;0;149408;1;0;0;0;0;0;45;1433;0;0;40;0;0;0;0;0;0;1;5983;0;0;0;0;3;0;0;0;0;0;0;0;0;0;0;0;0;0;1;1523376;0;0;0;0;0;0;1
0;0;0;6357;0;60;40;0;0;0;0;0;1;19859;37;0;0;0;0;0;166336;0;0;0;0;0;0;450;0;0;0;0;0;0;0;0;0;0;0;0;0;57035346;0;0;3;0;0;0;3295;0;23458;0;0;0;0;0;0;0;0;11718;0;0;0;0;0;0;0;0;0;0;0;0;0;0;0;0;0;0;0;9774;0;0;0;22;0;0;196135;0;475924;0;2;0;0;0;0;0;0;0;0;0;0;2;2;0;2;25176;0;1;0;476487;0;0;3084;0;0;9094;0;1;0;0;0;38884;151;0;0;0;0;0;15043;0;0;0;0;0;2;0;0;0;0;0;0;0;0;0;149489;1;0;0;0;0;0;45;1433;0;0;40;0;0;0;0;0;0;1;5983;0;0;0;0;3;0;0;0;0;0;0;0;0;0;0;0;0;0;1;1524530;0;0;0;0;0;0;1
0;0;0;6357;0;60;40;0;0;0;0;0;1;19859;37;0;0;0;0;0;166431;0;0;0;0;0;0;450;0;0;0;0;0;0;0;0;0;0;0;0;0;58036351;0;0;3;0;0;0;3295;0;23459;0;0;0;0;0;0;0;0;11718;0;0;0;0;0;0;0;0;0;0;0;0;0;0;0;0;0;0;0;9774;0;0;0;22;0;0;196135;0;476174;0;2;0;0;0;0;0;0;0;0;0;0;2;2;0;2;25176;0;1;0;476737;0;0;3085;0;0;9095;0;1;0;0;0;38885;151;0;0;0;0;0;15043;0;0;0;0;0;2;0;0;0;0;0;0;0;0;0;149572;1;0;0;0;0;0;45;1434;0;0;40;0;0;0;0;0;0;1;5983;0;0;0;0;3;0;0;0;0;0;0;0;0;0;0;0;0;0;1;1525681;0;0;0;0;0;0;1
0;0;0;6357;0;60;40;0;0;0;0;0;1;19859;37;0;0;0;0;0;166525;0;0;0;0;0;0;450;0;0;0;0;0;0;0;0;0;0;0;0;0;59036399;0;0;3;0;0;0;3295;0;23459;0;0;0;0;0;0;0;0;11718;0;0;0;0;0;0;0;0;0;0;0;0;0;0;0;0;0;0;0;9774;0;0;0;22;0;0;196135;0;476424;0;2;0;0;0;0;0;0;0;0;0;0;2;2;0;2;25176;0;1;0;476987;0;0;3085;0;0;9095;0;1;0;0;0;38885;151;0;0;0;0;0;15043;0;0;0;0;0;2;0;0;0;0;0;0;0;0;0;149654;1;0;0;0;0;0;45;1436;0;0;40;0;0;0;0;0;0;1;5983;0;0;0;0;3;0;0;0;0;0;0;0;0;0;0;0;0;0;1;1526835;0;0;0;0;0;0;1
0;0;0;6357;0;60;40;0;0;0;0;0;1;19859;37;0;0;0;0;0;166620;0;0;0;0;0;0;450;0;0;0;0;0;0;0;0;0;0;0;0;0;60037405;0;0;3;0;0;0;3295;0;23460;0;0;0;0;0;0;0;0;11718;0;0;0;0;0;0;0;0;0;0;0;0;0;0;0;0;0;0;0;9774;0;0;0;22;0;0;196135;0;476674;0;2;0;0;0;0;0;0;0;0;0;0;2;2;0;2;25176;0;1;0;477237;0;0;3086;0;0;9096;0;1;0;0;0;38886;151;0;0;0;0;0;15043;0;0;0;0;0;2;0;0;0;0;0;0;0;0;0;149736;1;0;0;0;0;0;45;1436;0;0;40;0;0;0;0;0;0;1;5983;0;0;0;0;3;0;0;0;0;0;0;0;0;0;0;0;0;0;1;1527987;0;0;0;0;0;0;1
0;0;0;6357;0;60;40;0;0;0;0;0;1;19859;37;0;0;0;0;0;166714;0;0;0;0;0;0;450;0;0;0;0;0;0;0;0;0;0;0;0;0;61037441;0;0;3;0;0;0;3295;0;23460;0;0;0;0;0;0;0;0;11718;0;0;0;0;0;0;0;0;0;0;0;0;0;0;0;0;0;0;0;9774;0;0;0;22;0;0;196135;0;476924;0;2;0;0;0;0;0;0;0;0;0;0;2;2;0;2;25176;0;1;0;477487;0;0;3086;0;0;9096;0;1;0;0;0;38886;151;0;0;0;0;0;15043;0;0;0;0;0;2;0;0;0;0;0;0;0;0;0;149818;1;0;0;0;0;0;45;1437;0;0;40;0;0;0;0;0;0;1;5983;0;0;0;0;3;0;0;0;0;0;0;0;0;0;0;0;0;0;1;1529137;0;0;0;0;0;0;1
0;0;0;6357;0;60;40;0;0;0;0;0;1;19859;37;0;0;0;0;0;166809;0;0;0;0;0;0;450;0;0;0;0;0;0;0;0;0;0;0;0;0;62038448;0;0;3;0;0;0;3295;0;23461;0;0;0;0;0;0;0;0;11718;0;0;0;0;0;0;0;0;0;0;0;0;0;0;0;0;0;0;0;9774;0;0;0;22;0;0;196135;0;477175;0;2;0;0;0;0;0;0;0;0;0;0;2;2;0;2;25176;0;1;0;477738;0;0;3087;0;0;9097;0;1;0;0;0;38887;151;0;0;0;0;0;15043;0;0;0;0;0;2;0;0;0;0;0;0;0;0;0;149900;1;0;0;0;0;0;45;1440;0;0;40;0;0;0;0;0;0;1;5983;0;0;0;0;3;0;0;0;0;0;0;0;0;0;0;0;0;0;1;1530288;0;0;0;0;0;0;1
0;0;0;6357;0;60;40;0;0;0;0;0;1;19859;37;0;0;0;0;0;166903;0;0;0;0;0;0;450;0;0;0;0;0;0;0;0;0;0;0;0;0;63038496;0;0;3;0;0;0;3295;0;23461;0;0;0;0;0;0;0;0;11718;0;0;0;0;0;0;0;0;0;0;0;0;0;0;0;0;0;0;0;9774;0;0;0;22;0;0;196135;0;477425;0;2;0;0;0;0;0;0;0;0;0;0;2;2;0;2;25177;0;1;0;477988;0;0;3087;0;0;9097;0;1;0;0;0;38887;151;0;0;0;0;0;15043;0;0;0;0;0;2;0;0;0;0;0;0;0;0;0;149982;1;0;0;0;0;0;45;1441;0;0;40;0;0;0;0;0;0;1;5983;0;0;0;0;3;0;0;0;0;0;0;0;0;0;0;0;0;0;1;1531442;0;0;0;0;0;0;1
0;0;0;6357;0;60;40;0;0;0;0;0;1;19859;37;0;0;0;0;0;166998;0;0;0;0;0;0;450;0;0;0;0;0;0;0;0;0;0;0;0;0;64039502;0;0;3;0;0;0;3295;0;23462;0;0;0;0;0;0;0;0;11718;0;0;0;0;0;0;0;0;0;0;0;0;0;0;0;0;0;0;0;9774;0;0;0;22;0;0;196135;0;477675;0;2;0;0;0;0;0;0;0;0;0;0;2;2;0;2;25177;0;1;0;478238;0;0;3088;0;0;9098;0;1;0;0;0;38888;151;0;0;0;0;0;15043;0;0;0;0;0;2;0;0;0;0;0;0;0;0;0;150065;1;0;0;0;0;0;45;1442;0;0;40;0;0;0;0;0;0;1;5983;0;0;0;0;3;0;0;0;0;0;0;0;0;0;0;0;0;0;1;1532593;0;0;0;0;0;0;1
0;0;0;6357;0;60;40;0;0;0;0;0;1;19860;37;0;0;0;0;0;167092;0;0;0;0;0;0;450;0;0;0;0;0;0;0;0;0;0;0;0;0;65039548;0;0;3;0;0;0;3295;0;23462;0;0;0;0;0;0;0;0;11718;0;0;0;0;0;0;0;0;0;0;0;0;0;0;0;0;0;0;0;9774;0;0;0;22;0;0;196135;0;477925;0;2;0;0;0;0;0;0;0;0;0;0;2;2;0;2;25177;0;1;0;478488;0;0;3088;0;0;9098;0;1;0;0;0;38888;151;0;0;0;0;0;15043;0;0;0;0;0;2;0;0;0;0;0;0;0;0;0;150146;1;0;0;0;0;0;45;1444;0;0;40;0;0;0;0;0;0;1;5983;0;0;0;0;3;0;0;0;0;0;0;0;0;0;0;0;0;0;1;1533746;0;0;0;0;0;0;1
0;0;0;6357;0;60;40;0;0;0;0;0;1;19860;37;0;0;0;0;0;167186;0;0;0;0;0;0;450;0;0;0;0;0;0;0;0;0;0;0;0;0;66040555;0;0;3;0;0;0;3295;0;23463;0;0;0;0;0;0;0;0;11718;0;0;0;0;0;0;0;0;0;0;0;0;0;0;0;0;0;0;0;9774;0;0;0;22;0;0;196135;0;478175;0;2;0;0;0;0;0;0;0;0;0;0;2;2;0;2;25178;0;1;0;478738;0;0;3089;0;0;9099;0;1;0;0;0;38889;151;0;0;0;0;0;15043;0;0;0;0;0;2;0;0;0;0;0;0;0;0;0;150228;1;0;0;0;0;0;45;1445;0;0;40;0;0;0;0;0;0;1;5983;0;0;0;0;3;0;0;0;0;0;0;0;0;0;0;0;0;0;1;1534897;0;0;0;0;0;0;1
0;0;0;6357;0;60;40;0;0;0;0;0;1;19860;37;0;0;0;0;0;167281;0;0;0;0;0;0;450;0;0;0;0;0;0;0;0;0;0;0;0;0;67041440;0;0;3;0;0;0;3295;0;23463;0;0;0;0;0;0;0;0;11718;0;0;0;0;0;0;0;0;0;0;0;0;0;0;0;0;0;0;0;9774;0;0;0;22;0;0;196135;0;478425;0;2;0;0;0;0;0;0;0;0;0;0;2;2;0;2;25178;0;1;0;478988;0;0;3089;0;0;9099;0;1;0;0;0;38889;151;0;0;0;0;0;15043;0;0;0;0;0;2;0;0;0;0;0;0;0;0;0;150310;1;0;0;0;0;0;45;1446;0;0;40;0;0;0;0;0;0;1;5983;0;0;0;0;3;0;0;0;0;0;0;0;0;0;0;0;0;0;1;1536052;0;0;0;0;0;0;1
0;0;0;6357;0;60;40;0;0;0;0;0;1;19860;37;0;0;0;0;0;167375;0;0;0;0;0;0;450;0;0;0;0;0;0;0;0;0;0;0;0;0;68041656;0;0;3;0;0;0;3295;0;23464;0;0;0;0;0;0;0;0;11718;0;0;0;0;0;0;0;0;0;0;0;0;0;0;0;0;0;0;0;9774;0;0;0;22;0;0;196135;0;478675;0;2;0;0;0;0;0;0;0;0;0;0;2;2;0;2;25178;0;1;0;479238;0;0;3090;0;0;9100;0;1;0;0;0;38890;151;0;0;0;0;0;15043;0;0;0;0;0;2;0;0;0;0;0;0;0;0;0;150392;1;0;0;0;0;0;45;1449;0;0;40;0;0;0;0;0;0;1;5983;0;0;0;0;3;0;0;0;0;0;0;0;0;0;0;0;0;0;1;1537203;0;0;0;0;0;0;1
0;0;0;6357;0;60;40;0;0;0;0;0;1;19860;37;0;0;0;0;0;167469;0;0;0;0;0;0;450;0;0;0;0;0;0;0;0;0;0;0;0;0;69042663;0;0;3;0;0;0;3295;0;23464;0;0;0;0;0;0;0;0;11718;0;0;0;0;0;0;0;0;0;0;0;0;0;0;0;0;0;0;0;9774;0;0;0;22;0;0;196135;0;478926;0;2;0;0;0;0;0;0;0;0;0;0;2;2;0;2;25178;0;1;0;479489;0;0;3090;0;0;9100;0;1;0;0;0;38890;151;0;0;0;0;0;15043;0;0;0;0;0;2;0;0;0;0;0;0;0;0;0;150474;1;0;0;0;0;0;45;1451;0;0;40;0;0;0;0;0;0;1;5983;0;0;0;0;3;0;0;0;0;0;0;0;0;0;0;0;0;0;1;1538354;0;0;0;0;0;0;1
0;0;0;6357;0;60;40;0;0;0;0;0;1;19860;37;0;0;0;0;0;167563;0;0;0;0;0;0;450;0;0;0;0;0;0;0;0;0;0;0;0;0;70042710;0;0;3;0;0;0;3295;0;23465;0;0;0;0;0;0;0;0;11718;0;0;0;0;0;0;0;0;0;0;0;0;0;0;0;0;0;0;0;9774;0;0;0;22;0;0;196135;0;479176;0;2;0;0;0;0;0;0;0;0;0;0;2;2;0;2;25179;0;1;0;479740;0;0;3091;0;0;9101;0;1;0;0;0;38891;151;0;0;0;0;0;15043;0;0;0;0;0;2;0;0;0;0;0;0;0;0;0;150555;1;0;0;0;0;0;45;1452;0;0;40;0;0;0;0;0;0;1;5983;0;0;0;0;3;0;0;0;0;0;0;0;0;0;0;0;0;0;1;1539508;0;0;0;0;0;0;1
0;0;0;6357;0;60;40;0;0;0;0;0;1;19860;37;0;0;0;0;0;167657;0;0;0;0;0;0;450;0;0;0;0;0;0;0;0;0;0;0;0;0;71043714;0;0;3;0;0;0;3295;0;23465;0;0;0;0;0;0;0;0;11718;0;0;0;0;0;0;0;0;0;0;0;0;0;0;0;0;0;0;0;9774;0;0;0;22;0;0;196135;0;479426;0;2;0;0;0;0;0;0;0;0;0;0;2;2;0;2;25179;0;1;0;479990;0;0;3091;0;0;9101;0;1;0;0;0;38891;151;0;0;0;0;0;15043;0;0;0;0;0;2;0;0;0;0;0;0;0;0;0;150638;1;0;0;0;0;0;45;1454;0;0;40;0;0;0;0;0;0;1;5983;0;0;0;0;3;0;0;0;0;0;0;0;0;0;0;0;0;0;1;1540659;0;0;0;0;0;0;1
0;0;0;6357;0;60;40;0;0;0;0;0;1;19860;37;0;0;0;0;0;167751;0;0;0;0;0;0;450;0;0;0;0;0;0;0;0;0;0;0;0;0;72043760;0;0;3;0;0;0;3295;0;23466;0;0;0;0;0;0;0;0;11718;0;0;0;0;0;0;0;0;0;0;0;0;0;0;0;0;0;0;0;9774;0;0;0;22;0;0;196135;0;479676;0;2;0;0;0;0;0;0;0;0;0;0;2;2;0;2;25179;0;1;0;480240;0;0;3092;0;0;9102;0;1;0;0;0;38892;151;0;0;0;0;0;15043;0;0;0;0;0;2;0;0;0;0;0;0;0;0;0;150720;1;0;0;0;0;0;45;1455;0;0;40;0;0;0;0;0;0;1;5983;0;0;0;0;3;0;0;0;0;0;0;0;0;0;0;0;0;0;1;1541813;0;0;0;0;0;0;1
0;0;0;6357;0;60;40;0;0;0;0;0;1;19860;37;0;0;0;0;0;167846;0;0;0;0;0;0;450;0;0;0;0;0;0;0;0;0;0;0;0;0;73044767;0;0;3;0;0;0;3295;0;23466;0;0;0;0;0;0;0;0;11718;0;0;0;0;0;0;0;0;0;0;0;0;0;0;0;0;0;0;0;9774;0;0;0;22;0;0;196135;0;479926;0;2;0;0;0;0;0;0;0;0;0;0;2;2;0;2;25179;0;1;0;480490;0;0;3092;0;0;9102;0;1;0;0;0;38892;151;0;0;0;0;0;15043;0;0;0;0;0;2;0;0;0;0;0;0;0;0;0;150801;1;0;0;0;0;0;45;1456;0;0;40;0;0;0;0;0;0;1;5983;0;0;0;0;3;0;0;0;0;0;0;0;0;0;0;0;0;0;1;1542964;0;0;0;0;0;0;1
0;0;0;6357;0;60;40;0;0;0;0;0;1;19860;37;0;0;0;0;0;167940;0;0;0;0;0;0;450;0;0;0;0;0;0;0;0;0;0;0;0;0;74045441;0;0;3;0;0;0;3295;0;23467;0;0;0;0;0;0;0;0;11718;0;0;0;0;0;0;0;0;0;0;0;0;0;0;0;0;0;0;0;9774;0;0;0;22;0;0;196135;0;480176;0;2;0;0;0;0;0;0;0;0;0;0;2;2;0;2;25179;0;1;0;480740;0;0;3093;0;0;9103;0;1;0;0;0;38893;151;0;0;0;0;0;15043;0;0;0;0;0;2;0;0;0;0;0;0;0;0;0;150884;1;0;0;0;0;0;45;1458;0;0;40;0;0;0;0;0;0;1;5983;0;0;0;0;3;0;0;0;0;0;0;0;0;0;0;0;0;0;1;1544119;0;0;0;0;0;0;1
0;0;0;6357;0;60;40;0;0;0;0;0;1;19860;37;0;0;0;0;0;168034;0;0;0;0;0;0;450;0;0;0;0;0;0;0;0;0;0;0;0;0;75045868;0;0;3;0;0;0;3295;0;23467;0;0;0;0;0;0;0;0;11718;0;0;0;0;0;0;0;0;0;0;0;0;0;0;0;0;0;0;0;9774;0;0;0;22;0;0;196135;0;480427;0;2;0;0;0;0;0;0;0;0;0;0;2;2;0;2;25179;0;1;0;480990;0;0;3093;0;0;9103;0;1;0;0;0;38893;151;0;0;0;0;0;15043;0;0;0;0;0;2;0;0;0;0;0;0;0;0;0;150966;1;0;0;0;0;0;45;1458;0;0;40;0;0;0;0;0;0;1;5983;0;0;0;0;3;0;0;0;0;0;0;0;0;0;0;0;0;0;1;1545270;0;0;0;0;0;0;1
0;0;0;6357;0;60;40;0;0;0;0;0;1;19860;37;0;0;0;0;0;168128;0;0;0;0;0;0;450;0;0;0;0;0;0;0;0;0;0;0;0;0;76046873;0;0;3;0;0;0;3295;0;23468;0;0;0;0;0;0;0;0;11718;0;0;0;0;0;0;0;0;0;0;0;0;0;0;0;0;0;0;0;9774;0;0;0;22;0;0;196135;0;480677;0;2;0;0;0;0;0;0;0;0;0;0;2;2;0;2;25179;0;1;0;481241;0;0;3094;0;0;9104;0;1;0;0;0;38894;151;0;0;0;0;0;15043;0;0;0;0;0;2;0;0;0;0;0;0;0;0;0;151049;1;0;0;0;0;0;45;1459;0;0;40;0;0;0;0;0;0;1;5983;0;0;0;0;3;0;0;0;0;0;0;0;0;0;0;0;0;0;1;1546421;0;0;0;0;0;0;1
0;0;0;6357;0;60;40;0;0;0;0;0;1;19861;37;0;0;0;0;0;168222;0;0;0;0;0;0;450;0;0;0;0;0;0;0;0;0;0;0;0;0;77047557;0;0;3;0;0;0;3295;0;23468;0;0;0;0;0;0;0;0;11718;0;0;0;0;0;0;0;0;0;0;0;0;0;0;0;0;0;0;0;9774;0;0;0;22;0;0;196135;0;480927;0;2;0;0;0;0;0;0;0;0;0;0;2;2;0;2;25179;0;1;0;481491;0;0;3097;0;0;9151;0;1;0;0;0;38894;151;0;0;0;0;0;15043;0;0;0;0;0;2;0;0;0;0;0;0;0;0;0;151129;1;0;0;0;0;0;45;1461;0;0;40;0;0;0;0;0;0;1;5983;0;0;0;0;3;0;0;0;0;0;0;0;0;0;0;0;0;0;1;1547574;0;0;0;0;0;0;1
0;0;0;6357;0;60;40;0;0;0;0;0;1;19861;37;0;0;0;0;0;168316;0;0;0;0;0;0;450;0;0;0;0;0;0;0;0;0;0;0;0;0;78048296;0;0;3;0;0;0;3295;0;23469;0;0;0;0;0;0;0;0;11718;0;0;0;0;0;0;0;0;0;0;0;0;0;0;0;0;0;0;0;9774;0;0;0;22;0;0;196135;0;481177;0;2;0;0;0;0;0;0;0;0;0;0;2;2;0;2;25179;0;1;0;481742;0;0;3098;0;0;9152;0;1;0;0;0;38895;151;0;0;0;0;0;15043;0;0;0;0;0;2;0;0;0;0;0;0;0;0;0;151211;1;0;0;0;0;0;45;1461;0;0;40;0;0;0;0;0;0;1;5983;0;0;0;0;3;0;0;0;0;0;0;0;0;0;0;0;0;0;1;1548723;0;0;0;0;0;0;1
