RES_Rescheduling_interrupts_CPU1;51_IR-PCI-MSI_2097152-edge_eno7-TxRx-0_CPU3;PIW_Posted-interrupt_wakeup_event_CPU1;8_IR-IO-APIC_8-edge_rtc0_CPU2;18_IR-IO-APIC_18-fasteoi_ehci_hcd:usb1,_i801_smbus,_ehci_hcd:usb4_CPU1;HVS_Hyper-V_stimer0_interrupts_CPU3;37_IR-PCI-MSI_524292-edge_nvme0q4_CPU3;33_IR-PCI-MSI_3670020-edge_eno1-TxRx-3_CPU3;MCE_Machine_check_exceptions_CPU3;34_IR-PCI-MSI_524289-edge_nvme0q1_CPU0;91_IR-PCI-MSI_2097155-edge_eno7-TxRx-3_CPU0;39_IR-PCI-MSI_524294-edge_nvme0q6_CPU3;4_IR-IO-APIC_4-edge_ttyS0_CPU3;PMI_Performance_monitoring_interrupts_CPU1;MCE_Machine_check_exceptions_CPU2;54_IR-PCI-MSI_512000-edge_ahci[0000:00:1f.2]_CPU0;8_IR-IO-APIC_8-edge_rtc0_CPU3;RTR_APIC_ICR_read_retries_CPU1;IWI_IRQ_work_interrupts_CPU1;96_IR-PCI-MSI_2099201-edge_eno8-TxRx-1_CPU1;PIN_Posted-interrupt_notification_event_CPU1;40_IR-PCI-MSI_524295-edge_nvme0q7_CPU3;18_IR-IO-APIC_18-fasteoi_ehci_hcd:usb1,_i801_smbus,_ehci_hcd:usb4_CPU3;HRE_Hyper-V_reenlightenment_interrupts_CPU2;34_IR-PCI-MSI_524289-edge_nvme0q1_CPU1;NMI_Non-maskable_interrupts_CPU2;SPU_Spurious_interrupts_CPU3;25_IR-PCI-MSI_1572864-edge_ioat-msix_CPU0;43_IR-PCI-MSI_327680-edge_xhci_hcd_CPU0;TLB_TLB_shootdowns_CPU2;92_IR-PCI-MSI_2097156-edge_eno7_CPU2;LOC_Local_timer_interrupts_CPU3;8_IR-IO-APIC_8-edge_rtc0_CPU0;41_IR-PCI-MSI_524296-edge_nvme0q8_CPU2;30_IR-PCI-MSI_3670017-edge_eno1-TxRx-0_CPU3;31_IR-PCI-MSI_3670018-edge_eno1-TxRx-1_CPU3;35_IR-PCI-MSI_524290-edge_nvme0q2_CPU1;36_IR-PCI-MSI_524291-edge_nvme0q3_CPU2;35_IR-PCI-MSI_524290-edge_nvme0q2_CPU2;THR_Threshold_APIC_interrupts_CPU0;ERR_CPU0;95_IR-PCI-MSI_2099200-edge_eno8-TxRx-0_CPU0;24_DMAR-MSI_0-edge_dmar0_CPU1;IWI_IRQ_work_interrupts_CPU3;98_IR-PCI-MSI_2099203-edge_eno8-TxRx-3_CPU1;IWI_IRQ_work_interrupts_CPU2;PIW_Posted-interrupt_wakeup_event_CPU0;29_IR-PCI-MSI_3670016-edge_eno1_CPU3;37_IR-PCI-MSI_524292-edge_nvme0q4_CPU1;TRM_Thermal_event_interrupts_CPU0;THR_Threshold_APIC_interrupts_CPU3;41_IR-PCI-MSI_524296-edge_nvme0q8_CPU3;50_IR-PCI-MSI_2361344-edge_vfio-msix[0](0000:04:10.1)_CPU1;26_IR-PCI-MSI_1574912-edge_ioat-msix_CPU2;CAL_Function_call_interrupts_CPU0;91_IR-PCI-MSI_2097155-edge_eno7-TxRx-3_CPU2;PIN_Posted-interrupt_notification_event_CPU0;27_IR-PCI-MSI_1576960-edge_ioat-msix_CPU0;97_IR-PCI-MSI_2099202-edge_eno8-TxRx-2_CPU0;NPI_Nested_posted-interrupt_event_CPU3;97_IR-PCI-MSI_2099202-edge_eno8-TxRx-2_CPU1;38_IR-PCI-MSI_524293-edge_nvme0q5_CPU0;50_IR-PCI-MSI_2361344-edge_vfio-msix[0](0000:04:10.1)_CPU2;91_IR-PCI-MSI_2097155-edge_eno7-TxRx-3_CPU3;25_IR-PCI-MSI_1572864-edge_ioat-msix_CPU3;29_IR-PCI-MSI_3670016-edge_eno1_CPU0;DFR_Deferred_Error_APIC_interrupts_CPU1;96_IR-PCI-MSI_2099201-edge_eno8-TxRx-1_CPU2;DFR_Deferred_Error_APIC_interrupts_CPU3;timestamp_us;26_IR-PCI-MSI_1574912-edge_ioat-msix_CPU0;9_IR-IO-APIC_9-fasteoi_acpi_CPU2;99_IR-PCI-MSI_2099204-edge_eno8_CPU0;50_IR-PCI-MSI_2361344-edge_vfio-msix[0](0000:04:10.1)_CPU3;49_IR-PCI-MSI_2359296-edge_vfio-msix[0](0000:04:10.0)_CPU1;MCP_Machine_check_polls_CPU0;SPU_Spurious_interrupts_CPU2;53_IR-PCI-MSI_2097154-edge_eno7-TxRx-2_CPU0;18_IR-IO-APIC_18-fasteoi_ehci_hcd:usb1,_i801_smbus,_ehci_hcd:usb4_CPU2;91_IR-PCI-MSI_2097155-edge_eno7-TxRx-3_CPU1;SPU_Spurious_interrupts_CPU1;CAL_Function_call_interrupts_CPU3;33_IR-PCI-MSI_3670020-edge_eno1-TxRx-3_CPU2;CAL_Function_call_interrupts_CPU1;NPI_Nested_posted-interrupt_event_CPU2;TLB_TLB_shootdowns_CPU0;53_IR-PCI-MSI_2097154-edge_eno7-TxRx-2_CPU2;THR_Threshold_APIC_interrupts_CPU1;HRE_Hyper-V_reenlightenment_interrupts_CPU3;31_IR-PCI-MSI_3670018-edge_eno1-TxRx-1_CPU0;49_IR-PCI-MSI_2359296-edge_vfio-msix[0](0000:04:10.0)_CPU0;49_IR-PCI-MSI_2359296-edge_vfio-msix[0](0000:04:10.0)_CPU2;NMI_Non-maskable_interrupts_CPU0;TLB_TLB_shootdowns_CPU1;18_IR-IO-APIC_18-fasteoi_ehci_hcd:usb1,_i801_smbus,_ehci_hcd:usb4_CPU0;MCE_Machine_check_exceptions_CPU0;43_IR-PCI-MSI_327680-edge_xhci_hcd_CPU2;38_IR-PCI-MSI_524293-edge_nvme0q5_CPU1;27_IR-PCI-MSI_1576960-edge_ioat-msix_CPU3;PMI_Performance_monitoring_interrupts_CPU2;32_IR-PCI-MSI_3670019-edge_eno1-TxRx-2_CPU0;37_IR-PCI-MSI_524292-edge_nvme0q4_CPU0;99_IR-PCI-MSI_2099204-edge_eno8_CPU3;TRM_Thermal_event_interrupts_CPU3;NMI_Non-maskable_interrupts_CPU1;39_IR-PCI-MSI_524294-edge_nvme0q6_CPU1;NPI_Nested_posted-interrupt_event_CPU1;LOC_Local_timer_interrupts_CPU1;34_IR-PCI-MSI_524289-edge_nvme0q1_CPU2;95_IR-PCI-MSI_2099200-edge_eno8-TxRx-0_CPU1;54_IR-PCI-MSI_512000-edge_ahci[0000:00:1f.2]_CPU3;RES_Rescheduling_interrupts_CPU2;DFR_Deferred_Error_APIC_interrupts_CPU0;34_IR-PCI-MSI_524289-edge_nvme0q1_CPU3;4_IR-IO-APIC_4-edge_ttyS0_CPU2;32_IR-PCI-MSI_3670019-edge_eno1-TxRx-2_CPU3;50_IR-PCI-MSI_2361344-edge_vfio-msix[0](0000:04:10.1)_CPU0;DFR_Deferred_Error_APIC_interrupts_CPU2;52_IR-PCI-MSI_2097153-edge_eno7-TxRx-1_CPU3;92_IR-PCI-MSI_2097156-edge_eno7_CPU0;HRE_Hyper-V_reenlightenment_interrupts_CPU1;41_IR-PCI-MSI_524296-edge_nvme0q8_CPU0;36_IR-PCI-MSI_524291-edge_nvme0q3_CPU3;TLB_TLB_shootdowns_CPU3;28_IR-PCI-MSI_524288-edge_nvme0q0_CPU3;26_IR-PCI-MSI_1574912-edge_ioat-msix_CPU3;99_IR-PCI-MSI_2099204-edge_eno8_CPU2;HYP_Hypervisor_callback_interrupts_CPU2;51_IR-PCI-MSI_2097152-edge_eno7-TxRx-0_CPU2;MCP_Machine_check_polls_CPU2;92_IR-PCI-MSI_2097156-edge_eno7_CPU1;25_IR-PCI-MSI_1572864-edge_ioat-msix_CPU2;RTR_APIC_ICR_read_retries_CPU3;51_IR-PCI-MSI_2097152-edge_eno7-TxRx-0_CPU1;53_IR-PCI-MSI_2097154-edge_eno7-TxRx-2_CPU1;24_DMAR-MSI_0-edge_dmar0_CPU2;28_IR-PCI-MSI_524288-edge_nvme0q0_CPU1;HRE_Hyper-V_reenlightenment_interrupts_CPU0;33_IR-PCI-MSI_3670020-edge_eno1-TxRx-3_CPU0;4_IR-IO-APIC_4-edge_ttyS0_CPU0;24_DMAR-MSI_0-edge_dmar0_CPU3;52_IR-PCI-MSI_2097153-edge_eno7-TxRx-1_CPU2;HYP_Hypervisor_callback_interrupts_CPU1;49_IR-PCI-MSI_2359296-edge_vfio-msix[0](0000:04:10.0)_CPU3;31_IR-PCI-MSI_3670018-edge_eno1-TxRx-1_CPU2;9_IR-IO-APIC_9-fasteoi_acpi_CPU0;LOC_Local_timer_interrupts_CPU0;28_IR-PCI-MSI_524288-edge_nvme0q0_CPU0;29_IR-PCI-MSI_3670016-edge_eno1_CPU2;42_IR-PCI-MSI_1579008-edge_ioat-msix_CPU1;LOC_Local_timer_interrupts_CPU2;MIS_CPU0;27_IR-PCI-MSI_1576960-edge_ioat-msix_CPU1;40_IR-PCI-MSI_524295-edge_nvme0q7_CPU2;RTR_APIC_ICR_read_retries_CPU2;9_IR-IO-APIC_9-fasteoi_acpi_CPU3;38_IR-PCI-MSI_524293-edge_nvme0q5_CPU3;HYP_Hypervisor_callback_interrupts_CPU3;31_IR-PCI-MSI_3670018-edge_eno1-TxRx-1_CPU1;54_IR-PCI-MSI_512000-edge_ahci[0000:00:1f.2]_CPU1;MCP_Machine_check_polls_CPU3;51_IR-PCI-MSI_2097152-edge_eno7-TxRx-0_CPU0;PIN_Posted-interrupt_notification_event_CPU3;NPI_Nested_posted-interrupt_event_CPU0;HVS_Hyper-V_stimer0_interrupts_CPU1;THR_Threshold_APIC_interrupts_CPU2;CAL_Function_call_interrupts_CPU2;PIW_Posted-interrupt_wakeup_event_CPU2;RTR_APIC_ICR_read_retries_CPU0;27_IR-PCI-MSI_1576960-edge_ioat-msix_CPU2;39_IR-PCI-MSI_524294-edge_nvme0q6_CPU2;97_IR-PCI-MSI_2099202-edge_eno8-TxRx-2_CPU2;32_IR-PCI-MSI_3670019-edge_eno1-TxRx-2_CPU1;30_IR-PCI-MSI_3670017-edge_eno1-TxRx-0_CPU2;PIW_Posted-interrupt_wakeup_event_CPU3;TRM_Thermal_event_interrupts_CPU2;40_IR-PCI-MSI_524295-edge_nvme0q7_CPU0;MCE_Machine_check_exceptions_CPU1;PMI_Performance_monitoring_interrupts_CPU0;37_IR-PCI-MSI_524292-edge_nvme0q4_CPU2;42_IR-PCI-MSI_1579008-edge_ioat-msix_CPU3;30_IR-PCI-MSI_3670017-edge_eno1-TxRx-0_CPU1;42_IR-PCI-MSI_1579008-edge_ioat-msix_CPU0;92_IR-PCI-MSI_2097156-edge_eno7_CPU3;24_DMAR-MSI_0-edge_dmar0_CPU0;30_IR-PCI-MSI_3670017-edge_eno1-TxRx-0_CPU0;25_IR-PCI-MSI_1572864-edge_ioat-msix_CPU1;IWI_IRQ_work_interrupts_CPU0;39_IR-PCI-MSI_524294-edge_nvme0q6_CPU0;98_IR-PCI-MSI_2099203-edge_eno8-TxRx-3_CPU0;HVS_Hyper-V_stimer0_interrupts_CPU0;40_IR-PCI-MSI_524295-edge_nvme0q7_CPU1;43_IR-PCI-MSI_327680-edge_xhci_hcd_CPU3;9_IR-IO-APIC_9-fasteoi_acpi_CPU1;43_IR-PCI-MSI_327680-edge_xhci_hcd_CPU1;PIN_Posted-interrupt_notification_event_CPU2;29_IR-PCI-MSI_3670016-edge_eno1_CPU1;32_IR-PCI-MSI_3670019-edge_eno1-TxRx-2_CPU2;52_IR-PCI-MSI_2097153-edge_eno7-TxRx-1_CPU0;52_IR-PCI-MSI_2097153-edge_eno7-TxRx-1_CPU1;8_IR-IO-APIC_8-edge_rtc0_CPU1;98_IR-PCI-MSI_2099203-edge_eno8-TxRx-3_CPU2;26_IR-PCI-MSI_1574912-edge_ioat-msix_CPU1;33_IR-PCI-MSI_3670020-edge_eno1-TxRx-3_CPU1;36_IR-PCI-MSI_524291-edge_nvme0q3_CPU0;SPU_Spurious_interrupts_CPU0;28_IR-PCI-MSI_524288-edge_nvme0q0_CPU2;35_IR-PCI-MSI_524290-edge_nvme0q2_CPU3;36_IR-PCI-MSI_524291-edge_nvme0q3_CPU1;96_IR-PCI-MSI_2099201-edge_eno8-TxRx-1_CPU0;HVS_Hyper-V_stimer0_interrupts_CPU2;97_IR-PCI-MSI_2099202-edge_eno8-TxRx-2_CPU3;42_IR-PCI-MSI_1579008-edge_ioat-msix_CPU2;RES_Rescheduling_interrupts_CPU0;35_IR-PCI-MSI_524290-edge_nvme0q2_CPU0;98_IR-PCI-MSI_2099203-edge_eno8-TxRx-3_CPU3;TRM_Thermal_event_interrupts_CPU1;96_IR-PCI-MSI_2099201-edge_eno8-TxRx-1_CPU3;53_IR-PCI-MSI_2097154-edge_eno7-TxRx-2_CPU3;MCP_Machine_check_polls_CPU1;95_IR-PCI-MSI_2099200-edge_eno8-TxRx-0_CPU2;HYP_Hypervisor_callback_interrupts_CPU0;95_IR-PCI-MSI_2099200-edge_eno8-TxRx-0_CPU3;PMI_Performance_monitoring_interrupts_CPU3;NMI_Non-maskable_interrupts_CPU3;4_IR-IO-APIC_4-edge_ttyS0_CPU1;38_IR-PCI-MSI_524293-edge_nvme0q5_CPU2;54_IR-PCI-MSI_512000-edge_ahci[0000:00:1f.2]_CPU2;RES_Rescheduling_interrupts_CPU3;41_IR-PCI-MSI_524296-edge_nvme0q8_CPU1;99_IR-PCI-MSI_2099204-edge_eno8_CPU1
65372;0;0;0;0;0;0;0;0;49;1571;0;0;0;0;0;0;0;211242;0;2;0;0;0;0;0;0;2;154;120;0;49949;1;0;0;0;0;0;0;0;0;1573;0;21;0;29;0;0;0;0;0;0;0;0;41;0;0;2;1573;0;0;0;0;0;0;1;0;0;0;74;2;0;105;0;0;1;0;1571;0;0;0;12081;0;76897;0;0;0;0;0;29502;0;0;0;1;52;0;0;0;0;0;59724;0;0;0;0;0;0;50400;0;0;0;23;0;0;0;0;0;0;0;120;0;0;0;120;0;0;0;0;0;1;0;0;0;0;0;0;0;0;50089;443;0;0;0;0;0;1;724122;22;0;0;49952;0;0;0;0;0;0;0;0;0;1;1571;0;0;0;0;12087;0;3;0;0;0;0;0;0;0;0;0;0;0;0;0;2;0;0;14312;0;185580;0;1573;0;0;0;0;0;54;0;0;1571;0;0;0;0;0;0;0;0;0;0;1573;0;0;0;28;0;0;0;0;0;1;0;0;0;0;0;0;0;0;21;0;0
65374;0;0;0;0;0;0;0;0;49;1572;0;0;0;0;0;0;0;211242;0;2;0;0;0;0;0;0;2;154;120;0;49949;1;0;0;0;0;0;0;0;0;1573;0;21;0;29;0;0;0;0;0;0;0;0;41;0;0;2;1573;0;0;0;0;0;0;1;0;0;0;1001866;2;0;105;0;0;1;0;1572;0;0;0;12081;0;76899;0;0;0;0;0;29502;0;0;0;1;52;0;0;0;0;0;59724;0;0;0;0;0;0;50402;0;0;0;23;0;0;0;0;0;0;0;120;0;0;0;120;0;0;0;0;0;1;0;0;0;0;0;0;0;0;50089;443;0;0;0;0;0;1;724374;22;0;0;49952;0;0;0;0;0;0;0;0;0;1;1572;0;0;0;0;12087;0;3;0;0;0;0;0;0;0;0;0;0;0;0;0;2;0;0;14312;0;185645;0;1573;0;0;0;0;0;54;0;0;1572;0;0;0;0;0;0;0;0;0;0;1573;0;0;0;28;0;0;0;0;0;1;0;0;0;0;0;0;0;0;21;0;0
65375;0;0;0;0;0;0;0;0;49;1572;0;0;0;0;0;0;0;211244;0;2;0;0;0;0;0;0;2;154;120;0;49949;1;0;0;0;0;0;0;0;0;1574;0;21;0;29;0;0;0;0;0;0;0;0;41;0;0;2;1574;0;0;0;0;0;0;1;0;0;0;2002886;2;0;105;0;0;1;0;1572;0;0;0;12081;0;76900;0;0;0;0;0;29503;0;0;0;1;52;0;0;0;0;0;59725;0;0;0;0;0;0;50404;0;0;0;23;0;0;0;0;0;0;0;120;0;0;0;120;0;0;0;0;0;1;0;0;0;0;0;0;0;0;50090;443;0;0;0;0;0;1;724628;22;0;0;49952;0;0;0;0;0;0;0;0;0;1;1572;0;0;0;0;12087;0;3;0;0;0;0;0;0;0;0;0;0;0;0;0;2;0;0;14313;0;185709;0;1574;0;0;0;0;0;54;0;0;1572;0;0;0;0;0;0;0;0;0;0;1574;0;0;0;28;0;0;0;0;0;1;0;0;0;0;0;0;0;0;21;0;0
65376;0;0;0;0;0;0;0;0;49;1573;0;0;0;0;0;0;0;211246;0;2;0;0;0;0;0;0;2;154;120;0;49949;1;0;0;0;0;0;0;0;0;1574;0;21;0;29;0;0;0;0;0;0;0;0;41;0;0;2;1574;0;0;0;0;0;0;1;0;0;0;3003901;2;0;105;0;0;1;0;1573;0;0;0;12081;0;76901;0;0;0;0;0;29508;0;0;0;1;52;0;0;0;0;0;59725;0;0;0;0;0;0;50406;0;0;0;23;0;0;0;0;0;0;0;120;0;0;0;120;0;0;0;0;0;1;0;0;0;0;0;0;0;0;50093;443;0;0;0;0;0;1;724881;22;0;0;49952;0;0;0;0;0;0;0;0;0;1;1573;0;0;0;0;12087;0;3;0;0;0;0;0;0;0;0;0;0;0;0;0;2;0;0;14313;0;185777;0;1574;0;0;0;0;0;54;0;0;1573;0;0;0;0;0;0;0;0;0;0;1574;0;0;0;28;0;0;0;0;0;1;0;0;0;0;0;0;0;0;21;0;0
65377;0;0;0;0;0;0;0;0;49;1573;0;0;0;0;0;0;0;211248;0;2;0;0;0;0;0;0;2;154;120;0;49949;1;0;0;0;0;0;0;0;0;1575;0;21;0;29;0;0;0;0;0;0;0;0;41;0;0;2;1575;0;0;0;0;0;0;1;0;0;0;4004908;2;0;105;0;0;1;0;1573;0;0;0;12081;0;76902;0;0;0;0;0;29509;0;0;0;1;52;0;0;0;0;0;59726;0;0;0;0;0;0;50408;0;0;0;23;0;0;0;0;0;0;0;120;0;0;0;120;0;0;0;0;0;1;0;0;0;0;0;0;0;0;50094;443;0;0;0;0;0;1;725133;22;0;0;49952;0;0;0;0;0;0;0;0;0;1;1573;0;0;0;0;12087;0;3;0;0;0;0;0;0;0;0;0;0;0;0;0;2;0;0;14314;0;185841;0;1575;0;0;0;0;0;54;0;0;1573;0;0;0;0;0;0;0;0;0;0;1575;0;0;0;28;0;0;0;0;0;1;0;0;0;0;0;0;0;0;21;0;0
65378;0;0;0;0;0;0;0;0;49;1574;0;0;0;0;0;0;0;211250;0;2;0;0;0;0;0;0;2;154;120;0;49949;1;0;0;0;0;0;0;0;0;1575;0;21;0;29;0;0;0;0;0;0;0;0;41;0;0;2;1575;0;0;0;0;0;0;1;0;0;0;5005852;2;0;105;0;0;1;0;1574;0;0;0;12081;0;76903;0;0;0;0;0;29509;0;0;0;1;52;0;0;0;0;0;59726;0;0;0;0;0;0;50410;0;0;0;23;0;0;0;0;0;0;0;120;0;0;0;120;0;0;0;0;0;1;0;0;0;0;0;0;0;0;50094;443;0;0;0;0;0;1;725385;22;0;0;49952;0;0;0;0;0;0;0;0;0;1;1574;0;0;0;0;12087;0;3;0;0;0;0;0;0;0;0;0;0;0;0;0;2;0;0;14314;0;185905;0;1575;0;0;0;0;0;54;0;0;1574;0;0;0;0;0;0;0;0;0;0;1575;0;0;0;28;0;0;0;0;0;1;0;0;0;0;0;0;0;0;21;0;0
65379;0;0;0;0;0;0;0;0;49;1574;0;0;0;0;0;0;0;211252;0;2;0;0;0;0;0;0;2;154;120;0;49949;1;0;0;0;0;0;0;0;0;1576;0;21;0;29;0;0;0;0;0;0;0;0;41;0;0;2;1576;0;0;0;0;0;0;1;0;0;0;6006869;2;0;105;0;0;1;0;1574;0;0;0;12081;0;76904;0;0;0;0;0;29510;0;0;0;1;52;0;0;0;0;0;59727;0;0;0;0;0;0;50412;0;0;0;23;0;0;0;0;0;0;0;120;0;0;0;120;0;0;0;0;0;1;0;0;0;0;0;0;0;0;50095;443;0;0;0;0;0;1;725639;22;0;0;49952;0;0;0;0;0;0;0;0;0;1;1574;0;0;0;0;12087;0;3;0;0;0;0;0;0;0;0;0;0;0;0;0;2;0;0;14315;0;185969;0;1576;0;0;0;0;0;54;0;0;1574;0;0;0;0;0;0;0;0;0;0;1576;0;0;0;28;0;0;0;0;0;1;0;0;0;0;0;0;0;0;21;0;0
65380;0;0;0;0;0;0;0;0;49;1575;0;0;0;0;0;0;0;211254;0;2;0;0;0;0;0;0;2;154;120;0;49949;1;0;0;0;0;0;0;0;0;1576;0;21;0;29;0;0;0;0;0;0;0;0;41;0;0;2;1576;0;0;0;0;0;0;1;0;0;0;7007902;2;0;105;0;0;1;0;1575;0;0;0;12081;0;76905;0;0;0;0;0;29510;0;0;0;1;52;0;0;0;0;0;59727;0;0;0;0;0;0;50414;0;0;0;23;0;0;0;0;0;0;0;120;0;0;0;120;0;0;0;0;0;1;0;0;0;0;0;0;0;0;50095;443;0;0;0;0;0;1;725892;22;0;0;49952;0;0;0;0;0;0;0;0;0;1;1575;0;0;0;0;12087;0;3;0;0;0;0;0;0;0;0;0;0;0;0;0;2;0;0;14315;0;186032;0;1576;0;0;0;0;0;54;0;0;1575;0;0;0;0;0;0;0;0;0;0;1576;0;0;0;28;0;0;0;0;0;1;0;0;0;0;0;0;0;0;21;0;0
65386;0;0;0;0;0;0;0;0;49;1576;0;0;0;0;0;0;0;211263;0;2;0;0;0;0;0;0;2;154;120;0;49949;1;0;0;0;0;0;0;0;0;1577;0;21;0;29;0;0;0;0;0;0;0;0;41;0;0;2;1577;0;0;0;0;0;0;1;0;0;0;8008927;2;0;105;0;0;1;0;1576;0;0;0;12081;0;76911;0;0;0;0;0;29516;0;0;0;1;52;0;0;0;0;0;59738;0;0;0;0;0;0;50418;0;0;0;23;0;0;0;0;0;0;0;121;0;0;0;120;0;0;0;0;0;1;0;0;0;0;0;0;0;0;50098;443;0;0;0;0;0;1;726144;22;0;0;49952;0;0;0;0;0;0;0;0;0;1;1576;0;0;0;0;12087;0;3;0;0;0;0;0;0;0;0;0;0;0;0;0;2;0;0;14321;0;186098;0;1577;0;0;0;0;0;54;0;0;1576;0;0;0;0;0;0;0;0;0;0;1577;0;0;0;28;0;0;0;0;0;1;0;0;0;0;0;0;0;0;21;0;0
65390;0;0;0;0;0;0;0;0;49;1579;0;0;0;0;0;0;0;211267;0;2;0;0;0;0;0;0;2;154;120;0;49949;1;0;0;0;0;0;0;0;0;1578;0;21;0;29;0;0;0;0;0;0;0;0;41;0;0;2;1578;0;0;0;0;0;0;1;0;0;0;9009877;2;0;106;0;0;1;0;1579;0;0;0;12081;0;76915;0;0;0;0;0;29516;0;0;0;1;52;0;0;0;0;0;59745;0;0;0;0;0;0;50421;0;0;0;23;0;0;0;0;0;0;0;122;0;0;0;120;0;0;0;0;0;1;0;0;0;0;0;0;0;0;50101;443;0;0;0;0;0;1;726399;22;0;0;49952;0;0;0;0;0;0;0;0;0;1;1579;0;0;0;0;12087;0;3;0;0;0;0;0;0;0;0;0;0;0;0;0;2;0;0;14327;0;186168;0;1578;0;0;0;0;0;54;0;0;1579;0;0;0;0;0;0;0;0;0;0;1578;0;0;0;28;0;0;0;0;0;1;0;0;0;0;0;0;0;0;21;0;0
65391;0;0;0;0;0;0;0;0;49;1580;0;0;0;0;0;0;0;211270;0;2;0;0;0;0;0;0;2;154;120;0;49949;1;0;0;0;0;0;0;0;0;1583;0;21;0;29;0;0;0;0;0;0;0;0;41;0;0;2;1583;0;0;0;0;0;0;1;0;0;0;10010897;2;0;107;0;0;1;0;1580;0;0;0;12081;0;76916;0;0;0;0;0;29517;0;0;0;1;52;0;0;0;0;0;59746;0;0;0;0;0;0;50423;0;0;0;23;0;0;0;0;0;0;0;123;0;0;0;120;0;0;0;0;0;1;0;0;0;0;0;0;0;0;50102;443;0;0;0;0;0;1;726653;22;0;0;49952;0;0;0;0;0;0;0;0;0;1;1580;0;0;0;0;12087;0;3;0;0;0;0;0;0;0;0;0;0;0;0;0;2;0;0;14328;0;186234;0;1583;0;0;0;0;0;54;0;0;1580;0;0;0;0;0;0;0;0;0;0;1583;0;0;0;28;0;0;0;0;0;1;0;0;0;0;0;0;0;0;21;0;0
65392;0;0;0;0;0;0;0;0;49;1581;0;0;0;0;0;0;0;211272;0;2;0;0;0;0;0;0;2;154;120;0;49949;1;0;0;0;0;0;0;0;0;1583;0;21;0;29;0;0;0;0;0;0;0;0;41;0;0;2;1583;0;0;0;0;0;0;1;0;0;0;11011914;2;0;107;0;0;1;0;1581;0;0;0;12081;0;76917;0;0;0;0;0;29517;0;0;0;1;52;0;0;0;0;0;59746;0;0;0;0;0;0;50425;0;0;0;23;0;0;0;0;0;0;0;124;0;0;0;120;0;0;0;0;0;1;0;0;0;0;0;0;0;0;50102;443;0;0;0;0;0;1;726906;22;0;0;49952;0;0;0;0;0;0;0;0;0;1;1581;0;0;0;0;12087;0;3;0;0;0;0;0;0;0;0;0;0;0;0;0;2;0;0;14328;0;186299;0;1583;0;0;0;0;0;54;0;0;1581;0;0;0;0;0;0;0;0;0;0;1583;0;0;0;28;0;0;0;0;0;1;0;0;0;0;0;0;0;0;21;0;0
65393;0;0;0;0;0;0;0;0;49;1583;0;0;0;0;0;0;0;211274;0;2;0;0;0;0;0;0;2;154;120;0;49949;1;0;0;0;0;0;0;0;0;1584;0;21;0;29;0;0;0;0;0;0;0;0;41;0;0;2;1584;0;0;0;0;0;0;1;0;0;0;12012921;2;0;107;0;0;1;0;1583;0;0;0;12081;0;76918;0;0;0;0;0;29518;0;0;0;1;52;0;0;0;0;0;59747;0;0;0;0;0;0;50427;0;0;0;23;0;0;0;0;0;0;0;124;0;0;0;120;0;0;0;0;0;1;0;0;0;0;0;0;0;0;50103;443;0;0;0;0;0;1;727159;22;0;0;49952;0;0;0;0;0;0;0;0;0;1;1583;0;0;0;0;12087;0;3;0;0;0;0;0;0;0;0;0;0;0;0;0;2;0;0;14329;0;186364;0;1584;0;0;0;0;0;54;0;0;1583;0;0;0;0;0;0;0;0;0;0;1584;0;0;0;28;0;0;0;0;0;1;0;0;0;0;0;0;0;0;21;0;0
65394;0;0;0;0;0;0;0;0;49;1583;0;0;0;0;0;0;0;211274;0;2;0;0;0;0;0;0;2;154;120;0;49949;1;0;0;0;0;0;0;0;0;1584;0;21;0;29;0;0;0;0;0;0;0;0;41;0;0;2;1584;0;0;0;0;0;0;1;0;0;0;13013854;2;0;107;0;0;1;0;1583;0;0;0;12081;0;76919;0;0;0;0;0;29518;0;0;0;1;52;0;0;0;0;0;59747;0;0;0;0;0;0;50428;0;0;0;23;0;0;0;0;0;0;0;124;0;0;0;120;0;0;0;0;0;1;0;0;0;0;0;0;0;0;50103;443;0;0;0;0;0;1;727411;22;0;0;49952;0;0;0;0;0;0;0;0;0;1;1583;0;0;0;0;12087;0;3;0;0;0;0;0;0;0;0;0;0;0;0;0;2;0;0;14329;0;186427;0;1584;0;0;0;0;0;54;0;0;1583;0;0;0;0;0;0;0;0;0;0;1584;0;0;0;28;0;0;0;0;0;1;0;0;0;0;0;0;0;0;21;0;0
65395;0;0;0;0;0;0;0;0;49;1584;0;0;0;0;0;0;0;211276;0;2;0;0;0;0;0;0;2;154;120;0;49949;1;0;0;0;0;0;0;0;0;1585;0;21;0;29;0;0;0;0;0;0;0;0;41;0;0;2;1585;0;0;0;0;0;0;1;0;0;0;14014873;2;0;107;0;0;1;0;1584;0;0;0;12081;0;76920;0;0;0;0;0;29519;0;0;0;1;52;0;0;0;0;0;59748;0;0;0;0;0;0;50430;0;0;0;23;0;0;0;0;0;0;0;124;0;0;0;120;0;0;0;0;0;1;0;0;0;0;0;0;0;0;50104;443;0;0;0;0;0;1;727665;22;0;0;49952;0;0;0;0;0;0;0;0;0;1;1584;0;0;0;0;12087;0;3;0;0;0;0;0;0;0;0;0;0;0;0;0;2;0;0;14330;0;186491;0;1585;0;0;0;0;0;54;0;0;1584;0;0;0;0;0;0;0;0;0;0;1585;0;0;0;28;0;0;0;0;0;1;0;0;0;0;0;0;0;0;21;0;0
65396;0;0;0;0;0;0;0;0;49;1584;0;0;0;0;0;0;0;211278;0;2;0;0;0;0;0;0;2;154;120;0;49949;1;0;0;0;0;0;0;0;0;1585;0;21;0;29;0;0;0;0;0;0;0;0;41;0;0;2;1585;0;0;0;0;0;0;1;0;0;0;15015886;2;0;107;0;0;1;0;1584;0;0;0;12081;0;76921;0;0;0;0;0;29519;0;0;0;1;52;0;0;0;0;0;59748;0;0;0;0;0;0;50432;0;0;0;23;0;0;0;0;0;0;0;124;0;0;0;120;0;0;0;0;0;1;0;0;0;0;0;0;0;0;50104;443;0;0;0;0;0;1;727919;22;0;0;49952;0;0;0;0;0;0;0;0;0;1;1584;0;0;0;0;12087;0;3;0;0;0;0;0;0;0;0;0;0;0;0;0;2;0;0;14330;0;186555;0;1585;0;0;0;0;0;54;0;0;1584;0;0;0;0;0;0;0;0;0;0;1585;0;0;0;28;0;0;0;0;0;1;0;0;0;0;0;0;0;0;21;0;0
65397;0;0;0;0;0;0;0;0;49;1585;0;0;0;0;0;0;0;211280;0;2;0;0;0;0;0;0;2;154;120;0;49949;1;0;0;0;0;0;0;0;0;1586;0;21;0;29;0;0;0;0;0;0;0;0;41;0;0;2;1586;0;0;0;0;0;0;1;0;0;0;16016895;2;0;107;0;0;1;0;1585;0;0;0;12081;0;76922;0;0;0;0;0;29520;0;0;0;1;52;0;0;0;0;0;59749;0;0;0;0;0;0;50434;0;0;0;23;0;0;0;0;0;0;0;124;0;0;0;120;0;0;0;0;0;1;0;0;0;0;0;0;0;0;50105;443;0;0;0;0;0;1;728171;22;0;0;49952;0;0;0;0;0;0;0;0;0;1;1585;0;0;0;0;12087;0;3;0;0;0;0;0;0;0;0;0;0;0;0;0;2;0;0;14331;0;186618;0;1586;0;0;0;0;0;54;0;0;1585;0;0;0;0;0;0;0;0;0;0;1586;0;0;0;28;0;0;0;0;0;1;0;0;0;0;0;0;0;0;21;0;0
65398;0;0;0;0;0;0;0;0;49;1585;0;0;0;0;0;0;0;211280;0;2;0;0;0;0;0;0;2;154;120;0;49949;1;0;0;0;0;0;0;0;0;1586;0;21;0;29;0;0;0;0;0;0;0;0;41;0;0;2;1586;0;0;0;0;0;0;1;0;0;0;17017856;2;0;107;0;0;1;0;1585;0;0;0;12081;0;76923;0;0;0;0;0;29520;0;0;0;1;52;0;0;0;0;0;59749;0;0;0;0;0;0;50435;0;0;0;23;0;0;0;0;0;0;0;124;0;0;0;120;0;0;0;0;0;1;0;0;0;0;0;0;0;0;50105;443;0;0;0;0;0;1;728423;22;0;0;49952;0;0;0;0;0;0;0;0;0;1;1585;0;0;0;0;12087;0;3;0;0;0;0;0;0;0;0;0;0;0;0;0;2;0;0;14331;0;186682;0;1586;0;0;0;0;0;54;0;0;1585;0;0;0;0;0;0;0;0;0;0;1586;0;0;0;28;0;0;0;0;0;1;0;0;0;0;0;0;0;0;21;0;0
65399;0;0;0;0;0;0;0;0;49;1586;0;0;0;0;0;0;0;211282;0;2;0;0;0;0;0;0;2;154;120;0;49949;1;0;0;0;0;0;0;0;0;1587;0;21;0;29;0;0;0;0;0;0;0;0;41;0;0;2;1587;0;0;0;0;0;0;1;0;0;0;18018870;2;0;107;0;0;1;0;1586;0;0;0;12081;0;76924;0;0;0;0;0;29521;0;0;0;1;52;0;0;0;0;0;59750;0;0;0;0;0;0;50437;0;0;0;23;0;0;0;0;0;0;0;124;0;0;0;120;0;0;0;0;0;1;0;0;0;0;0;0;0;0;50106;443;0;0;0;0;0;1;728677;22;0;0;49952;0;0;0;0;0;0;0;0;0;1;1586;0;0;0;0;12087;0;3;0;0;0;0;0;0;0;0;0;0;0;0;0;2;0;0;14332;0;186747;0;1587;0;0;0;0;0;54;0;0;1586;0;0;0;0;0;0;0;0;0;0;1587;0;0;0;28;0;0;0;0;0;1;0;0;0;0;0;0;0;0;21;0;0
65400;0;0;0;0;0;0;0;0;49;1586;0;0;0;0;0;0;0;211284;0;2;0;0;0;0;0;0;2;154;120;0;49949;1;0;0;0;0;0;0;0;0;1587;0;21;0;29;0;0;0;0;0;0;0;0;41;0;0;2;1587;0;0;0;0;0;0;1;0;0;0;19019879;2;0;107;0;0;1;0;1586;0;0;0;12081;0;76925;0;0;0;0;0;29521;0;0;0;1;52;0;0;0;0;0;59750;0;0;0;0;0;0;50439;0;0;0;23;0;0;0;0;0;0;0;124;0;0;0;120;0;0;0;0;0;1;0;0;0;0;0;0;0;0;50106;443;0;0;0;0;0;1;728930;22;0;0;49952;0;0;0;0;0;0;0;0;0;1;1586;0;0;0;0;12087;0;3;0;0;0;0;0;0;0;0;0;0;0;0;0;2;0;0;14332;0;186811;0;1587;0;0;0;0;0;54;0;0;1586;0;0;0;0;0;0;0;0;0;0;1587;0;0;0;28;0;0;0;0;0;1;0;0;0;0;0;0;0;0;21;0;0
65401;0;0;0;0;0;0;0;0;49;1587;0;0;0;0;0;0;0;211286;0;2;0;0;0;0;0;0;2;154;120;0;49949;1;0;0;0;0;0;0;0;0;1588;0;21;0;29;0;0;0;0;0;0;0;0;41;0;0;2;1588;0;0;0;0;0;0;1;0;0;0;20020892;2;0;107;0;0;1;0;1587;0;0;0;12081;0;76926;0;0;0;0;0;29522;0;0;0;1;52;0;0;0;0;0;59751;0;0;0;0;0;0;50441;0;0;0;23;0;0;0;0;0;0;0;124;0;0;0;120;0;0;0;0;0;1;0;0;0;0;0;0;0;0;50107;443;0;0;0;0;0;1;729182;22;0;0;49952;0;0;0;0;0;0;0;0;0;1;1587;0;0;0;0;12087;0;3;0;0;0;0;0;0;0;0;0;0;0;0;0;2;0;0;14333;0;186875;0;1588;0;0;0;0;0;54;0;0;1587;0;0;0;0;0;0;0;0;0;0;1588;0;0;0;28;0;0;0;0;0;1;0;0;0;0;0;0;0;0;21;0;0
65402;0;0;0;0;0;0;0;0;49;1587;0;0;0;0;0;0;0;211286;0;2;0;0;0;0;0;0;2;154;120;0;49949;1;0;0;0;0;0;0;0;0;1588;0;21;0;29;0;0;0;0;0;0;0;0;41;0;0;2;1588;0;0;0;0;0;0;1;0;0;0;21021860;2;0;107;0;0;1;0;1587;0;0;0;12081;0;76927;0;0;0;0;0;29522;0;0;0;1;52;0;0;0;0;0;59751;0;0;0;0;0;0;50442;0;0;0;23;0;0;0;0;0;0;0;124;0;0;0;120;0;0;0;0;0;1;0;0;0;0;0;0;0;0;50107;443;0;0;0;0;0;1;729434;22;0;0;49952;0;0;0;0;0;0;0;0;0;1;1587;0;0;0;0;12087;0;3;0;0;0;0;0;0;0;0;0;0;0;0;0;2;0;0;14333;0;186939;0;1588;0;0;0;0;0;54;0;0;1587;0;0;0;0;0;0;0;0;0;0;1588;0;0;0;28;0;0;0;0;0;1;0;0;0;0;0;0;0;0;21;0;0
65403;0;0;0;0;0;0;0;0;49;1588;0;0;0;0;0;0;0;211288;0;2;0;0;0;0;0;0;2;154;120;0;49949;1;0;0;0;0;0;0;0;0;1589;0;21;0;29;0;0;0;0;0;0;0;0;41;0;0;2;1589;0;0;0;0;0;0;1;0;0;0;22022871;2;0;107;0;0;1;0;1588;0;0;0;12081;0;76928;0;0;0;0;0;29523;0;0;0;1;52;0;0;0;0;0;59752;0;0;0;0;0;0;50444;0;0;0;23;0;0;0;0;0;0;0;124;0;0;0;120;0;0;0;0;0;1;0;0;0;0;0;0;0;0;50108;443;0;0;0;0;0;1;729687;22;0;0;49952;0;0;0;0;0;0;0;0;0;1;1588;0;0;0;0;12087;0;3;0;0;0;0;0;0;0;0;0;0;0;0;0;2;0;0;14334;0;187003;0;1589;0;0;0;0;0;54;0;0;1588;0;0;0;0;0;0;0;0;0;0;1589;0;0;0;28;0;0;0;0;0;1;0;0;0;0;0;0;0;0;21;0;0
65406;0;0;0;0;0;0;0;0;49;1588;0;0;0;0;0;0;0;211293;0;2;0;0;0;0;0;0;2;154;120;0;49949;1;0;0;0;0;0;0;0;0;1589;0;21;0;29;0;0;0;0;0;0;0;0;41;0;0;2;1589;0;0;0;0;0;0;1;0;0;0;23023907;2;0;107;0;0;1;0;1588;0;0;0;12081;0;76931;0;0;0;0;0;29523;0;0;0;1;52;0;0;0;0;0;59755;0;0;0;0;0;0;50448;0;0;0;23;0;0;0;0;0;0;0;124;0;0;0;120;0;0;0;0;0;1;0;0;0;0;0;0;0;0;50110;443;0;0;0;0;0;1;729940;22;0;0;49952;0;0;0;0;0;0;0;0;0;1;1588;0;0;0;0;12087;0;3;0;0;0;0;0;0;0;0;0;0;0;0;0;2;0;0;14337;0;187068;0;1589;0;0;0;0;0;54;0;0;1588;0;0;0;0;0;0;0;0;0;0;1589;0;0;0;28;0;0;0;0;0;1;0;0;0;0;0;0;0;0;21;0;0
65407;0;0;0;0;0;0;0;0;49;1589;0;0;0;0;0;0;0;211295;0;2;0;0;0;0;0;0;2;154;120;0;49949;1;0;0;0;0;0;0;0;0;1590;0;21;0;29;0;0;0;0;0;0;0;0;41;0;0;2;1590;0;0;0;0;0;0;1;0;0;0;24024933;2;0;107;0;0;1;0;1589;0;0;0;12081;0;76932;0;0;0;0;0;29524;0;0;0;1;52;0;0;0;0;0;59756;0;0;0;0;0;0;50450;0;0;0;23;0;0;0;0;0;0;0;124;0;0;0;120;0;0;0;0;0;1;0;0;0;0;0;0;0;0;50111;443;0;0;0;0;0;1;730194;22;0;0;49952;0;0;0;0;0;0;0;0;0;1;1589;0;0;0;0;12087;0;3;0;0;0;0;0;0;0;0;0;0;0;0;0;2;0;0;14338;0;187137;0;1590;0;0;0;0;0;54;0;0;1589;0;0;0;0;0;0;0;0;0;0;1590;0;0;0;28;0;0;0;0;0;1;0;0;0;0;0;0;0;0;21;0;0
65411;0;0;0;0;0;0;0;0;49;1589;0;0;0;0;0;0;0;211299;0;2;0;0;0;0;0;0;2;154;120;0;49949;1;0;0;0;0;0;0;0;0;1590;0;21;0;29;0;0;0;0;0;0;0;0;41;0;0;2;1590;0;0;0;0;0;0;1;0;0;0;25025867;2;0;107;0;0;1;0;1589;0;0;0;12081;0;76936;0;0;0;0;0;29536;0;0;0;1;52;0;0;0;0;0;59759;0;0;0;0;0;0;50452;0;0;0;23;0;0;0;0;0;0;0;124;0;0;0;120;0;0;0;0;0;1;0;0;0;0;0;0;0;0;50111;443;0;0;0;0;0;1;730446;22;0;0;49952;0;0;0;0;0;0;0;0;0;1;1589;0;0;0;0;12087;0;3;0;0;0;0;0;0;0;0;0;0;0;0;0;2;0;0;14338;0;187202;0;1590;0;0;0;0;0;54;0;0;1589;0;0;0;0;0;0;0;0;0;0;1590;0;0;0;28;0;0;0;0;0;1;0;0;0;0;0;0;0;0;21;0;0
65412;0;0;0;0;0;0;0;0;49;1590;0;0;0;0;0;0;0;211301;0;2;0;0;0;0;0;0;2;154;120;0;49949;1;0;0;0;0;0;0;0;0;1591;0;21;0;29;0;0;0;0;0;0;0;0;41;0;0;2;1591;0;0;0;0;0;0;1;0;0;0;26026873;2;0;107;0;0;1;0;1590;0;0;0;12081;0;76937;0;0;0;0;0;29537;0;0;0;1;52;0;0;0;0;0;59760;0;0;0;0;0;0;50454;0;0;0;23;0;0;0;0;0;0;0;124;0;0;0;120;0;0;0;0;0;1;0;0;0;0;0;0;0;0;50112;443;0;0;0;0;0;1;730699;22;0;0;49952;0;0;0;0;0;0;0;0;0;1;1590;0;0;0;0;12087;0;3;0;0;0;0;0;0;0;0;0;0;0;0;0;2;0;0;14339;0;187265;0;1591;0;0;0;0;0;54;0;0;1590;0;0;0;0;0;0;0;0;0;0;1591;0;0;0;28;0;0;0;0;0;1;0;0;0;0;0;0;0;0;21;0;0
65413;0;0;0;0;0;0;0;0;49;1590;0;0;0;0;0;0;0;211303;0;2;0;0;0;0;0;0;2;154;120;0;49949;1;0;0;0;0;0;0;0;0;1591;0;21;0;29;0;0;0;0;0;0;0;0;41;0;0;2;1591;0;0;0;0;0;0;1;0;0;0;27027888;2;0;107;0;0;1;0;1590;0;0;0;12081;0;76938;0;0;0;0;0;29537;0;0;0;1;52;0;0;0;0;0;59760;0;0;0;0;0;0;50456;0;0;0;23;0;0;0;0;0;0;0;124;0;0;0;120;0;0;0;0;0;1;0;0;0;0;0;0;0;0;50112;443;0;0;0;0;0;1;730953;22;0;0;49952;0;0;0;0;0;0;0;0;0;1;1590;0;0;0;0;12087;0;3;0;0;0;0;0;0;0;0;0;0;0;0;0;2;0;0;14339;0;187329;0;1591;0;0;0;0;0;54;0;0;1590;0;0;0;0;0;0;0;0;0;0;1591;0;0;0;28;0;0;0;0;0;1;0;0;0;0;0;0;0;0;21;0;0
65414;0;0;0;0;0;0;0;0;49;1591;0;0;0;0;0;0;0;211305;0;2;0;0;0;0;0;0;2;154;120;0;49949;1;0;0;0;0;0;0;0;0;1592;0;21;0;29;0;0;0;0;0;0;0;0;41;0;0;2;1592;0;0;0;0;0;0;1;0;0;0;28028898;2;0;107;0;0;1;0;1591;0;0;0;12081;0;76939;0;0;0;0;0;29539;0;0;0;1;52;0;0;0;0;0;59761;0;0;0;0;0;0;50458;0;0;0;23;0;0;0;0;0;0;0;124;0;0;0;120;0;0;0;0;0;1;0;0;0;0;0;0;0;0;50113;443;0;0;0;0;0;1;731205;22;0;0;49952;0;0;0;0;0;0;0;0;0;1;1591;0;0;0;0;12087;0;3;0;0;0;0;0;0;0;0;0;0;0;0;0;2;0;0;14340;0;187393;0;1592;0;0;0;0;0;54;0;0;1591;0;0;0;0;0;0;0;0;0;0;1592;0;0;0;28;0;0;0;0;0;1;0;0;0;0;0;0;0;0;21;0;0
65415;0;0;0;0;0;0;0;0;49;1591;0;0;0;0;0;0;0;211305;0;2;0;0;0;0;0;0;2;154;120;0;49949;1;0;0;0;0;0;0;0;0;1592;0;21;0;29;0;0;0;0;0;0;0;0;41;0;0;2;1592;0;0;0;0;0;0;1;0;0;0;29029857;2;0;107;0;0;1;0;1591;0;0;0;12081;0;76940;0;0;0;0;0;29539;0;0;0;1;52;0;0;0;0;0;59761;0;0;0;0;0;0;50459;0;0;0;23;0;0;0;0;0;0;0;124;0;0;0;120;0;0;0;0;0;1;0;0;0;0;0;0;0;0;50113;443;0;0;0;0;0;1;731457;22;0;0;49952;0;0;0;0;0;0;0;0;0;1;1591;0;0;0;0;12087;0;3;0;0;0;0;0;0;0;0;0;0;0;0;0;2;0;0;14340;0;187457;0;1592;0;0;0;0;0;54;0;0;1591;0;0;0;0;0;0;0;0;0;0;1592;0;0;0;28;0;0;0;0;0;1;0;0;0;0;0;0;0;0;21;0;0
65416;0;0;0;0;0;0;0;0;49;1592;0;0;0;0;0;0;0;211307;0;2;0;0;0;0;0;0;2;154;120;0;49949;1;0;0;0;0;0;0;0;0;1593;0;21;0;29;0;0;0;0;0;0;0;0;41;0;0;2;1593;0;0;0;0;0;0;1;0;0;0;30030874;2;0;107;0;0;1;0;1592;0;0;0;12081;0;76941;0;0;0;0;0;29540;0;0;0;1;52;0;0;0;0;0;59762;0;0;0;0;0;0;50461;0;0;0;23;0;0;0;0;0;0;0;124;0;0;0;120;0;0;0;0;0;1;0;0;0;0;0;0;0;0;50114;443;0;0;0;0;0;1;731710;22;0;0;49952;0;0;0;0;0;0;0;0;0;1;1592;0;0;0;0;12087;0;3;0;0;0;0;0;0;0;0;0;0;0;0;0;2;0;0;14341;0;187520;0;1593;0;0;0;0;0;54;0;0;1592;0;0;0;0;0;0;0;0;0;0;1593;0;0;0;28;0;0;0;0;0;1;0;0;0;0;0;0;0;0;21;0;0
65417;0;0;0;0;0;0;0;0;49;1592;0;0;0;0;0;0;0;211309;0;2;0;0;0;0;0;0;2;154;120;0;49949;1;0;0;0;0;0;0;0;0;1593;0;21;0;29;0;0;0;0;0;0;0;0;41;0;0;2;1593;0;0;0;0;0;0;1;0;0;0;31031887;2;0;107;0;0;1;0;1592;0;0;0;12081;0;76942;0;0;0;0;0;29541;0;0;0;1;52;0;0;0;0;0;59762;0;0;0;0;0;0;50463;0;0;0;23;0;0;0;0;0;0;0;124;0;0;0;120;0;0;0;0;0;1;0;0;0;0;0;0;0;0;50114;443;0;0;0;0;0;1;731963;22;0;0;49952;0;0;0;0;0;0;0;0;0;1;1592;0;0;0;0;12087;0;3;0;0;0;0;0;0;0;0;0;0;0;0;0;2;0;0;14341;0;187585;0;1593;0;0;0;0;0;54;0;0;1592;0;0;0;0;0;0;0;0;0;0;1593;0;0;0;28;0;0;0;0;0;1;0;0;0;0;0;0;0;0;21;0;0
65420;0;0;0;0;0;0;0;0;49;1593;0;0;0;0;0;0;0;211315;0;2;0;0;0;0;0;0;2;154;120;0;49949;1;0;0;0;0;0;0;0;0;1594;0;21;0;29;0;0;0;0;0;0;0;0;41;0;0;2;1594;0;0;0;0;0;0;1;0;0;0;32032909;2;0;107;0;0;1;0;1593;0;0;0;12081;0;76945;0;0;0;0;0;29553;0;0;0;1;52;0;0;0;0;0;59765;0;0;0;0;0;0;50467;0;0;0;23;0;0;0;0;0;0;0;124;0;0;0;120;0;0;0;0;0;1;0;0;0;0;0;0;0;0;50115;443;0;0;0;0;0;1;732215;22;0;0;49952;0;0;0;0;0;0;0;0;0;1;1593;0;0;0;0;12087;0;3;0;0;0;0;0;0;0;0;0;0;0;0;0;2;0;0;14342;0;187649;0;1594;0;0;0;0;0;54;0;0;1593;0;0;0;0;0;0;0;0;0;0;1594;0;0;0;28;0;0;0;0;0;1;0;0;0;0;0;0;0;0;21;0;0
65425;0;0;0;0;0;0;0;0;49;1593;0;0;0;0;0;0;0;211321;0;2;0;0;0;0;0;0;2;154;120;0;49949;1;0;0;0;0;0;0;0;0;1594;0;21;0;29;0;0;0;0;0;0;0;0;41;0;0;2;1594;0;0;0;0;0;0;1;0;0;0;33033874;2;0;107;0;0;1;0;1593;0;0;0;12081;0;76950;0;0;0;0;0;29553;0;0;0;1;52;0;0;0;0;0;59771;0;0;0;0;0;0;50470;0;0;0;23;0;0;0;0;0;0;0;124;0;0;0;120;0;0;0;0;0;1;0;0;0;0;0;0;0;0;50115;443;0;0;0;0;0;1;732469;22;0;0;49952;0;0;0;0;0;0;0;0;0;1;1593;0;0;0;0;12087;0;3;0;0;0;0;0;0;0;0;0;0;0;0;0;2;0;0;14348;0;187718;0;1594;0;0;0;0;0;54;0;0;1593;0;0;0;0;0;0;0;0;0;0;1594;0;0;0;28;0;0;0;0;0;1;0;0;0;0;0;0;0;0;21;0;0
65426;0;0;0;0;0;0;0;0;49;1594;0;0;0;0;0;0;0;211323;0;2;0;0;0;0;0;0;2;154;120;0;49949;1;0;0;0;0;0;0;0;0;1595;0;21;0;29;0;0;0;0;0;0;0;0;41;0;0;2;1595;0;0;0;0;0;0;1;0;0;0;34034877;2;0;107;0;0;1;0;1594;0;0;0;12081;0;76951;0;0;0;0;0;29554;0;0;0;1;52;0;0;0;0;0;59772;0;0;0;0;0;0;50472;0;0;0;23;0;0;0;0;0;0;0;124;0;0;0;120;0;0;0;0;0;1;0;0;0;0;0;0;0;0;50116;443;0;0;0;0;0;1;732722;22;0;0;49952;0;0;0;0;0;0;0;0;0;1;1594;0;0;0;0;12087;0;3;0;0;0;0;0;0;0;0;0;0;0;0;0;2;0;0;14349;0;187783;0;1595;0;0;0;0;0;54;0;0;1594;0;0;0;0;0;0;0;0;0;0;1595;0;0;0;28;0;0;0;0;0;1;0;0;0;0;0;0;0;0;21;0;0
65427;0;0;0;0;0;0;0;0;49;1594;0;0;0;0;0;0;0;211325;0;2;0;0;0;0;0;0;2;154;120;0;49949;1;0;0;0;0;0;0;0;0;1595;0;21;0;29;0;0;0;0;0;0;0;0;41;0;0;2;1595;0;0;0;0;0;0;1;0;0;0;35035890;2;0;107;0;0;1;0;1594;0;0;0;12081;0;76952;0;0;0;0;0;29554;0;0;0;1;52;0;0;0;0;0;59772;0;0;0;0;0;0;50474;0;0;0;23;0;0;0;0;0;0;0;124;0;0;0;120;0;0;0;0;0;1;0;0;0;0;0;0;0;0;50116;443;0;0;0;0;0;1;732975;22;0;0;49952;0;0;0;0;0;0;0;0;0;1;1594;0;0;0;0;12087;0;3;0;0;0;0;0;0;0;0;0;0;0;0;0;2;0;0;14349;0;187847;0;1595;0;0;0;0;0;54;0;0;1594;0;0;0;0;0;0;0;0;0;0;1595;0;0;0;28;0;0;0;0;0;1;0;0;0;0;0;0;0;0;21;0;0
65428;0;0;0;0;0;0;0;0;49;1595;0;0;0;0;0;0;0;211327;0;2;0;0;0;0;0;0;2;154;120;0;49949;1;0;0;0;0;0;0;0;0;1595;0;21;0;29;0;0;0;0;0;0;0;0;41;0;0;2;1595;0;0;0;0;0;0;1;0;0;0;36036907;2;0;107;0;0;1;0;1595;0;0;0;12081;0;76953;0;0;0;0;0;29555;0;0;0;1;52;0;0;0;0;0;59773;0;0;0;0;0;0;50476;0;0;0;23;0;0;0;0;0;0;0;124;0;0;0;120;0;0;0;0;0;1;0;0;0;0;0;0;0;0;50117;443;0;0;0;0;0;1;733228;22;0;0;49952;0;0;0;0;0;0;0;0;0;1;1595;0;0;0;0;12087;0;3;0;0;0;0;0;0;0;0;0;0;0;0;0;2;0;0;14350;0;187912;0;1595;0;0;0;0;0;54;0;0;1595;0;0;0;0;0;0;0;0;0;0;1595;0;0;0;28;0;0;0;0;0;1;0;0;0;0;0;0;0;0;21;0;0
65429;0;0;0;0;0;0;0;0;49;1595;0;0;0;0;0;0;0;211327;0;2;0;0;0;0;0;0;2;154;120;0;49949;1;0;0;0;0;0;0;0;0;1596;0;21;0;29;0;0;0;0;0;0;0;0;41;0;0;2;1596;0;0;0;0;0;0;1;0;0;0;37037854;2;0;107;0;0;1;0;1595;0;0;0;12081;0;76954;0;0;0;0;0;29555;0;0;0;1;52;0;0;0;0;0;59773;0;0;0;0;0;0;50477;0;0;0;23;0;0;0;0;0;0;0;124;0;0;0;120;0;0;0;0;0;1;0;0;0;0;0;0;0;0;50117;443;0;0;0;0;0;1;733480;22;0;0;49952;0;0;0;0;0;0;0;0;0;1;1595;0;0;0;0;12087;0;3;0;0;0;0;0;0;0;0;0;0;0;0;0;2;0;0;14350;0;187976;0;1596;0;0;0;0;0;54;0;0;1595;0;0;0;0;0;0;0;0;0;0;1596;0;0;0;28;0;0;0;0;0;1;0;0;0;0;0;0;0;0;21;0;0
65430;0;0;0;0;0;0;0;0;49;1596;0;0;0;0;0;0;0;211329;0;2;0;0;0;0;0;0;2;154;120;0;49949;1;0;0;0;0;0;0;0;0;1596;0;21;0;29;0;0;0;0;0;0;0;0;41;0;0;2;1596;0;0;0;0;0;0;1;0;0;0;38038869;2;0;107;0;0;1;0;1596;0;0;0;12081;0;76955;0;0;0;0;0;29556;0;0;0;1;52;0;0;0;0;0;59774;0;0;0;0;0;0;50479;0;0;0;23;0;0;0;0;0;0;0;124;0;0;0;120;0;0;0;0;0;1;0;0;0;0;0;0;0;0;50118;443;0;0;0;0;0;1;733733;22;0;0;49952;0;0;0;0;0;0;0;0;0;1;1596;0;0;0;0;12087;0;3;0;0;0;0;0;0;0;0;0;0;0;0;0;2;0;0;14351;0;188040;0;1596;0;0;0;0;0;54;0;0;1596;0;0;0;0;0;0;0;0;0;0;1596;0;0;0;28;0;0;0;0;0;1;0;0;0;0;0;0;0;0;21;0;0
65431;0;0;0;0;0;0;0;0;49;1596;0;0;0;0;0;0;0;211331;0;2;0;0;0;0;0;0;2;154;120;0;49949;1;0;0;0;0;0;0;0;0;1597;0;21;0;29;0;0;0;0;0;0;0;0;41;0;0;2;1597;0;0;0;0;0;0;1;0;0;0;39039888;2;0;107;0;0;1;0;1596;0;0;0;12081;0;76956;0;0;0;0;0;29556;0;0;0;1;52;0;0;0;0;0;59774;0;0;0;0;0;0;50481;0;0;0;23;0;0;0;0;0;0;0;124;0;0;0;120;0;0;0;0;0;1;0;0;0;0;0;0;0;0;50118;443;0;0;0;0;0;1;733986;22;0;0;49952;0;0;0;0;0;0;0;0;0;1;1596;0;0;0;0;12087;0;3;0;0;0;0;0;0;0;0;0;0;0;0;0;2;0;0;14351;0;188104;0;1597;0;0;0;0;0;54;0;0;1596;0;0;0;0;0;0;0;0;0;0;1597;0;0;0;28;0;0;0;0;0;1;0;0;0;0;0;0;0;0;21;0;0
65432;0;0;0;0;0;0;0;0;49;1597;0;0;0;0;0;0;0;211333;0;2;0;0;0;0;0;0;2;154;120;0;49949;1;0;0;0;0;0;0;0;0;1597;0;21;0;29;0;0;0;0;0;0;0;0;41;0;0;2;1597;0;0;0;0;0;0;1;0;0;0;40040897;2;0;107;0;0;1;0;1597;0;0;0;12081;0;76957;0;0;0;0;0;29557;0;0;0;1;52;0;0;0;0;0;59775;0;0;0;0;0;0;50483;0;0;0;23;0;0;0;0;0;0;0;124;0;0;0;120;0;0;0;0;0;1;0;0;0;0;0;0;0;0;50119;443;0;0;0;0;0;1;734238;22;0;0;49952;0;0;0;0;0;0;0;0;0;1;1597;0;0;0;0;12087;0;3;0;0;0;0;0;0;0;0;0;0;0;0;0;2;0;0;14352;0;188167;0;1597;0;0;0;0;0;54;0;0;1597;0;0;0;0;0;0;0;0;0;0;1597;0;0;0;28;0;0;0;0;0;1;0;0;0;0;0;0;0;0;21;0;0
65433;0;0;0;0;0;0;0;0;49;1597;0;0;0;0;0;0;0;211335;0;2;0;0;0;0;0;0;2;154;120;0;49949;1;0;0;0;0;0;0;0;0;1598;0;21;0;29;0;0;0;0;0;0;0;0;41;0;0;2;1598;0;0;0;0;0;0;1;0;0;0;41041859;2;0;107;0;0;1;0;1597;0;0;0;12081;0;76958;0;0;0;0;0;29557;0;0;0;1;52;0;0;0;0;0;59775;0;0;0;0;0;0;50485;0;0;0;23;0;0;0;0;0;0;0;124;0;0;0;120;0;0;0;0;0;1;0;0;0;0;0;0;0;0;50119;443;0;0;0;0;0;1;734490;22;0;0;49952;0;0;0;0;0;0;0;0;0;1;1597;0;0;0;0;12087;0;3;0;0;0;0;0;0;0;0;0;0;0;0;0;2;0;0;14352;0;188231;0;1598;0;0;0;0;0;54;0;0;1597;0;0;0;0;0;0;0;0;0;0;1598;0;0;0;28;0;0;0;0;0;1;0;0;0;0;0;0;0;0;21;0;0
65434;0;0;0;0;0;0;0;0;49;1598;0;0;0;0;0;0;0;211337;0;2;0;0;0;0;0;0;2;154;120;0;49949;1;0;0;0;0;0;0;0;0;1598;0;21;0;29;0;0;0;0;0;0;0;0;41;0;0;2;1598;0;0;0;0;0;0;1;0;0;0;42042875;2;0;107;0;0;1;0;1598;0;0;0;12081;0;76959;0;0;0;0;0;29558;0;0;0;1;52;0;0;0;0;0;59776;0;0;0;0;0;0;50487;0;0;0;23;0;0;0;0;0;0;0;124;0;0;0;120;0;0;0;0;0;1;0;0;0;0;0;0;0;0;50120;443;0;0;0;0;0;1;734744;22;0;0;49952;0;0;0;0;0;0;0;0;0;1;1598;0;0;0;0;12087;0;3;0;0;0;0;0;0;0;0;0;0;0;0;0;2;0;0;14353;0;188295;0;1598;0;0;0;0;0;54;0;0;1598;0;0;0;0;0;0;0;0;0;0;1598;0;0;0;28;0;0;0;0;0;1;0;0;0;0;0;0;0;0;21;0;0
65435;0;0;0;0;0;0;0;0;49;1598;0;0;0;0;0;0;0;211339;0;2;0;0;0;0;0;0;2;154;120;0;49949;1;0;0;0;0;0;0;0;0;1599;0;21;0;29;0;0;0;0;0;0;0;0;41;0;0;2;1599;0;0;0;0;0;0;1;0;0;0;43043885;2;0;107;0;0;1;0;1598;0;0;0;12081;0;76960;0;0;0;0;0;29558;0;0;0;1;52;0;0;0;0;0;59776;0;0;0;0;0;0;50489;0;0;0;23;0;0;0;0;0;0;0;124;0;0;0;120;0;0;0;0;0;1;0;0;0;0;0;0;0;0;50120;443;0;0;0;0;0;1;734997;22;0;0;49952;0;0;0;0;0;0;0;0;0;1;1598;0;0;0;0;12087;0;3;0;0;0;0;0;0;0;0;0;0;0;0;0;2;0;0;14353;0;188360;0;1599;0;0;0;0;0;54;0;0;1598;0;0;0;0;0;0;0;0;0;0;1599;0;0;0;28;0;0;0;0;0;1;0;0;0;0;0;0;0;0;21;0;0
65436;0;0;0;0;0;0;0;0;49;1599;0;0;0;0;0;0;0;211341;0;2;0;0;0;0;0;0;2;154;120;0;49949;1;0;0;0;0;0;0;0;0;1599;0;21;0;29;0;0;0;0;0;0;0;0;41;0;0;2;1599;0;0;0;0;0;0;1;0;0;0;44044899;2;0;107;0;0;1;0;1599;0;0;0;12081;0;76961;0;0;0;0;0;29559;0;0;0;1;52;0;0;0;0;0;59777;0;0;0;0;0;0;50491;0;0;0;23;0;0;0;0;0;0;0;124;0;0;0;120;0;0;0;0;0;1;0;0;0;0;0;0;0;0;50121;443;0;0;0;0;0;1;735249;22;0;0;49952;0;0;0;0;0;0;0;0;0;1;1599;0;0;0;0;12087;0;3;0;0;0;0;0;0;0;0;0;0;0;0;0;2;0;0;14354;0;188424;0;1599;0;0;0;0;0;54;0;0;1599;0;0;0;0;0;0;0;0;0;0;1599;0;0;0;28;0;0;0;0;0;1;0;0;0;0;0;0;0;0;21;0;0
65437;0;0;0;0;0;0;0;0;49;1599;0;0;0;0;0;0;0;211341;0;2;0;0;0;0;0;0;2;154;120;0;49949;1;0;0;0;0;0;0;0;0;1600;0;21;0;29;0;0;0;0;0;0;0;0;41;0;0;2;1600;0;0;0;0;0;0;1;0;0;0;45045861;2;0;107;0;0;1;0;1599;0;0;0;12081;0;76962;0;0;0;0;0;29559;0;0;0;1;52;0;0;0;0;0;59777;0;0;0;0;0;0;50492;0;0;0;23;0;0;0;0;0;0;0;124;0;0;0;120;0;0;0;0;0;1;0;0;0;0;0;0;0;0;50121;443;0;0;0;0;0;1;735502;22;0;0;49952;0;0;0;0;0;0;0;0;0;1;1599;0;0;0;0;12087;0;3;0;0;0;0;0;0;0;0;0;0;0;0;0;2;0;0;14354;0;188488;0;1600;0;0;0;0;0;54;0;0;1599;0;0;0;0;0;0;0;0;0;0;1600;0;0;0;28;0;0;0;0;0;1;0;0;0;0;0;0;0;0;21;0;0
65438;0;0;0;0;0;0;0;0;49;1600;0;0;0;0;0;0;0;211344;0;2;0;0;0;0;0;0;2;154;120;0;49949;1;0;0;0;0;0;0;0;0;1600;0;21;0;29;0;0;0;0;0;0;0;0;41;0;0;2;1600;0;0;0;0;0;0;1;0;0;0;46046870;2;0;107;0;0;1;0;1600;0;0;0;12081;0;76963;0;0;0;0;0;29560;0;0;0;1;52;0;0;0;0;0;59778;0;0;0;0;0;0;50494;0;0;0;23;0;0;0;0;0;0;0;124;0;0;0;120;0;0;0;0;0;1;0;0;0;0;0;0;0;0;50122;443;0;0;0;0;0;1;735755;22;0;0;49952;0;0;0;0;0;0;0;0;0;1;1600;0;0;0;0;12087;0;3;0;0;0;0;0;0;0;0;0;0;0;0;0;2;0;0;14355;0;188552;0;1600;0;0;0;0;0;54;0;0;1600;0;0;0;0;0;0;0;0;0;0;1600;0;0;0;28;0;0;0;0;0;1;0;0;0;0;0;0;0;0;21;0;0
65439;0;0;0;0;0;0;0;0;49;1600;0;0;0;0;0;0;0;211346;0;2;0;0;0;0;0;0;2;154;120;0;49949;1;0;0;0;0;0;0;0;0;1601;0;21;0;29;0;0;0;0;0;0;0;0;41;0;0;2;1601;0;0;0;0;0;0;1;0;0;0;47047884;2;0;107;0;0;1;0;1600;0;0;0;12081;0;76964;0;0;0;0;0;29560;0;0;0;1;52;0;0;0;0;0;59778;0;0;0;0;0;0;50496;0;0;0;23;0;0;0;0;0;0;0;124;0;0;0;120;0;0;0;0;0;1;0;0;0;0;0;0;0;0;50122;443;0;0;0;0;0;1;736008;22;0;0;49952;0;0;0;0;0;0;0;0;0;1;1600;0;0;0;0;12087;0;3;0;0;0;0;0;0;0;0;0;0;0;0;0;2;0;0;14355;0;188616;0;1601;0;0;0;0;0;54;0;0;1600;0;0;0;0;0;0;0;0;0;0;1601;0;0;0;28;0;0;0;0;0;1;0;0;0;0;0;0;0;0;21;0;0
65440;0;0;0;0;0;0;0;0;49;1601;0;0;0;0;0;0;0;211348;0;2;0;0;0;0;0;0;2;154;120;0;49949;1;0;0;0;0;0;0;0;0;1601;0;21;0;29;0;0;0;0;0;0;0;0;41;0;0;2;1601;0;0;0;0;0;0;1;0;0;0;48048903;2;0;107;0;0;1;0;1601;0;0;0;12081;0;76965;0;0;0;0;0;29561;0;0;0;1;52;0;0;0;0;0;59779;0;0;0;0;0;0;50498;0;0;0;23;0;0;0;0;0;0;0;124;0;0;0;120;0;0;0;0;0;1;0;0;0;0;0;0;0;0;50123;443;0;0;0;0;0;1;736260;22;0;0;49952;0;0;0;0;0;0;0;0;0;1;1601;0;0;0;0;12087;0;3;0;0;0;0;0;0;0;0;0;0;0;0;0;2;0;0;14356;0;188680;0;1601;0;0;0;0;0;54;0;0;1601;0;0;0;0;0;0;0;0;0;0;1601;0;0;0;28;0;0;0;0;0;1;0;0;0;0;0;0;0;0;21;0;0
65441;0;0;0;0;0;0;0;0;49;1601;0;0;0;0;0;0;0;211350;0;2;0;0;0;0;0;0;2;154;120;0;49949;1;0;0;0;0;0;0;0;0;1602;0;21;0;29;0;0;0;0;0;0;0;0;41;0;0;2;1602;0;0;0;0;0;0;1;0;0;0;49049859;2;0;107;0;0;1;0;1601;0;0;0;12081;0;76966;0;0;0;0;0;29561;0;0;0;1;52;0;0;0;0;0;59779;0;0;0;0;0;0;50500;0;0;0;23;0;0;0;0;0;0;0;124;0;0;0;120;0;0;0;0;0;1;0;0;0;0;0;0;0;0;50123;443;0;0;0;0;0;1;736512;22;0;0;49952;0;0;0;0;0;0;0;0;0;1;1601;0;0;0;0;12087;0;3;0;0;0;0;0;0;0;0;0;0;0;0;0;2;0;0;14356;0;188744;0;1602;0;0;0;0;0;54;0;0;1601;0;0;0;0;0;0;0;0;0;0;1602;0;0;0;28;0;0;0;0;0;1;0;0;0;0;0;0;0;0;21;0;0
65442;0;0;0;0;0;0;0;0;49;1602;0;0;0;0;0;0;0;211352;0;2;0;0;0;0;0;0;2;154;120;0;49949;1;0;0;0;0;0;0;0;0;1602;0;21;0;29;0;0;0;0;0;0;0;0;41;0;0;2;1602;0;0;0;0;0;0;1;0;0;0;50050872;2;0;107;0;0;1;0;1602;0;0;0;12081;0;76967;0;0;0;0;0;29562;0;0;0;1;52;0;0;0;0;0;59780;0;0;0;0;0;0;50502;0;0;0;23;0;0;0;0;0;0;0;124;0;0;0;120;0;0;0;0;0;1;0;0;0;0;0;0;0;0;50124;443;0;0;0;0;0;1;736765;22;0;0;49952;0;0;0;0;0;0;0;0;0;1;1602;0;0;0;0;12087;0;3;0;0;0;0;0;0;0;0;0;0;0;0;0;2;0;0;14357;0;188807;0;1602;0;0;0;0;0;54;0;0;1602;0;0;0;0;0;0;0;0;0;0;1602;0;0;0;28;0;0;0;0;0;1;0;0;0;0;0;0;0;0;21;0;0
65443;0;0;0;0;0;0;0;0;49;1602;0;0;0;0;0;0;0;211354;0;2;0;0;0;0;0;0;2;154;120;0;49949;1;0;0;0;0;0;0;0;0;1603;0;21;0;29;0;0;0;0;0;0;0;0;41;0;0;2;1603;0;0;0;0;0;0;1;0;0;0;51051889;2;0;107;0;0;1;0;1602;0;0;0;12081;0;76968;0;0;0;0;0;29562;0;0;0;1;52;0;0;0;0;0;59780;0;0;0;0;0;0;50504;0;0;0;23;0;0;0;0;0;0;0;124;0;0;0;120;0;0;0;0;0;1;0;0;0;0;0;0;0;0;50124;443;0;0;0;0;0;1;737019;22;0;0;49952;0;0;0;0;0;0;0;0;0;1;1602;0;0;0;0;12087;0;3;0;0;0;0;0;0;0;0;0;0;0;0;0;2;0;0;14357;0;188871;0;1603;0;0;0;0;0;54;0;0;1602;0;0;0;0;0;0;0;0;0;0;1603;0;0;0;28;0;0;0;0;0;1;0;0;0;0;0;0;0;0;21;0;0
65446;0;0;0;0;0;0;0;0;49;1603;0;0;0;0;0;0;0;211358;0;2;0;0;0;0;0;0;2;154;120;0;49949;1;0;0;0;0;0;0;0;0;1603;0;21;0;29;0;0;0;0;0;0;0;0;41;0;0;2;1603;0;0;0;0;0;0;1;0;0;0;52052904;2;0;107;0;0;1;0;1603;0;0;0;12081;0;76971;0;0;0;0;0;29563;0;0;0;1;52;0;0;0;0;0;59783;0;0;0;0;0;0;50508;0;0;0;23;0;0;0;0;0;0;0;124;0;0;0;120;0;0;0;0;0;1;0;0;0;0;0;0;0;0;50125;443;0;0;0;0;0;1;737272;22;0;0;49952;0;0;0;0;0;0;0;0;0;1;1603;0;0;0;0;12087;0;3;0;0;0;0;0;0;0;0;0;0;0;0;0;2;0;0;14359;0;188936;0;1603;0;0;0;0;0;54;0;0;1603;0;0;0;0;0;0;0;0;0;0;1603;0;0;0;28;0;0;0;0;0;1;0;0;0;0;0;0;0;0;21;0;0
65448;0;0;0;0;0;0;0;0;49;1603;0;0;0;0;0;0;0;211358;0;2;0;0;0;0;0;0;2;154;120;0;49949;1;0;0;0;0;0;0;0;0;1604;0;21;0;29;0;0;0;0;0;0;0;0;41;0;0;2;1604;0;0;0;0;0;0;1;0;0;0;53053855;2;0;107;0;0;1;0;1603;0;0;0;12081;0;76973;0;0;0;0;0;29563;0;0;0;1;52;0;0;0;0;0;59783;0;0;0;0;0;0;50510;0;0;0;23;0;0;0;0;0;0;0;124;0;0;0;120;0;0;0;0;0;1;0;0;0;0;0;0;0;0;50125;443;0;0;0;0;0;1;737524;22;0;0;49952;0;0;0;0;0;0;0;0;0;1;1603;0;0;0;0;12087;0;3;0;0;0;0;0;0;0;0;0;0;0;0;0;2;0;0;14359;0;189000;0;1604;0;0;0;0;0;54;0;0;1603;0;0;0;0;0;0;0;0;0;0;1604;0;0;0;28;0;0;0;0;0;1;0;0;0;0;0;0;0;0;21;0;0
65449;0;0;0;0;0;0;0;0;49;1604;0;0;0;0;0;0;0;211360;0;2;0;0;0;0;0;0;2;154;120;0;49949;1;0;0;0;0;0;0;0;0;1604;0;21;0;29;0;0;0;0;0;0;0;0;41;0;0;2;1604;0;0;0;0;0;0;1;0;0;0;54054874;2;0;107;0;0;1;0;1604;0;0;0;12081;0;76974;0;0;0;0;0;29564;0;0;0;1;52;0;0;0;0;0;59784;0;0;0;0;0;0;50512;0;0;0;23;0;0;0;0;0;0;0;124;0;0;0;120;0;0;0;0;0;1;0;0;0;0;0;0;0;0;50126;443;0;0;0;0;0;1;737778;22;0;0;49952;0;0;0;0;0;0;0;0;0;1;1604;0;0;0;0;12087;0;3;0;0;0;0;0;0;0;0;0;0;0;0;0;2;0;0;14360;0;189065;0;1604;0;0;0;0;0;54;0;0;1604;0;0;0;0;0;0;0;0;0;0;1604;0;0;0;28;0;0;0;0;0;1;0;0;0;0;0;0;0;0;21;0;0
65450;0;0;0;0;0;0;0;0;49;1604;0;0;0;0;0;0;0;211362;0;2;0;0;0;0;0;0;2;154;120;0;49949;1;0;0;0;0;0;0;0;0;1605;0;21;0;29;0;0;0;0;0;0;0;0;41;0;0;2;1605;0;0;0;0;0;0;1;0;0;0;55055883;2;0;107;0;0;1;0;1604;0;0;0;12081;0;76975;0;0;0;0;0;29564;0;0;0;1;52;0;0;0;0;0;59784;0;0;0;0;0;0;50514;0;0;0;23;0;0;0;0;0;0;0;124;0;0;0;120;0;0;0;0;0;1;0;0;0;0;0;0;0;0;50126;443;0;0;0;0;0;1;738031;22;0;0;49952;0;0;0;0;0;0;0;0;0;1;1604;0;0;0;0;12087;0;3;0;0;0;0;0;0;0;0;0;0;0;0;0;2;0;0;14360;0;189129;0;1605;0;0;0;0;0;54;0;0;1604;0;0;0;0;0;0;0;0;0;0;1605;0;0;0;28;0;0;0;0;0;1;0;0;0;0;0;0;0;0;21;0;0
65451;0;0;0;0;0;0;0;0;49;1605;0;0;0;0;0;0;0;211364;0;2;0;0;0;0;0;0;2;154;120;0;49949;1;0;0;0;0;0;0;0;0;1605;0;21;0;29;0;0;0;0;0;0;0;0;41;0;0;2;1605;0;0;0;0;0;0;1;0;0;0;56056895;2;0;107;0;0;1;0;1605;0;0;0;12081;0;76976;0;0;0;0;0;29565;0;0;0;1;52;0;0;0;0;0;59785;0;0;0;0;0;0;50516;0;0;0;23;0;0;0;0;0;0;0;124;0;0;0;120;0;0;0;0;0;1;0;0;0;0;0;0;0;0;50127;443;0;0;0;0;0;1;738283;22;0;0;49952;0;0;0;0;0;0;0;0;0;1;1605;0;0;0;0;12087;0;3;0;0;0;0;0;0;0;0;0;0;0;0;0;2;0;0;14361;0;189193;0;1605;0;0;0;0;0;54;0;0;1605;0;0;0;0;0;0;0;0;0;0;1605;0;0;0;28;0;0;0;0;0;1;0;0;0;0;0;0;0;0;21;0;0
65452;0;0;0;0;0;0;0;0;49;1605;0;0;0;0;0;0;0;211364;0;2;0;0;0;0;0;0;2;154;120;0;49949;1;0;0;0;0;0;0;0;0;1606;0;21;0;29;0;0;0;0;0;0;0;0;41;0;0;2;1606;0;0;0;0;0;0;1;0;0;0;57057863;2;0;107;0;0;1;0;1605;0;0;0;12081;0;76977;0;0;0;0;0;29565;0;0;0;1;52;0;0;0;0;0;59785;0;0;0;0;0;0;50517;0;0;0;23;0;0;0;0;0;0;0;124;0;0;0;120;0;0;0;0;0;1;0;0;0;0;0;0;0;0;50127;443;0;0;0;0;0;1;738535;22;0;0;49952;0;0;0;0;0;0;0;0;0;1;1605;0;0;0;0;12087;0;3;0;0;0;0;0;0;0;0;0;0;0;0;0;2;0;0;14361;0;189257;0;1606;0;0;0;0;0;54;0;0;1605;0;0;0;0;0;0;0;0;0;0;1606;0;0;0;28;0;0;0;0;0;1;0;0;0;0;0;0;0;0;21;0;0
65453;0;0;0;0;0;0;0;0;49;1606;0;0;0;0;0;0;0;211366;0;2;0;0;0;0;0;0;2;154;120;0;49949;1;0;0;0;0;0;0;0;0;1606;0;21;0;29;0;0;0;0;0;0;0;0;41;0;0;2;1606;0;0;0;0;0;0;1;0;0;0;58058874;2;0;107;0;0;1;0;1606;0;0;0;12081;0;76978;0;0;0;0;0;29566;0;0;0;1;52;0;0;0;0;0;59786;0;0;0;0;0;0;50519;0;0;0;23;0;0;0;0;0;0;0;124;0;0;0;120;0;0;0;0;0;1;0;0;0;0;0;0;0;0;50128;443;0;0;0;0;0;1;738788;22;0;0;49952;0;0;0;0;0;0;0;0;0;1;1606;0;0;0;0;12087;0;3;0;0;0;0;0;0;0;0;0;0;0;0;0;2;0;0;14362;0;189320;0;1606;0;0;0;0;0;54;0;0;1606;0;0;0;0;0;0;0;0;0;0;1606;0;0;0;28;0;0;0;0;0;1;0;0;0;0;0;0;0;0;21;0;0
65455;0;0;0;0;0;0;0;0;49;1606;0;0;0;0;0;0;0;211374;0;2;0;0;0;0;0;0;2;154;120;0;49949;1;0;0;0;0;0;0;0;0;1607;0;21;0;29;0;0;0;0;0;0;0;0;41;0;0;2;1607;0;0;0;0;0;0;1;0;0;0;59059889;2;0;107;0;0;1;0;1606;0;0;0;12081;0;76980;0;0;0;0;0;29566;0;0;0;1;52;0;0;0;0;0;59786;0;0;0;0;0;0;50524;0;0;0;23;0;0;0;0;0;0;0;124;0;0;0;120;0;0;0;0;0;1;0;0;0;0;0;0;0;0;50128;443;0;0;0;0;0;1;739042;22;0;0;49952;0;0;0;0;0;0;0;0;0;1;1606;0;0;0;0;12087;0;3;0;0;0;0;0;0;0;0;0;0;0;0;0;2;0;0;14362;0;189385;0;1607;0;0;0;0;0;54;0;0;1606;0;0;0;0;0;0;0;0;0;0;1607;0;0;0;28;0;0;0;0;0;1;0;0;0;0;0;0;0;0;21;0;0
65459;0;0;0;0;0;0;0;0;49;1607;0;0;0;0;0;0;0;211380;0;2;0;0;0;0;0;0;2;154;120;0;49949;1;0;0;0;0;0;0;0;0;1607;0;21;0;29;0;0;0;0;0;0;0;0;41;0;0;2;1607;0;0;0;0;0;0;1;0;0;0;60060916;2;0;107;0;0;1;0;1607;0;0;0;12081;0;76984;0;0;0;0;0;29567;0;0;0;1;52;0;0;0;0;0;59787;0;0;0;0;0;0;50530;0;0;0;23;0;0;0;0;0;0;0;124;0;0;0;120;0;0;0;0;0;1;0;0;0;0;0;0;0;0;50129;443;0;0;0;0;0;1;739296;22;0;0;49952;0;0;0;0;0;0;0;0;0;1;1607;0;0;0;0;12087;0;3;0;0;0;0;0;0;0;0;0;0;0;0;0;2;0;0;14367;0;189450;0;1607;0;0;0;0;0;54;0;0;1607;0;0;0;0;0;0;0;0;0;0;1607;0;0;0;28;0;0;0;0;0;1;0;0;0;0;0;0;0;0;21;0;0
65460;0;0;0;0;0;0;0;0;49;1607;0;0;0;0;0;0;0;211383;0;2;0;0;0;0;0;0;2;154;120;0;49949;1;0;0;0;0;0;0;0;0;1608;0;21;0;29;0;0;0;0;0;0;0;0;41;0;0;2;1608;0;0;0;0;0;0;1;0;0;0;61061856;2;0;107;0;0;1;0;1607;0;0;0;12081;0;76985;0;0;0;0;0;29567;0;0;0;1;52;0;0;0;0;0;59787;0;0;0;0;0;0;50533;0;0;0;23;0;0;0;0;0;0;0;124;0;0;0;120;0;0;0;0;0;1;0;0;0;0;0;0;0;0;50129;443;0;0;0;0;0;1;739549;22;0;0;49952;0;0;0;0;0;0;0;0;0;1;1607;0;0;0;0;12087;0;3;0;0;0;0;0;0;0;0;0;0;0;0;0;2;0;0;14367;0;189515;0;1608;0;0;0;0;0;54;0;0;1607;0;0;0;0;0;0;0;0;0;0;1608;0;0;0;28;0;0;0;0;0;1;0;0;0;0;0;0;0;0;21;0;0
65461;0;0;0;0;0;0;0;0;49;1608;0;0;0;0;0;0;0;211385;0;2;0;0;0;0;0;0;2;154;120;0;49949;1;0;0;0;0;0;0;0;0;1608;0;21;0;29;0;0;0;0;0;0;0;0;41;0;0;2;1608;0;0;0;0;0;0;1;0;0;0;62062868;2;0;107;0;0;1;0;1608;0;0;0;12081;0;76986;0;0;0;0;0;29568;0;0;0;1;52;0;0;0;0;0;59788;0;0;0;0;0;0;50535;0;0;0;23;0;0;0;0;0;0;0;124;0;0;0;120;0;0;0;0;0;1;0;0;0;0;0;0;0;0;50130;443;0;0;0;0;0;1;739802;22;0;0;49952;0;0;0;0;0;0;0;0;0;1;1608;0;0;0;0;12087;0;3;0;0;0;0;0;0;0;0;0;0;0;0;0;2;0;0;14368;0;189579;0;1608;0;0;0;0;0;54;0;0;1608;0;0;0;0;0;0;0;0;0;0;1608;0;0;0;28;0;0;0;0;0;1;0;0;0;0;0;0;0;0;21;0;0
65462;0;0;0;0;0;0;0;0;49;1608;0;0;0;0;0;0;0;211387;0;2;0;0;0;0;0;0;2;154;120;0;49949;1;0;0;0;0;0;0;0;0;1609;0;21;0;29;0;0;0;0;0;0;0;0;41;0;0;2;1609;0;0;0;0;0;0;1;0;0;0;63063886;2;0;107;0;0;1;0;1608;0;0;0;12081;0;76987;0;0;0;0;0;29568;0;0;0;1;52;0;0;0;0;0;59788;0;0;0;0;0;0;50537;0;0;0;23;0;0;0;0;0;0;0;124;0;0;0;120;0;0;0;0;0;1;0;0;0;0;0;0;0;0;50130;443;0;0;0;0;0;1;740056;22;0;0;49952;0;0;0;0;0;0;0;0;0;1;1608;0;0;0;0;12087;0;3;0;0;0;0;0;0;0;0;0;0;0;0;0;2;0;0;14368;0;189643;0;1609;0;0;0;0;0;54;0;0;1608;0;0;0;0;0;0;0;0;0;0;1609;0;0;0;28;0;0;0;0;0;1;0;0;0;0;0;0;0;0;21;0;0
65463;0;0;0;0;0;0;0;0;49;1609;0;0;0;0;0;0;0;211389;0;2;0;0;0;0;0;0;2;154;120;0;49949;1;0;0;0;0;0;0;0;0;1609;0;21;0;29;0;0;0;0;0;0;0;0;41;0;0;2;1609;0;0;0;0;0;0;1;0;0;0;64064896;2;0;107;0;0;1;0;1609;0;0;0;12081;0;76988;0;0;0;0;0;29569;0;0;0;1;52;0;0;0;0;0;59789;0;0;0;0;0;0;50539;0;0;0;23;0;0;0;0;0;0;0;124;0;0;0;120;0;0;0;0;0;1;0;0;0;0;0;0;0;0;50131;443;0;0;0;0;0;1;740308;22;0;0;49952;0;0;0;0;0;0;0;0;0;1;1609;0;0;0;0;12087;0;3;0;0;0;0;0;0;0;0;0;0;0;0;0;2;0;0;14369;0;189706;0;1609;0;0;0;0;0;54;0;0;1609;0;0;0;0;0;0;0;0;0;0;1609;0;0;0;28;0;0;0;0;0;1;0;0;0;0;0;0;0;0;21;0;0
65464;0;0;0;0;0;0;0;0;49;1609;0;0;0;0;0;0;0;211392;0;2;0;0;0;0;0;0;2;154;120;0;49949;1;0;0;0;0;0;0;0;0;1610;0;21;0;29;0;0;0;0;0;0;0;0;41;0;0;2;1610;0;0;0;0;0;0;1;0;0;0;65065858;2;0;107;0;0;1;0;1609;0;0;0;12081;0;76989;0;0;0;0;0;29569;0;0;0;1;52;0;0;0;0;0;59789;0;0;0;0;0;0;50542;0;0;0;23;0;0;0;0;0;0;0;124;0;0;0;120;0;0;0;0;0;1;0;0;0;0;0;0;0;0;50131;443;0;0;0;0;0;1;740560;22;0;0;49952;0;0;0;0;0;0;0;0;0;1;1609;0;0;0;0;12087;0;3;0;0;0;0;0;0;0;0;0;0;0;0;0;2;0;0;14369;0;189770;0;1610;0;0;0;0;0;54;0;0;1609;0;0;0;0;0;0;0;0;0;0;1610;0;0;0;28;0;0;0;0;0;1;0;0;0;0;0;0;0;0;21;0;0
65465;0;0;0;0;0;0;0;0;49;1610;0;0;0;0;0;0;0;211394;0;2;0;0;0;0;0;0;2;154;120;0;49949;1;0;0;0;0;0;0;0;0;1610;0;21;0;29;0;0;0;0;0;0;0;0;41;0;0;2;1610;0;0;0;0;0;0;1;0;0;0;66066876;2;0;107;0;0;1;0;1610;0;0;0;12081;0;76990;0;0;0;0;0;29570;0;0;0;1;52;0;0;0;0;0;59790;0;0;0;0;0;0;50544;0;0;0;23;0;0;0;0;0;0;0;124;0;0;0;120;0;0;0;0;0;1;0;0;0;0;0;0;0;0;50132;443;0;0;0;0;0;1;740813;22;0;0;49952;0;0;0;0;0;0;0;0;0;1;1610;0;0;0;0;12087;0;3;0;0;0;0;0;0;0;0;0;0;0;0;0;2;0;0;14370;0;189835;0;1610;0;0;0;0;0;54;0;0;1610;0;0;0;0;0;0;0;0;0;0;1610;0;0;0;28;0;0;0;0;0;1;0;0;0;0;0;0;0;0;21;0;0
65466;0;0;0;0;0;0;0;0;49;1610;0;0;0;0;0;0;0;211396;0;2;0;0;0;0;0;0;2;154;120;0;49949;1;0;0;0;0;0;0;0;0;1611;0;21;0;29;0;0;0;0;0;0;0;0;41;0;0;2;1611;0;0;0;0;0;0;1;0;0;0;67067890;2;0;107;0;0;1;0;1610;0;0;0;12081;0;76991;0;0;0;0;0;29570;0;0;0;1;52;0;0;0;0;0;59790;0;0;0;0;0;0;50546;0;0;0;23;0;0;0;0;0;0;0;124;0;0;0;120;0;0;0;0;0;1;0;0;0;0;0;0;0;0;50132;443;0;0;0;0;0;1;741066;22;0;0;49952;0;0;0;0;0;0;0;0;0;1;1610;0;0;0;0;12087;0;3;0;0;0;0;0;0;0;0;0;0;0;0;0;2;0;0;14370;0;189899;0;1611;0;0;0;0;0;54;0;0;1610;0;0;0;0;0;0;0;0;0;0;1611;0;0;0;28;0;0;0;0;0;1;0;0;0;0;0;0;0;0;21;0;0
65467;0;0;0;0;0;0;0;0;49;1611;0;0;0;0;0;0;0;211398;0;2;0;0;0;0;0;0;2;154;120;0;49949;1;0;0;0;0;0;0;0;0;1611;0;21;0;29;0;0;0;0;0;0;0;0;41;0;0;2;1611;0;0;0;0;0;0;1;0;0;0;68068902;2;0;107;0;0;1;0;1611;0;0;0;12081;0;76992;0;0;0;0;0;29571;0;0;0;1;52;0;0;0;0;0;59791;0;0;0;0;0;0;50548;0;0;0;23;0;0;0;0;0;0;0;124;0;0;0;120;0;0;0;0;0;1;0;0;0;0;0;0;0;0;50133;443;0;0;0;0;0;1;741318;22;0;0;49952;0;0;0;0;0;0;0;0;0;1;1611;0;0;0;0;12087;0;3;0;0;0;0;0;0;0;0;0;0;0;0;0;2;0;0;14371;0;189963;0;1611;0;0;0;0;0;54;0;0;1611;0;0;0;0;0;0;0;0;0;0;1611;0;0;0;28;0;0;0;0;0;1;0;0;0;0;0;0;0;0;21;0;0
65468;0;0;0;0;0;0;0;0;49;1611;0;0;0;0;0;0;0;211401;0;2;0;0;0;0;0;0;2;154;120;0;49949;1;0;0;0;0;0;0;0;0;1612;0;21;0;29;0;0;0;0;0;0;0;0;41;0;0;2;1612;0;0;0;0;0;0;1;0;0;0;69069860;2;0;107;0;0;1;0;1611;0;0;0;12081;0;76993;0;0;0;0;0;29571;0;0;0;1;52;0;0;0;0;0;59791;0;0;0;0;0;0;50550;0;0;0;23;0;0;0;0;0;0;0;124;0;0;0;120;0;0;0;0;0;1;0;0;0;0;0;0;0;0;50133;443;0;0;0;0;0;1;741571;22;0;0;49952;0;0;0;0;0;0;0;0;0;1;1611;0;0;0;0;12087;0;3;0;0;0;0;0;0;0;0;0;0;0;0;0;2;0;0;14371;0;190026;0;1612;0;0;0;0;0;54;0;0;1611;0;0;0;0;0;0;0;0;0;0;1612;0;0;0;28;0;0;0;0;0;1;0;0;0;0;0;0;0;0;21;0;0
65469;0;0;0;0;0;0;0;0;49;1612;0;0;0;0;0;0;0;211403;0;2;0;0;0;0;0;0;2;154;120;0;49949;1;0;0;0;0;0;0;0;0;1612;0;21;0;29;0;0;0;0;0;0;0;0;41;0;0;2;1612;0;0;0;0;0;0;1;0;0;0;70070870;2;0;107;0;0;1;0;1612;0;0;0;12081;0;76994;0;0;0;0;0;29572;0;0;0;1;52;0;0;0;0;0;59792;0;0;0;0;0;0;50552;0;0;0;23;0;0;0;0;0;0;0;124;0;0;0;120;0;0;0;0;0;1;0;0;0;0;0;0;0;0;50134;443;0;0;0;0;0;1;741824;22;0;0;49952;0;0;0;0;0;0;0;0;0;1;1612;0;0;0;0;12087;0;3;0;0;0;0;0;0;0;0;0;0;0;0;0;2;0;0;14372;0;190090;0;1612;0;0;0;0;0;54;0;0;1612;0;0;0;0;0;0;0;0;0;0;1612;0;0;0;28;0;0;0;0;0;1;0;0;0;0;0;0;0;0;21;0;0
65470;0;0;0;0;0;0;0;0;49;1612;0;0;0;0;0;0;0;211405;0;2;0;0;0;0;0;0;2;154;120;0;49949;1;0;0;0;0;0;0;0;0;1613;0;21;0;29;0;0;0;0;0;0;0;0;41;0;0;2;1613;0;0;0;0;0;0;1;0;0;0;71071880;2;0;107;0;0;1;0;1612;0;0;0;12081;0;76995;0;0;0;0;0;29572;0;0;0;1;52;0;0;0;0;0;59792;0;0;0;0;0;0;50554;0;0;0;23;0;0;0;0;0;0;0;124;0;0;0;120;0;0;0;0;0;1;0;0;0;0;0;0;0;0;50134;443;0;0;0;0;0;1;742077;22;0;0;49952;0;0;0;0;0;0;0;0;0;1;1612;0;0;0;0;12087;0;3;0;0;0;0;0;0;0;0;0;0;0;0;0;2;0;0;14372;0;190154;0;1613;0;0;0;0;0;54;0;0;1612;0;0;0;0;0;0;0;0;0;0;1613;0;0;0;28;0;0;0;0;0;1;0;0;0;0;0;0;0;0;21;0;0
65471;0;0;0;0;0;0;0;0;49;1613;0;0;0;0;0;0;0;211407;0;2;0;0;0;0;0;0;2;154;120;0;49949;1;0;0;0;0;0;0;0;0;1613;0;21;0;29;0;0;0;0;0;0;0;0;41;0;0;2;1613;0;0;0;0;0;0;1;0;0;0;72072900;2;0;107;0;0;1;0;1613;0;0;0;12081;0;76996;0;0;0;0;0;29573;0;0;0;1;52;0;0;0;0;0;59793;0;0;0;0;0;0;50556;0;0;0;23;0;0;0;0;0;0;0;124;0;0;0;120;0;0;0;0;0;1;0;0;0;0;0;0;0;0;50135;443;0;0;0;0;0;1;742330;22;0;0;49952;0;0;0;0;0;0;0;0;0;1;1613;0;0;0;0;12087;0;3;0;0;0;0;0;0;0;0;0;0;0;0;0;2;0;0;14373;0;190219;0;1613;0;0;0;0;0;54;0;0;1613;0;0;0;0;0;0;0;0;0;0;1613;0;0;0;28;0;0;0;0;0;1;0;0;0;0;0;0;0;0;21;0;0
65472;0;0;0;0;0;0;0;0;49;1613;0;0;0;0;0;0;0;211410;0;2;0;0;0;0;0;0;2;154;120;0;49949;1;0;0;0;0;0;0;0;0;1614;0;21;0;29;0;0;0;0;0;0;0;0;41;0;0;2;1614;0;0;0;0;0;0;1;0;0;0;73073858;2;0;107;0;0;1;0;1613;0;0;0;12081;0;76997;0;0;0;0;0;29573;0;0;0;1;52;0;0;0;0;0;59793;0;0;0;0;0;0;50559;0;0;0;23;0;0;0;0;0;0;0;124;0;0;0;120;0;0;0;0;0;1;0;0;0;0;0;0;0;0;50135;443;0;0;0;0;0;1;742582;22;0;0;49952;0;0;0;0;0;0;0;0;0;1;1613;0;0;0;0;12087;0;3;0;0;0;0;0;0;0;0;0;0;0;0;0;2;0;0;14373;0;190282;0;1614;0;0;0;0;0;54;0;0;1613;0;0;0;0;0;0;0;0;0;0;1614;0;0;0;28;0;0;0;0;0;1;0;0;0;0;0;0;0;0;21;0;0
65473;0;0;0;0;0;0;0;0;49;1615;0;0;0;0;0;0;0;211412;0;2;0;0;0;0;0;0;2;154;120;0;49949;1;0;0;0;0;0;0;0;0;1615;0;21;0;29;0;0;0;0;0;0;0;0;41;0;0;2;1615;0;0;0;0;0;0;1;0;0;0;74074892;2;0;108;0;0;1;0;1615;0;0;0;12081;0;76998;0;0;0;0;0;29574;0;0;0;1;52;0;0;0;0;0;59794;0;0;0;0;0;0;50561;0;0;0;23;0;0;0;0;0;0;0;125;0;0;0;120;0;0;0;0;0;1;0;0;0;0;0;0;0;0;50136;443;0;0;0;0;0;1;742836;22;0;0;49952;0;0;0;0;0;0;0;0;0;1;1615;0;0;0;0;12087;0;3;0;0;0;0;0;0;0;0;0;0;0;0;0;2;0;0;14374;0;190348;0;1615;0;0;0;0;0;54;0;0;1615;0;0;0;0;0;0;0;0;0;0;1615;0;0;0;28;0;0;0;0;0;1;0;0;0;0;0;0;0;0;21;0;0
65474;0;0;0;0;0;0;0;0;49;1615;0;0;0;0;0;0;0;211414;0;2;0;0;0;0;0;0;2;154;120;0;49949;1;0;0;0;0;0;0;0;0;1618;0;21;0;29;0;0;0;0;0;0;0;0;41;0;0;2;1618;0;0;0;0;0;0;1;0;0;0;75075912;2;0;109;0;0;1;0;1615;0;0;0;12081;0;76999;0;0;0;0;0;29574;0;0;0;1;52;0;0;0;0;0;59794;0;0;0;0;0;0;50563;0;0;0;23;0;0;0;0;0;0;0;125;0;0;0;120;0;0;0;0;0;1;0;0;0;0;0;0;0;0;50136;443;0;0;0;0;0;1;743090;22;0;0;49952;0;0;0;0;0;0;0;0;0;1;1615;0;0;0;0;12087;0;3;0;0;0;0;0;0;0;0;0;0;0;0;0;2;0;0;14374;0;190413;0;1618;0;0;0;0;0;54;0;0;1615;0;0;0;0;0;0;0;0;0;0;1618;0;0;0;28;0;0;0;0;0;1;0;0;0;0;0;0;0;0;21;0;0
65475;0;0;0;0;0;0;0;0;49;1618;0;0;0;0;0;0;0;211416;0;2;0;0;0;0;0;0;2;154;120;0;49949;1;0;0;0;0;0;0;0;0;1618;0;21;0;29;0;0;0;0;0;0;0;0;41;0;0;2;1618;0;0;0;0;0;0;1;0;0;0;76076933;2;0;109;0;0;1;0;1618;0;0;0;12081;0;77000;0;0;0;0;0;29575;0;0;0;1;52;0;0;0;0;0;59795;0;0;0;0;0;0;50565;0;0;0;23;0;0;0;0;0;0;0;126;0;0;0;120;0;0;0;0;0;1;0;0;0;0;0;0;0;0;50137;443;0;0;0;0;0;1;743343;22;0;0;49952;0;0;0;0;0;0;0;0;0;1;1618;0;0;0;0;12087;0;3;0;0;0;0;0;0;0;0;0;0;0;0;0;2;0;0;14375;0;190477;0;1618;0;0;0;0;0;54;0;0;1618;0;0;0;0;0;0;0;0;0;0;1618;0;0;0;28;0;0;0;0;0;1;0;0;0;0;0;0;0;0;21;0;0
65478;0;0;0;0;0;0;0;0;49;1618;0;0;0;0;0;0;0;211422;0;2;0;0;0;0;0;0;2;154;120;0;49949;1;0;0;0;0;0;0;0;0;1619;0;21;0;29;0;0;0;0;0;0;0;0;41;0;0;2;1619;0;0;0;0;0;0;1;0;0;0;77077865;2;0;109;0;0;1;0;1618;0;0;0;12081;0;77003;0;0;0;0;0;29575;0;0;0;1;52;0;0;0;0;0;59800;0;0;0;0;0;0;50570;0;0;0;23;0;0;0;0;0;0;0;126;0;0;0;120;0;0;0;0;0;1;0;0;0;0;0;0;0;0;50137;443;0;0;0;0;0;1;743595;22;0;0;49952;0;0;0;0;0;0;0;0;0;1;1618;0;0;0;0;12087;0;3;0;0;0;0;0;0;0;0;0;0;0;0;0;2;0;0;14378;0;190542;0;1619;0;0;0;0;0;54;0;0;1618;0;0;0;0;0;0;0;0;0;0;1619;0;0;0;28;0;0;0;0;0;1;0;0;0;0;0;0;0;0;21;0;0
