30_IR-PCI-MSI_3670019-edge_eno1-TxRx-2_CPU0;NMI_Non-maskable_interrupts_CPU3;32_IR-PCI-MSI_524288-edge_nvme0q0_CPU1;HYP_Hypervisor_callback_interrupts_CPU1;PIW_Posted-interrupt_wakeup_event_CPU3;timestamp_us;HVS_Hyper-V_stimer0_interrupts_CPU3;37_IR-PCI-MSI_524292-edge_nvme0q4_CPU2;IWI_IRQ_work_interrupts_CPU3;DFR_Deferred_Error_APIC_interrupts_CPU3;PIW_Posted-interrupt_wakeup_event_CPU1;8_IR-IO-APIC_8-edge_rtc0_CPU3;PIN_Posted-interrupt_notification_event_CPU2;30_IR-PCI-MSI_3670019-edge_eno1-TxRx-2_CPU2;DFR_Deferred_Error_APIC_interrupts_CPU1;18_IR-IO-APIC_18-fasteoi_i801_smbus,_ehci_hcd:usb3,_ehci_hcd:usb4_CPU1;28_IR-PCI-MSI_3670017-edge_eno1-TxRx-0_CPU1;PMI_Performance_monitoring_interrupts_CPU2;37_IR-PCI-MSI_524292-edge_nvme0q4_CPU0;27_IR-PCI-MSI_3670016-edge_eno1_CPU0;78_IR-PCI-MSI_2099200-edge_igb_uio_CPU0;18_IR-IO-APIC_18-fasteoi_i801_smbus,_ehci_hcd:usb3,_ehci_hcd:usb4_CPU0;28_IR-PCI-MSI_3670017-edge_eno1-TxRx-0_CPU0;4_IR-IO-APIC_4-edge_ttyS0_CPU3;TRM_Thermal_event_interrupts_CPU2;MCP_Machine_check_polls_CPU2;NMI_Non-maskable_interrupts_CPU1;RES_Rescheduling_interrupts_CPU0;36_IR-PCI-MSI_524291-edge_nvme0q3_CPU0;40_IR-PCI-MSI_524295-edge_nvme0q7_CPU1;SPU_Spurious_interrupts_CPU0;35_IR-PCI-MSI_524290-edge_nvme0q2_CPU0;78_IR-PCI-MSI_2099200-edge_igb_uio_CPU2;42_IR-PCI-MSI_512000-edge_ahci[0000:00:1f.2]_CPU3;9_IR-IO-APIC_9-fasteoi_acpi_CPU0;MCE_Machine_check_exceptions_CPU0;24_DMAR-MSI_0-edge_dmar0_CPU3;HVS_Hyper-V_stimer0_interrupts_CPU2;THR_Threshold_APIC_interrupts_CPU2;DFR_Deferred_Error_APIC_interrupts_CPU2;29_IR-PCI-MSI_3670018-edge_eno1-TxRx-1_CPU1;TLB_TLB_shootdowns_CPU2;24_DMAR-MSI_0-edge_dmar0_CPU0;HVS_Hyper-V_stimer0_interrupts_CPU1;NPI_Nested_posted-interrupt_event_CPU1;RTR_APIC_ICR_read_retries_CPU1;43_IR-PCI-MSI_1576960-edge_ioat-msix_CPU3;RTR_APIC_ICR_read_retries_CPU0;9_IR-IO-APIC_9-fasteoi_acpi_CPU1;TRM_Thermal_event_interrupts_CPU3;29_IR-PCI-MSI_3670018-edge_eno1-TxRx-1_CPU0;38_IR-PCI-MSI_524293-edge_nvme0q5_CPU0;49_IR-PCI-MSI_1579008-edge_ioat-msix_CPU1;8_IR-IO-APIC_8-edge_rtc0_CPU2;TRM_Thermal_event_interrupts_CPU0;HVS_Hyper-V_stimer0_interrupts_CPU0;MCE_Machine_check_exceptions_CPU3;CAL_Function_call_interrupts_CPU2;41_IR-PCI-MSI_524296-edge_nvme0q8_CPU2;SPU_Spurious_interrupts_CPU3;40_IR-PCI-MSI_524295-edge_nvme0q7_CPU0;39_IR-PCI-MSI_524294-edge_nvme0q6_CPU3;MCP_Machine_check_polls_CPU3;ERR_CPU0;38_IR-PCI-MSI_524293-edge_nvme0q5_CPU3;31_IR-PCI-MSI_3670020-edge_eno1-TxRx-3_CPU2;HYP_Hypervisor_callback_interrupts_CPU3;CAL_Function_call_interrupts_CPU1;MCE_Machine_check_exceptions_CPU2;18_IR-IO-APIC_18-fasteoi_i801_smbus,_ehci_hcd:usb3,_ehci_hcd:usb4_CPU2;DFR_Deferred_Error_APIC_interrupts_CPU0;37_IR-PCI-MSI_524292-edge_nvme0q4_CPU3;78_IR-PCI-MSI_2099200-edge_igb_uio_CPU1;4_IR-IO-APIC_4-edge_ttyS0_CPU1;CAL_Function_call_interrupts_CPU3;CAL_Function_call_interrupts_CPU0;PMI_Performance_monitoring_interrupts_CPU0;PMI_Performance_monitoring_interrupts_CPU3;TLB_TLB_shootdowns_CPU0;36_IR-PCI-MSI_524291-edge_nvme0q3_CPU2;35_IR-PCI-MSI_524290-edge_nvme0q2_CPU3;28_IR-PCI-MSI_3670017-edge_eno1-TxRx-0_CPU3;NMI_Non-maskable_interrupts_CPU0;40_IR-PCI-MSI_524295-edge_nvme0q7_CPU2;34_IR-PCI-MSI_524289-edge_nvme0q1_CPU2;26_IR-PCI-MSI_1574912-edge_ioat-msix_CPU1;33_IR-PCI-MSI_327680-edge_xhci_hcd_CPU2;8_IR-IO-APIC_8-edge_rtc0_CPU1;38_IR-PCI-MSI_524293-edge_nvme0q5_CPU2;IWI_IRQ_work_interrupts_CPU0;THR_Threshold_APIC_interrupts_CPU0;36_IR-PCI-MSI_524291-edge_nvme0q3_CPU3;35_IR-PCI-MSI_524290-edge_nvme0q2_CPU1;27_IR-PCI-MSI_3670016-edge_eno1_CPU2;PIN_Posted-interrupt_notification_event_CPU3;RES_Rescheduling_interrupts_CPU2;NPI_Nested_posted-interrupt_event_CPU0;9_IR-IO-APIC_9-fasteoi_acpi_CPU3;26_IR-PCI-MSI_1574912-edge_ioat-msix_CPU3;PIN_Posted-interrupt_notification_event_CPU0;LOC_Local_timer_interrupts_CPU0;25_IR-PCI-MSI_1572864-edge_ioat-msix_CPU1;24_DMAR-MSI_0-edge_dmar0_CPU2;HRE_Hyper-V_reenlightenment_interrupts_CPU3;49_IR-PCI-MSI_1579008-edge_ioat-msix_CPU3;4_IR-IO-APIC_4-edge_ttyS0_CPU0;28_IR-PCI-MSI_3670017-edge_eno1-TxRx-0_CPU2;LOC_Local_timer_interrupts_CPU2;41_IR-PCI-MSI_524296-edge_nvme0q8_CPU3;42_IR-PCI-MSI_512000-edge_ahci[0000:00:1f.2]_CPU1;SPU_Spurious_interrupts_CPU2;38_IR-PCI-MSI_524293-edge_nvme0q5_CPU1;HRE_Hyper-V_reenlightenment_interrupts_CPU2;4_IR-IO-APIC_4-edge_ttyS0_CPU2;78_IR-PCI-MSI_2099200-edge_igb_uio_CPU3;43_IR-PCI-MSI_1576960-edge_ioat-msix_CPU2;29_IR-PCI-MSI_3670018-edge_eno1-TxRx-1_CPU3;36_IR-PCI-MSI_524291-edge_nvme0q3_CPU1;PIW_Posted-interrupt_wakeup_event_CPU0;THR_Threshold_APIC_interrupts_CPU3;MCP_Machine_check_polls_CPU0;39_IR-PCI-MSI_524294-edge_nvme0q6_CPU1;42_IR-PCI-MSI_512000-edge_ahci[0000:00:1f.2]_CPU2;27_IR-PCI-MSI_3670016-edge_eno1_CPU1;PIW_Posted-interrupt_wakeup_event_CPU2;31_IR-PCI-MSI_3670020-edge_eno1-TxRx-3_CPU1;HYP_Hypervisor_callback_interrupts_CPU2;77_IR-PCI-MSI_2097152-edge_igb_uio_CPU1;NPI_Nested_posted-interrupt_event_CPU2;LOC_Local_timer_interrupts_CPU1;27_IR-PCI-MSI_3670016-edge_eno1_CPU3;25_IR-PCI-MSI_1572864-edge_ioat-msix_CPU2;MCP_Machine_check_polls_CPU1;31_IR-PCI-MSI_3670020-edge_eno1-TxRx-3_CPU0;PIN_Posted-interrupt_notification_event_CPU1;26_IR-PCI-MSI_1574912-edge_ioat-msix_CPU2;24_DMAR-MSI_0-edge_dmar0_CPU1;42_IR-PCI-MSI_512000-edge_ahci[0000:00:1f.2]_CPU0;NMI_Non-maskable_interrupts_CPU2;HRE_Hyper-V_reenlightenment_interrupts_CPU1;HRE_Hyper-V_reenlightenment_interrupts_CPU0;TRM_Thermal_event_interrupts_CPU1;41_IR-PCI-MSI_524296-edge_nvme0q8_CPU0;34_IR-PCI-MSI_524289-edge_nvme0q1_CPU3;33_IR-PCI-MSI_327680-edge_xhci_hcd_CPU3;43_IR-PCI-MSI_1576960-edge_ioat-msix_CPU0;RTR_APIC_ICR_read_retries_CPU3;RES_Rescheduling_interrupts_CPU3;NPI_Nested_posted-interrupt_event_CPU3;31_IR-PCI-MSI_3670020-edge_eno1-TxRx-3_CPU3;41_IR-PCI-MSI_524296-edge_nvme0q8_CPU1;49_IR-PCI-MSI_1579008-edge_ioat-msix_CPU0;9_IR-IO-APIC_9-fasteoi_acpi_CPU2;35_IR-PCI-MSI_524290-edge_nvme0q2_CPU2;33_IR-PCI-MSI_327680-edge_xhci_hcd_CPU0;IWI_IRQ_work_interrupts_CPU2;25_IR-PCI-MSI_1572864-edge_ioat-msix_CPU3;RTR_APIC_ICR_read_retries_CPU2;77_IR-PCI-MSI_2097152-edge_igb_uio_CPU2;29_IR-PCI-MSI_3670018-edge_eno1-TxRx-1_CPU2;37_IR-PCI-MSI_524292-edge_nvme0q4_CPU1;TLB_TLB_shootdowns_CPU3;IWI_IRQ_work_interrupts_CPU1;43_IR-PCI-MSI_1576960-edge_ioat-msix_CPU1;30_IR-PCI-MSI_3670019-edge_eno1-TxRx-2_CPU1;34_IR-PCI-MSI_524289-edge_nvme0q1_CPU0;34_IR-PCI-MSI_524289-edge_nvme0q1_CPU1;49_IR-PCI-MSI_1579008-edge_ioat-msix_CPU2;SPU_Spurious_interrupts_CPU1;18_IR-IO-APIC_18-fasteoi_i801_smbus,_ehci_hcd:usb3,_ehci_hcd:usb4_CPU3;40_IR-PCI-MSI_524295-edge_nvme0q7_CPU3;PMI_Performance_monitoring_interrupts_CPU1;30_IR-PCI-MSI_3670019-edge_eno1-TxRx-2_CPU3;39_IR-PCI-MSI_524294-edge_nvme0q6_CPU0;33_IR-PCI-MSI_327680-edge_xhci_hcd_CPU1;39_IR-PCI-MSI_524294-edge_nvme0q6_CPU2;77_IR-PCI-MSI_2097152-edge_igb_uio_CPU0;8_IR-IO-APIC_8-edge_rtc0_CPU0;32_IR-PCI-MSI_524288-edge_nvme0q0_CPU0;32_IR-PCI-MSI_524288-edge_nvme0q0_CPU3;77_IR-PCI-MSI_2097152-edge_igb_uio_CPU3;26_IR-PCI-MSI_1574912-edge_ioat-msix_CPU0;HYP_Hypervisor_callback_interrupts_CPU0;RES_Rescheduling_interrupts_CPU1;MCE_Machine_check_exceptions_CPU1;TLB_TLB_shootdowns_CPU1;LOC_Local_timer_interrupts_CPU3;THR_Threshold_APIC_interrupts_CPU1;25_IR-PCI-MSI_1572864-edge_ioat-msix_CPU0;32_IR-PCI-MSI_524288-edge_nvme0q0_CPU2;MIS_CPU0
25412;0;0;0;0;70;0;0;83843;0;0;0;0;0;0;0;0;0;0;1;0;61;41001;0;0;1;0;19987;0;0;0;0;0;0;1;0;0;0;0;0;0;0;0;0;0;0;0;2;0;0;34279;0;0;0;0;0;0;11426;0;0;0;0;1;0;0;0;0;11421;0;0;0;19;0;0;5385;6570;0;0;7;0;0;0;0;0;0;0;0;0;0;98995;0;0;0;0;0;0;0;0;0;0;317174;0;0;0;0;447;0;315343;0;0;0;0;0;0;0;0;0;0;0;0;1;0;0;0;0;0;0;0;0;83713;0;0;1;5648;0;0;0;0;0;0;0;0;0;0;0;2;0;22105;0;0;0;2;0;0;154;498;0;0;0;0;0;7;17;0;0;29;0;0;0;0;0;0;0;0;0;0;0;1;22;0;0;2;0;0;0;0;316262;0;2;0;0
25412;0;0;0;0;1001794;0;0;83905;0;0;0;0;0;0;0;0;0;0;1;0;61;41001;0;0;1;0;19987;0;0;0;0;0;0;1;0;0;0;0;0;0;0;0;0;0;0;0;2;0;0;34279;0;0;0;0;0;0;11426;0;0;0;0;1;0;0;0;0;11421;0;0;0;19;0;0;5385;6570;0;0;7;0;0;0;0;0;0;0;0;0;0;99078;0;0;0;0;0;0;0;0;0;0;317425;0;0;0;0;447;0;315593;0;0;0;0;0;0;0;0;0;0;0;0;1;0;0;0;0;0;0;0;0;83713;0;0;1;5648;0;0;0;0;0;0;0;0;0;0;0;2;0;22105;0;0;0;2;0;0;154;499;0;0;0;0;0;7;17;0;0;29;0;0;0;0;0;0;0;0;0;0;0;1;22;0;0;2;0;0;0;0;316512;0;2;0;0
25413;0;0;0;0;2002449;0;0;83968;0;0;0;0;0;0;0;0;0;0;1;0;61;41002;0;0;1;0;19987;0;0;0;0;0;0;1;0;0;0;0;0;0;0;0;0;0;0;0;2;0;0;34280;0;0;0;0;0;0;11426;0;0;0;0;1;0;0;0;0;11421;0;0;0;19;0;0;5385;6570;0;0;7;0;0;0;0;0;0;0;0;0;0;99162;0;0;0;0;0;0;0;0;0;0;317676;0;0;0;0;447;0;315843;0;0;0;0;0;0;0;0;0;0;0;0;1;0;0;0;0;0;0;0;0;83713;0;0;1;5649;0;0;0;0;0;0;0;0;0;0;0;2;0;22105;0;0;0;2;0;0;154;500;0;0;0;0;0;7;17;0;0;29;0;0;0;0;0;0;0;0;0;0;0;1;22;0;0;2;0;0;0;0;316763;0;2;0;0
25413;0;0;0;0;3003466;0;0;84034;0;0;0;0;0;0;0;0;0;0;1;0;61;41002;0;0;1;0;19987;0;0;0;0;0;0;1;0;0;0;0;0;0;0;0;0;0;0;0;2;0;0;34285;0;0;0;0;0;0;11426;0;0;0;0;1;0;0;0;0;11421;0;0;0;19;0;0;5385;6570;0;0;7;0;0;0;0;0;0;0;0;0;0;99245;0;0;0;0;0;0;0;0;0;0;317927;0;0;0;0;447;0;316094;0;0;0;0;0;0;0;0;0;0;0;0;1;0;0;0;0;0;0;0;0;83713;0;0;1;5657;0;0;0;0;0;0;0;0;0;0;0;2;0;22105;0;0;0;2;0;0;154;500;0;0;0;0;0;7;17;0;0;29;0;0;0;0;0;0;0;0;0;0;0;1;22;0;0;2;0;0;0;0;317014;0;2;0;0
25420;0;0;0;0;4004476;0;0;84099;0;0;0;0;0;0;0;0;0;0;1;0;61;41044;0;0;1;0;19987;0;0;0;0;0;0;1;0;0;0;0;0;0;0;0;0;0;0;0;2;0;0;34286;0;0;0;0;0;0;11426;0;0;0;0;1;0;0;0;0;11421;0;0;0;19;0;0;5385;6570;0;0;7;0;0;0;0;0;0;0;0;0;0;99328;0;0;0;0;0;0;0;0;0;0;318178;0;0;0;0;447;0;316344;0;0;0;0;0;0;0;0;0;0;0;0;1;0;0;0;0;0;0;0;0;83713;0;0;1;5658;0;0;0;0;0;0;0;0;0;0;0;2;0;22105;0;0;0;2;0;0;154;501;0;0;0;0;0;7;17;0;0;29;0;0;0;0;0;0;0;0;0;0;0;1;22;0;0;2;0;0;0;0;317265;0;2;0;0
25420;0;0;0;0;5005474;0;0;84162;0;0;0;0;0;0;0;0;0;0;1;0;61;41044;0;0;1;0;19987;0;0;0;0;0;0;1;0;0;0;0;0;0;0;0;0;0;0;0;2;0;0;34286;0;0;0;0;0;0;11426;0;0;0;0;1;0;0;0;0;11421;0;0;0;19;0;0;5385;6570;0;0;7;0;0;0;0;0;0;0;0;0;0;99411;0;0;0;0;0;0;0;0;0;0;318429;0;0;0;0;447;0;316594;0;0;0;0;0;0;0;0;0;0;0;0;1;0;0;0;0;0;0;0;0;83713;0;0;1;5658;0;0;0;0;0;0;0;0;0;0;0;2;0;22105;0;0;0;2;0;0;154;502;0;0;0;0;0;7;17;0;0;29;0;0;0;0;0;0;0;0;0;0;0;1;22;0;0;2;0;0;0;0;317515;0;2;0;0
25421;0;0;0;0;6006428;0;0;84224;0;0;0;0;0;0;0;0;0;0;1;0;61;41045;0;0;1;0;19987;0;0;0;0;0;0;1;0;0;0;0;0;0;0;0;0;0;0;0;2;0;0;34287;0;0;0;0;0;0;11426;0;0;0;0;1;0;0;0;0;11421;0;0;0;19;0;0;5385;6570;0;0;7;0;0;0;0;0;0;0;0;0;0;99495;0;0;0;0;0;0;0;0;0;0;318680;0;0;0;0;447;0;316844;0;0;0;0;0;0;0;0;0;0;0;0;1;0;0;0;0;0;0;0;0;83713;0;0;1;5659;0;0;0;0;0;0;0;0;0;0;0;2;0;22105;0;0;0;2;0;0;154;502;0;0;0;0;0;7;17;0;0;29;0;0;0;0;0;0;0;0;0;0;0;1;22;0;0;2;0;0;0;0;317765;0;2;0;0
25421;0;0;0;0;7007435;0;0;84287;0;0;0;0;0;0;0;0;0;0;1;0;61;41045;0;0;1;0;19987;0;0;0;0;0;0;1;0;0;0;0;0;0;0;0;0;0;0;0;2;0;0;34287;0;0;0;0;0;0;11426;0;0;0;0;1;0;0;0;0;11421;0;0;0;19;0;0;5385;6570;0;0;7;0;0;0;0;0;0;0;0;0;0;99578;0;0;0;0;0;0;0;0;0;0;318931;0;0;0;0;447;0;317095;0;0;0;0;0;0;0;0;0;0;0;0;1;0;0;0;0;0;0;0;0;83713;0;0;1;5659;0;0;0;0;0;0;0;0;0;0;0;2;0;22105;0;0;0;2;0;0;154;504;0;0;0;0;0;7;17;0;0;29;0;0;0;0;0;0;0;0;0;0;0;1;22;0;0;2;0;0;0;0;318016;0;2;0;0
25422;0;0;0;0;8008442;0;0;84350;0;0;0;0;0;0;0;0;0;0;1;0;61;41046;0;0;1;0;19987;0;0;0;0;0;0;1;0;0;0;0;0;0;0;0;0;0;0;0;2;0;0;34288;0;0;0;0;0;0;11426;0;0;0;0;1;0;0;0;0;11421;0;0;0;19;0;0;5385;6570;0;0;7;0;0;0;0;0;0;0;0;0;0;99662;0;0;0;0;0;0;0;0;0;0;319182;0;0;0;0;447;0;317345;0;0;0;0;0;0;0;0;0;0;0;0;1;0;0;0;0;0;0;0;0;83713;0;0;1;5660;0;0;0;0;0;0;0;0;0;0;0;2;0;22105;0;0;0;2;0;0;154;504;0;0;0;0;0;7;17;0;0;29;0;0;0;0;0;0;0;0;0;0;0;1;22;0;0;2;0;0;0;0;318266;0;2;0;0
25422;0;0;0;0;9009448;0;0;84412;0;0;0;0;0;0;0;0;0;0;1;0;61;41046;0;0;1;0;19987;0;0;0;0;0;0;1;0;0;0;0;0;0;0;0;0;0;0;0;2;0;0;34288;0;0;0;0;0;0;11426;0;0;0;0;1;0;0;0;0;11421;0;0;0;19;0;0;5385;6570;0;0;7;0;0;0;0;0;0;0;0;0;0;99745;0;0;0;0;0;0;0;0;0;0;319433;0;0;0;0;447;0;317595;0;0;0;0;0;0;0;0;0;0;0;0;1;0;0;0;0;0;0;0;0;83713;0;0;1;5660;0;0;0;0;0;0;0;0;0;0;0;2;0;22105;0;0;0;2;0;0;154;504;0;0;0;0;0;7;17;0;0;29;0;0;0;0;0;0;0;0;0;0;0;1;22;0;0;2;0;0;0;0;318516;0;2;0;0
25423;0;0;0;0;10010426;0;0;84475;0;0;0;0;0;0;0;0;0;0;1;0;61;41047;0;0;1;0;19987;0;0;0;0;0;0;1;0;0;0;0;0;0;0;0;0;0;0;0;2;0;0;34289;0;0;0;0;0;0;11426;0;0;0;0;1;0;0;0;0;11421;0;0;0;19;0;0;5385;6570;0;0;7;0;0;0;0;0;0;0;0;0;0;99829;0;0;0;0;0;0;0;0;0;0;319684;0;0;0;0;447;0;317845;0;0;0;0;0;0;0;0;0;0;0;0;1;0;0;0;0;0;0;0;0;83713;0;0;1;5661;0;0;0;0;0;0;0;0;0;0;0;2;0;22105;0;0;0;2;0;0;154;505;0;0;0;0;0;7;17;0;0;29;0;0;0;0;0;0;0;0;0;0;0;1;22;0;0;2;0;0;0;0;318766;0;2;0;0
25423;0;0;0;0;11011433;0;0;84537;0;0;0;0;0;0;0;0;0;0;1;0;61;41047;0;0;1;0;19987;0;0;0;0;0;0;1;0;0;0;0;0;0;0;0;0;0;0;0;2;0;0;34289;0;0;0;0;0;0;11426;0;0;0;0;1;0;0;0;0;11421;0;0;0;19;0;0;5385;6570;0;0;7;0;0;0;0;0;0;0;0;0;0;99912;0;0;0;0;0;0;0;0;0;0;319935;0;0;0;0;447;0;318096;0;0;0;0;0;0;0;0;0;0;0;0;1;0;0;0;0;0;0;0;0;83713;0;0;1;5661;0;0;0;0;0;0;0;0;0;0;0;2;0;22105;0;0;0;2;0;0;154;505;0;0;0;0;0;7;17;0;0;29;0;0;0;0;0;0;0;0;0;0;0;1;22;0;0;2;0;0;0;0;319017;0;2;0;0
25424;0;0;0;0;12012439;0;0;84600;0;0;0;0;0;0;0;0;0;0;1;0;61;41048;0;0;1;0;19987;0;0;0;0;0;0;1;0;0;0;0;0;0;0;0;0;0;0;0;2;0;0;34290;0;0;0;0;0;0;11426;0;0;0;0;1;0;0;0;0;11421;0;0;0;19;0;0;5385;6570;0;0;7;0;0;0;0;0;0;0;0;0;0;99995;0;0;0;0;0;0;0;0;0;0;320186;0;0;0;0;447;0;318346;0;0;0;0;0;0;0;0;0;0;0;0;1;0;0;0;0;0;0;0;0;83713;0;0;1;5662;0;0;0;0;0;0;0;0;0;0;0;2;0;22105;0;0;0;2;0;0;154;506;0;0;0;0;0;7;17;0;0;29;0;0;0;0;0;0;0;0;0;0;0;1;22;0;0;2;0;0;0;0;319267;0;2;0;0
25424;0;0;0;0;13013446;0;0;84662;0;0;0;0;0;0;0;0;0;0;1;0;61;41048;0;0;1;0;19987;0;0;0;0;0;0;1;0;0;0;0;0;0;0;0;0;0;0;0;2;0;0;34290;0;0;0;0;0;0;11426;0;0;0;0;1;0;0;0;0;11421;0;0;0;19;0;0;5385;6570;0;0;7;0;0;0;0;0;0;0;0;0;0;100079;0;0;0;0;0;0;0;0;0;0;320437;0;0;0;0;447;0;318596;0;0;0;0;0;0;0;0;0;0;0;0;1;0;0;0;0;0;0;0;0;83713;0;0;1;5662;0;0;0;0;0;0;0;0;0;0;0;2;0;22105;0;0;0;2;0;0;154;507;0;0;0;0;0;7;17;0;0;29;0;0;0;0;0;0;0;0;0;0;0;1;22;0;0;2;0;0;0;0;319517;0;2;0;0
25425;0;0;0;0;14014425;0;0;84725;0;0;0;0;0;0;0;0;0;0;1;0;61;41049;0;0;1;0;19987;0;0;0;0;0;0;1;0;0;0;0;0;0;0;0;0;0;0;0;2;0;0;34291;0;0;0;0;0;0;11426;0;0;0;0;1;0;0;0;0;11421;0;0;0;19;0;0;5385;6570;0;0;7;0;0;0;0;0;0;0;0;0;0;100162;0;0;0;0;0;0;0;0;0;0;320688;0;0;0;0;447;0;318846;0;0;0;0;0;0;0;0;0;0;0;0;1;0;0;0;0;0;0;0;0;83713;0;0;1;5663;0;0;0;0;0;0;0;0;0;0;0;2;0;22105;0;0;0;2;0;0;154;507;0;0;0;0;0;7;17;0;0;29;0;0;0;0;0;0;0;0;0;0;0;1;22;0;0;2;0;0;0;0;319767;0;2;0;0
25425;0;0;0;0;15015432;0;0;84788;0;0;0;0;0;0;0;0;0;0;1;0;61;41049;0;0;1;0;19987;0;0;0;0;0;0;1;0;0;0;0;0;0;0;0;0;0;0;0;2;0;0;34291;0;0;0;0;0;0;11426;0;0;0;0;1;0;0;0;0;11421;0;0;0;19;0;0;5385;6570;0;0;7;0;0;0;0;0;0;0;0;0;0;100246;0;0;0;0;0;0;0;0;0;0;320939;0;0;0;0;447;0;319097;0;0;0;0;0;0;0;0;0;0;0;0;1;0;0;0;0;0;0;0;0;83713;0;0;1;5663;0;0;0;0;0;0;0;0;0;0;0;2;0;22105;0;0;0;2;0;0;154;509;0;0;0;0;0;7;17;0;0;29;0;0;0;0;0;0;0;0;0;0;0;1;22;0;0;2;0;0;0;0;320018;0;2;0;0
25426;0;0;0;0;16016439;0;0;84850;0;0;0;0;0;0;0;0;0;0;1;0;61;41050;0;0;1;0;19987;0;0;0;0;0;0;1;0;0;0;0;0;0;0;0;0;0;0;0;2;0;0;34292;0;0;0;0;0;0;11426;0;0;0;0;1;0;0;0;0;11421;0;0;0;19;0;0;5385;6570;0;0;7;0;0;0;0;0;0;0;0;0;0;100329;0;0;0;0;0;0;0;0;0;0;321190;0;0;0;0;447;0;319347;0;0;0;0;0;0;0;0;0;0;0;0;1;0;0;0;0;0;0;0;0;83713;0;0;1;5664;0;0;0;0;0;0;0;0;0;0;0;2;0;22105;0;0;0;2;0;0;154;509;0;0;0;0;0;7;17;0;0;29;0;0;0;0;0;0;0;0;0;0;0;1;22;0;0;2;0;0;0;0;320268;0;2;0;0
25426;0;0;0;0;17017446;0;0;84913;0;0;0;0;0;0;0;0;0;0;1;0;61;41050;0;0;1;0;19987;0;0;0;0;0;0;1;0;0;0;0;0;0;0;0;0;0;0;0;2;0;0;34292;0;0;0;0;0;0;11426;0;0;0;0;1;0;0;0;0;11421;0;0;0;19;0;0;5385;6570;0;0;7;0;0;0;0;0;0;0;0;0;0;100412;0;0;0;0;0;0;0;0;0;0;321441;0;0;0;0;447;0;319597;0;0;0;0;0;0;0;0;0;0;0;0;1;0;0;0;0;0;0;0;0;83713;0;0;1;5664;0;0;0;0;0;0;0;0;0;0;0;2;0;22105;0;0;0;2;0;0;154;510;0;0;0;0;0;7;17;0;0;29;0;0;0;0;0;0;0;0;0;0;0;1;22;0;0;2;0;0;0;0;320518;0;2;0;0
25432;0;0;0;0;18018445;0;0;84975;0;0;0;0;0;0;0;0;0;0;1;0;61;41053;0;0;1;0;19987;0;0;0;0;0;0;1;0;0;0;0;0;0;0;0;0;0;0;0;2;0;0;34293;0;0;0;0;0;0;11426;0;0;0;0;1;0;0;0;0;11421;0;0;0;19;0;0;5385;6570;0;0;7;0;0;0;0;0;0;0;0;0;0;100496;0;0;0;0;0;0;0;0;0;0;321692;0;0;0;0;447;0;319847;0;0;0;0;0;0;0;0;0;0;0;0;1;0;0;0;0;0;0;0;0;83713;0;0;1;5665;0;0;0;0;0;0;0;0;0;0;0;2;0;22105;0;0;0;2;0;0;154;511;0;0;0;0;0;7;17;0;0;29;0;0;0;0;0;0;0;0;0;0;0;1;22;0;0;2;0;0;0;0;320768;0;2;0;0
25432;0;0;0;0;19019458;0;0;85041;0;0;0;0;0;0;0;0;0;0;1;0;61;41053;0;0;1;0;19987;0;0;0;0;0;0;1;0;0;0;0;0;0;0;0;0;0;0;0;2;0;0;34293;0;0;0;0;0;0;11426;0;0;0;0;1;0;0;0;0;11421;0;0;0;19;0;0;5385;6570;0;0;7;0;0;0;0;0;0;0;0;0;0;100579;0;0;0;0;0;0;0;0;0;0;321943;0;0;0;0;447;0;320098;0;0;0;0;0;0;0;0;0;0;0;0;1;0;0;0;0;0;0;0;0;83713;0;0;1;5665;0;0;0;0;0;0;0;0;0;0;0;2;0;22105;0;0;0;2;0;0;154;511;0;0;0;0;0;7;17;0;0;29;0;0;0;0;0;0;0;0;0;0;0;1;22;0;0;2;0;0;0;0;321020;0;2;0;0
25436;0;0;0;0;20020471;0;0;85103;0;0;0;0;0;0;0;0;0;0;1;0;61;41054;0;0;1;0;19987;0;0;0;0;0;0;1;0;0;0;0;0;0;0;0;0;0;0;0;2;0;0;34294;0;0;0;0;0;0;11426;0;0;0;0;1;0;0;0;0;11421;0;0;0;19;0;0;5385;6570;0;0;7;0;0;0;0;0;0;0;0;0;0;100644;0;0;0;0;0;0;0;0;0;0;322194;0;0;0;0;447;0;320348;0;0;0;0;0;0;0;0;0;0;0;0;1;0;0;0;0;0;0;0;0;83713;0;0;1;5671;0;0;0;0;0;0;0;0;0;0;0;2;0;22105;0;0;0;2;0;0;154;512;0;0;0;0;0;7;17;0;0;29;0;0;0;0;0;0;0;0;0;0;0;1;22;0;0;2;0;0;0;0;321270;0;2;0;0
25436;0;0;0;0;21021473;0;0;85166;0;0;0;0;0;0;0;0;0;0;1;0;61;41054;0;0;1;0;19987;0;0;0;0;0;0;1;0;0;0;0;0;0;0;0;0;0;0;0;2;0;0;34294;0;0;0;0;0;0;11426;0;0;0;0;1;0;0;0;0;11421;0;0;0;19;0;0;5385;6570;0;0;7;0;0;0;0;0;0;0;0;0;0;100708;0;0;0;0;0;0;0;0;0;0;322445;0;0;0;0;447;0;320598;0;0;0;0;0;0;0;0;0;0;0;0;1;0;0;0;0;0;0;0;0;83713;0;0;1;5671;0;0;0;0;0;0;0;0;0;0;0;2;0;22105;0;0;0;2;0;0;154;513;0;0;0;0;0;7;17;0;0;29;0;0;0;0;0;0;0;0;0;0;0;1;22;0;0;2;0;0;0;0;321520;0;2;0;0
25437;0;0;0;0;22022427;0;0;85228;0;0;0;0;0;0;0;0;0;0;1;0;61;41055;0;0;1;0;19987;0;0;0;0;0;0;1;0;0;0;0;0;0;0;0;0;0;0;0;2;0;0;34295;0;0;0;0;0;0;11426;0;0;0;0;1;0;0;0;0;11421;0;0;0;19;0;0;5385;6570;0;0;7;0;0;0;0;0;0;0;0;0;0;100771;0;0;0;0;0;0;0;0;0;0;322696;0;0;0;0;447;0;320848;0;0;0;0;0;0;0;0;0;0;0;0;1;0;0;0;0;0;0;0;0;83713;0;0;1;5672;0;0;0;0;0;0;0;0;0;0;0;2;0;22105;0;0;0;2;0;0;154;513;0;0;0;0;0;7;17;0;0;29;0;0;0;0;0;0;0;0;0;0;0;1;22;0;0;2;0;0;0;0;321770;0;2;0;0
25437;0;0;0;0;23023433;0;0;85291;0;0;0;0;0;0;0;0;0;0;1;0;61;41055;0;0;1;0;19987;0;0;0;0;0;0;1;0;0;0;0;0;0;0;0;0;0;0;0;2;0;0;34295;0;0;0;0;0;0;11426;0;0;0;0;1;0;0;0;0;11421;0;0;0;19;0;0;5385;6570;0;0;7;0;0;0;0;0;0;0;0;0;0;100835;0;0;0;0;0;0;0;0;0;0;322947;0;0;0;0;447;0;321099;0;0;0;0;0;0;0;0;0;0;0;0;1;0;0;0;0;0;0;0;0;83713;0;0;1;5672;0;0;0;0;0;0;0;0;0;0;0;2;0;22105;0;0;0;2;0;0;154;515;0;0;0;0;0;7;17;0;0;29;0;0;0;0;0;0;0;0;0;0;0;1;22;0;0;2;0;0;0;0;322021;0;2;0;0
25438;0;0;0;0;24024439;0;0;85354;0;0;0;0;0;0;0;0;0;0;1;0;61;41056;0;0;1;0;19987;0;0;0;0;0;0;1;0;0;0;0;0;0;0;0;0;0;0;0;2;0;0;34296;0;0;0;0;0;0;11426;0;0;0;0;1;0;0;0;0;11421;0;0;0;19;0;0;5385;6570;0;0;7;0;0;0;0;0;0;0;0;0;0;100899;0;0;0;0;0;0;0;0;0;0;323198;0;0;0;0;447;0;321349;0;0;0;0;0;0;0;0;0;0;0;0;1;0;0;0;0;0;0;0;0;83713;0;0;1;5673;0;0;0;0;0;0;0;0;0;0;0;2;0;22105;0;0;0;2;0;0;154;515;0;0;0;0;0;7;17;0;0;29;0;0;0;0;0;0;0;0;0;0;0;1;22;0;0;2;0;0;0;0;322271;0;2;0;0
25438;0;0;0;0;25025446;0;0;85416;0;0;0;0;0;0;0;0;0;0;1;0;61;41056;0;0;1;0;19987;0;0;0;0;0;0;1;0;0;0;0;0;0;0;0;0;0;0;0;2;0;0;34296;0;0;0;0;0;0;11426;0;0;0;0;1;0;0;0;0;11421;0;0;0;19;0;0;5385;6570;0;0;7;0;0;0;0;0;0;0;0;0;0;100963;0;0;0;0;0;0;0;0;0;0;323449;0;0;0;0;447;0;321599;0;0;0;0;0;0;0;0;0;0;0;0;1;0;0;0;0;0;0;0;0;83713;0;0;1;5673;0;0;0;0;0;0;0;0;0;0;0;2;0;22105;0;0;0;2;0;0;154;516;0;0;0;0;0;7;17;0;0;29;0;0;0;0;0;0;0;0;0;0;0;1;22;0;0;2;0;0;0;0;322521;0;2;0;0
25439;0;0;0;0;26026426;0;0;85479;0;0;0;0;0;0;0;0;0;0;1;0;61;41057;0;0;1;0;19987;0;0;0;0;0;0;1;0;0;0;0;0;0;0;0;0;0;0;0;2;0;0;34297;0;0;0;0;0;0;11426;0;0;0;0;1;0;0;0;0;11421;0;0;0;19;0;0;5385;6570;0;0;7;0;0;0;0;0;0;0;0;0;0;101027;0;0;0;0;0;0;0;0;0;0;323700;0;0;0;0;447;0;321849;0;0;0;0;0;0;0;0;0;0;0;0;1;0;0;0;0;0;0;0;0;83713;0;0;1;5674;0;0;0;0;0;0;0;0;0;0;0;2;0;22105;0;0;0;2;0;0;154;517;0;0;0;0;0;7;17;0;0;29;0;0;0;0;0;0;0;0;0;0;0;1;22;0;0;2;0;0;0;0;322771;0;2;0;0
25441;0;0;0;0;27027453;0;0;85541;0;0;0;0;0;0;0;0;0;0;1;0;61;41057;0;0;1;0;19987;0;0;0;0;0;0;1;0;0;0;0;0;0;0;0;0;0;0;0;2;0;0;34297;0;0;0;0;0;0;11426;0;0;0;0;1;0;0;0;0;11421;0;0;0;19;0;0;5385;6570;0;0;7;0;0;0;0;0;0;0;0;0;0;101104;0;0;0;0;0;0;0;0;0;0;323951;0;0;0;0;447;0;322100;0;0;0;0;0;0;0;0;0;0;0;0;1;0;0;0;0;0;0;0;0;83713;0;0;1;5678;0;0;0;0;0;0;0;0;0;0;0;2;0;22105;0;0;0;2;0;0;154;517;0;0;0;0;0;7;17;0;0;29;0;0;0;0;0;0;0;0;0;0;0;1;22;0;0;2;0;0;0;0;323022;0;2;0;0
25447;0;0;0;0;28028462;0;0;85607;0;0;0;0;0;0;0;0;0;0;1;0;61;41061;0;0;1;0;19987;0;0;0;0;0;0;1;0;0;0;0;0;0;0;0;0;0;0;0;2;0;0;34298;0;0;0;0;0;0;11426;0;0;0;0;1;0;0;0;0;11421;0;0;0;19;0;0;5385;6570;0;0;7;0;0;0;0;0;0;0;0;0;0;101187;0;0;0;0;0;0;0;0;0;0;324202;0;0;0;0;447;0;322350;0;0;0;0;0;0;0;0;0;0;0;0;1;0;0;0;0;0;0;0;0;83713;0;0;1;5679;0;0;0;0;0;0;0;0;0;0;0;2;0;22105;0;0;0;2;0;0;154;518;0;0;0;0;0;7;17;0;0;29;0;0;0;0;0;0;0;0;0;0;0;1;22;0;0;2;0;0;0;0;323273;0;2;0;0
25447;0;0;0;0;29029463;0;0;85669;0;0;0;0;0;0;0;0;0;0;1;0;61;41061;0;0;1;0;19987;0;0;0;0;0;0;1;0;0;0;0;0;0;0;0;0;0;0;0;2;0;0;34298;0;0;0;0;0;0;11426;0;0;0;0;1;0;0;0;0;11421;0;0;0;19;0;0;5385;6570;0;0;7;0;0;0;0;0;0;0;0;0;0;101270;0;0;0;0;0;0;0;0;0;0;324454;0;0;0;0;447;0;322600;0;0;0;0;0;0;0;0;0;0;0;0;1;0;0;0;0;0;0;0;0;83713;0;0;1;5679;0;0;0;0;0;0;0;0;0;0;0;2;0;22105;0;0;0;2;0;0;154;519;0;0;0;0;0;7;17;0;0;29;0;0;0;0;0;0;0;0;0;0;0;1;22;0;0;2;0;0;0;0;323523;0;2;0;0
25448;0;0;0;0;30030426;0;0;85731;0;0;0;0;0;0;0;0;0;0;1;0;61;41062;0;0;1;0;19987;0;0;0;0;0;0;1;0;0;0;0;0;0;0;0;0;0;0;0;2;0;0;34299;0;0;0;0;0;0;11426;0;0;0;0;1;0;0;0;0;11421;0;0;0;19;0;0;5385;6570;0;0;7;0;0;0;0;0;0;0;0;0;0;101354;0;0;0;0;0;0;0;0;0;0;324705;0;0;0;0;447;0;322850;0;0;0;0;0;0;0;0;0;0;0;0;1;0;0;0;0;0;0;0;0;83713;0;0;1;5680;0;0;0;0;0;0;0;0;0;0;0;2;0;22105;0;0;0;2;0;0;154;519;0;0;0;0;0;7;17;0;0;29;0;0;0;0;0;0;0;0;0;0;0;1;22;0;0;2;0;0;0;0;323773;0;2;0;0
25448;0;0;0;0;31031432;0;0;85794;0;0;0;0;0;0;0;0;0;0;1;0;61;41062;0;0;1;0;19987;0;0;0;0;0;0;1;0;0;0;0;0;0;0;0;0;0;0;0;2;0;0;34299;0;0;0;0;0;0;11426;0;0;0;0;1;0;0;0;0;11421;0;0;0;19;0;0;5385;6570;0;0;7;0;0;0;0;0;0;0;0;0;0;101437;0;0;0;0;0;0;0;0;0;0;324956;0;0;0;0;447;0;323101;0;0;0;0;0;0;0;0;0;0;0;0;1;0;0;0;0;0;0;0;0;83713;0;0;1;5680;0;0;0;0;0;0;0;0;0;0;0;2;0;22105;0;0;0;2;0;0;154;521;0;0;0;0;0;7;17;0;0;29;0;0;0;0;0;0;0;0;0;0;0;1;22;0;0;2;0;0;0;0;324024;0;2;0;0
25449;0;0;0;0;32032438;0;0;85856;0;0;0;0;0;0;0;0;0;0;1;0;61;41063;0;0;1;0;19987;0;0;0;0;0;0;1;0;0;0;0;0;0;0;0;0;0;0;0;2;0;0;34300;0;0;0;0;0;0;11426;0;0;0;0;1;0;0;0;0;11421;0;0;0;19;0;0;5385;6570;0;0;7;0;0;0;0;0;0;0;0;0;0;101521;0;0;0;0;0;0;0;0;0;0;325207;0;0;0;0;447;0;323351;0;0;0;0;0;0;0;0;0;0;0;0;1;0;0;0;0;0;0;0;0;83713;0;0;1;5681;0;0;0;0;0;0;0;0;0;0;0;2;0;22105;0;0;0;2;0;0;154;521;0;0;0;0;0;7;17;0;0;29;0;0;0;0;0;0;0;0;0;0;0;1;22;0;0;2;0;0;0;0;324274;0;2;0;0
25449;0;0;0;0;33033446;0;0;85919;0;0;0;0;0;0;0;0;0;0;1;0;61;41063;0;0;1;0;19987;0;0;0;0;0;0;1;0;0;0;0;0;0;0;0;0;0;0;0;2;0;0;34300;0;0;0;0;0;0;11426;0;0;0;0;1;0;0;0;0;11421;0;0;0;19;0;0;5385;6570;0;0;7;0;0;0;0;0;0;0;0;0;0;101604;0;0;0;0;0;0;0;0;0;0;325458;0;0;0;0;447;0;323601;0;0;0;0;0;0;0;0;0;0;0;0;1;0;0;0;0;0;0;0;0;83713;0;0;1;5681;0;0;0;0;0;0;0;0;0;0;0;2;0;22105;0;0;0;2;0;0;154;522;0;0;0;0;0;7;17;0;0;29;0;0;0;0;0;0;0;0;0;0;0;1;22;0;0;2;0;0;0;0;324524;0;2;0;0
25450;0;0;0;0;34034426;0;0;85981;0;0;0;0;0;0;0;0;0;0;1;0;61;41064;0;0;1;0;19987;0;0;0;0;0;0;1;0;0;0;0;0;0;0;0;0;0;0;0;2;0;0;34301;0;0;0;0;0;0;11426;0;0;0;0;1;0;0;0;0;11421;0;0;0;19;0;0;5385;6570;0;0;7;0;0;0;0;0;0;0;0;0;0;101688;0;0;0;0;0;0;0;0;0;0;325709;0;0;0;0;447;0;323851;0;0;0;0;0;0;0;0;0;0;0;0;1;0;0;0;0;0;0;0;0;83713;0;0;1;5682;0;0;0;0;0;0;0;0;0;0;0;2;0;22105;0;0;0;2;0;0;154;523;0;0;0;0;0;7;17;0;0;29;0;0;0;0;0;0;0;0;0;0;0;1;22;0;0;2;0;0;0;0;324774;0;2;0;0
25450;0;0;0;0;35035436;0;0;86044;0;0;0;0;0;0;0;0;0;0;1;0;61;41066;0;0;1;0;19987;0;0;0;0;0;0;1;0;0;0;0;0;0;0;0;0;0;0;0;2;0;0;34301;0;0;0;0;0;0;11426;0;0;0;0;1;0;0;0;0;11421;0;0;0;19;0;0;5385;6570;0;0;7;0;0;0;0;0;0;0;0;0;0;101771;0;0;0;0;0;0;0;0;0;0;325960;0;0;0;0;447;0;324102;0;0;0;0;0;0;0;0;0;0;0;0;1;0;0;0;0;0;0;0;0;83713;0;0;1;5684;0;0;0;0;0;0;0;0;0;0;0;2;0;22105;0;0;0;2;0;0;154;523;0;0;0;0;0;7;17;0;0;29;0;0;0;0;0;0;0;0;0;0;0;1;22;0;0;2;0;0;0;0;325025;0;2;0;0
25451;0;0;0;0;36036442;0;0;86107;0;0;0;0;0;0;0;0;0;0;1;0;61;41067;0;0;1;0;19987;0;0;0;0;0;0;1;0;0;0;0;0;0;0;0;0;0;0;0;2;0;0;34302;0;0;0;0;0;0;11426;0;0;0;0;1;0;0;0;0;11421;0;0;0;19;0;0;5385;6570;0;0;7;0;0;0;0;0;0;0;0;0;0;101854;0;0;0;0;0;0;0;0;0;0;326211;0;0;0;0;447;0;324352;0;0;0;0;0;0;0;0;0;0;0;0;1;0;0;0;0;0;0;0;0;83713;0;0;1;5685;0;0;0;0;0;0;0;0;0;0;0;2;0;22105;0;0;0;2;0;0;154;524;0;0;0;0;0;7;17;0;0;29;0;0;0;0;0;0;0;0;0;0;0;1;22;0;0;2;0;0;0;0;325275;0;2;0;0
25451;0;0;0;0;37037447;0;0;86169;0;0;0;0;0;0;0;0;0;0;1;0;61;41067;0;0;1;0;19987;0;0;0;0;0;0;1;0;0;0;0;0;0;0;0;0;0;0;0;2;0;0;34302;0;0;0;0;0;0;11426;0;0;0;0;1;0;0;0;0;11421;0;0;0;19;0;0;5385;6570;0;0;7;0;0;0;0;0;0;0;0;0;0;101938;0;0;0;0;0;0;0;0;0;0;326462;0;0;0;0;447;0;324602;0;0;0;0;0;0;0;0;0;0;0;0;1;0;0;0;0;0;0;0;0;83713;0;0;1;5685;0;0;0;0;0;0;0;0;0;0;0;2;0;22105;0;0;0;2;0;0;154;524;0;0;0;0;0;7;17;0;0;29;0;0;0;0;0;0;0;0;0;0;0;1;22;0;0;2;0;0;0;0;325525;0;2;0;0
25452;0;0;0;0;38038427;0;0;86232;0;0;0;0;0;0;0;0;0;0;1;0;61;41068;0;0;1;0;19987;0;0;0;0;0;0;1;0;0;0;0;0;0;0;0;0;0;0;0;2;0;0;34303;0;0;0;0;0;0;11426;0;0;0;0;1;0;0;0;0;11421;0;0;0;19;0;0;5385;6570;0;0;7;0;0;0;0;0;0;0;0;0;0;102021;0;0;0;0;0;0;0;0;0;0;326713;0;0;0;0;447;0;324852;0;0;0;0;0;0;0;0;0;0;0;0;1;0;0;0;0;0;0;0;0;83713;0;0;1;5686;0;0;0;0;0;0;0;0;0;0;0;2;0;22105;0;0;0;2;0;0;154;524;0;0;0;0;0;7;17;0;0;29;0;0;0;0;0;0;0;0;0;0;0;1;22;0;0;2;0;0;0;0;325775;0;2;0;0
25452;0;0;0;0;39039433;0;0;86294;0;0;0;0;0;0;0;0;0;0;1;0;61;41068;0;0;1;0;19987;0;0;0;0;0;0;1;0;0;0;0;0;0;0;0;0;0;0;0;2;0;0;34303;0;0;0;0;0;0;11426;0;0;0;0;1;0;0;0;0;11421;0;0;0;19;0;0;5385;6570;0;0;7;0;0;0;0;0;0;0;0;0;0;102105;0;0;0;0;0;0;0;0;0;0;326964;0;0;0;0;447;0;325103;0;0;0;0;0;0;0;0;0;0;0;0;1;0;0;0;0;0;0;0;0;83713;0;0;1;5686;0;0;0;0;0;0;0;0;0;0;0;2;0;22105;0;0;0;2;0;0;154;526;0;0;0;0;0;7;17;0;0;29;0;0;0;0;0;0;0;0;0;0;0;1;22;0;0;2;0;0;0;0;326026;0;2;0;0
25453;0;0;0;0;40040439;0;0;86357;0;0;0;0;0;0;0;0;0;0;1;0;61;41069;0;0;1;0;19987;0;0;0;0;0;0;1;0;0;0;0;0;0;0;0;0;0;0;0;2;0;0;34304;0;0;0;0;0;0;11426;0;0;0;0;1;0;0;0;0;11421;0;0;0;19;0;0;5385;6570;0;0;7;0;0;0;0;0;0;0;0;0;0;102188;0;0;0;0;0;0;0;0;0;0;327215;0;0;0;0;447;0;325353;0;0;0;0;0;0;0;0;0;0;0;0;1;0;0;0;0;0;0;0;0;83713;0;0;1;5687;0;0;0;0;0;0;0;0;0;0;0;2;0;22105;0;0;0;2;0;0;154;526;0;0;0;0;0;7;17;0;0;29;0;0;0;0;0;0;0;0;0;0;0;1;22;0;0;2;0;0;0;0;326276;0;2;0;0
25453;0;0;0;0;41041445;0;0;86419;0;0;0;0;0;0;0;0;0;0;1;0;61;41069;0;0;1;0;19987;0;0;0;0;0;0;1;0;0;0;0;0;0;0;0;0;0;0;0;2;0;0;34304;0;0;0;0;0;0;11426;0;0;0;0;1;0;0;0;0;11421;0;0;0;19;0;0;5385;6570;0;0;7;0;0;0;0;0;0;0;0;0;0;102271;0;0;0;0;0;0;0;0;0;0;327466;0;0;0;0;447;0;325603;0;0;0;0;0;0;0;0;0;0;0;0;1;0;0;0;0;0;0;0;0;83713;0;0;1;5687;0;0;0;0;0;0;0;0;0;0;0;2;0;22105;0;0;0;2;0;0;154;527;0;0;0;0;0;7;17;0;0;29;0;0;0;0;0;0;0;0;0;0;0;1;22;0;0;2;0;0;0;0;326526;0;2;0;0
25454;0;0;0;0;42042427;0;0;86482;0;0;0;0;0;0;0;0;0;0;1;0;61;41070;0;0;1;0;19987;0;0;0;0;0;0;1;0;0;0;0;0;0;0;0;0;0;0;0;2;0;0;34305;0;0;0;0;0;0;11426;0;0;0;0;1;0;0;0;0;11421;0;0;0;19;0;0;5385;6570;0;0;7;0;0;0;0;0;0;0;0;0;0;102355;0;0;0;0;0;0;0;0;0;0;327717;0;0;0;0;447;0;325853;0;0;0;0;0;0;0;0;0;0;0;0;1;0;0;0;0;0;0;0;0;83713;0;0;1;5688;0;0;0;0;0;0;0;0;0;0;0;2;0;22105;0;0;0;2;0;0;154;528;0;0;0;0;0;7;17;0;0;29;0;0;0;0;0;0;0;0;0;0;0;1;22;0;0;2;0;0;0;0;326776;0;2;0;0
25454;0;0;0;0;43043433;0;0;86545;0;0;0;0;0;0;0;0;0;0;1;0;61;41070;0;0;1;0;19987;0;0;0;0;0;0;1;0;0;0;0;0;0;0;0;0;0;0;0;2;0;0;34305;0;0;0;0;0;0;11426;0;0;0;0;1;0;0;0;0;11421;0;0;0;19;0;0;5385;6570;0;0;7;0;0;0;0;0;0;0;0;0;0;102438;0;0;0;0;0;0;0;0;0;0;327968;0;0;0;0;447;0;326104;0;0;0;0;0;0;0;0;0;0;0;0;1;0;0;0;0;0;0;0;0;83713;0;0;1;5688;0;0;0;0;0;0;0;0;0;0;0;2;0;22105;0;0;0;2;0;0;154;528;0;0;0;0;0;7;17;0;0;29;0;0;0;0;0;0;0;0;0;0;0;1;22;0;0;2;0;0;0;0;327027;0;2;0;0
25455;0;0;0;0;44044439;0;0;86607;0;0;0;0;0;0;0;0;0;0;1;0;61;41071;0;0;1;0;19987;0;0;0;0;0;0;1;0;0;0;0;0;0;0;0;0;0;0;0;2;0;0;34306;0;0;0;0;0;0;11426;0;0;0;0;1;0;0;0;0;11421;0;0;0;19;0;0;5385;6570;0;0;7;0;0;0;0;0;0;0;0;0;0;102522;0;0;0;0;0;0;0;0;0;0;328219;0;0;0;0;447;0;326354;0;0;0;0;0;0;0;0;0;0;0;0;1;0;0;0;0;0;0;0;0;83713;0;0;1;5689;0;0;0;0;0;0;0;0;0;0;0;2;0;22105;0;0;0;2;0;0;154;529;0;0;0;0;0;7;17;0;0;29;0;0;0;0;0;0;0;0;0;0;0;1;22;0;0;2;0;0;0;0;327277;0;2;0;0
25455;0;0;0;0;45045446;0;0;86670;0;0;0;0;0;0;0;0;0;0;1;0;61;41071;0;0;1;0;19987;0;0;0;0;0;0;1;0;0;0;0;0;0;0;0;0;0;0;0;2;0;0;34306;0;0;0;0;0;0;11426;0;0;0;0;1;0;0;0;0;11421;0;0;0;19;0;0;5385;6570;0;0;7;0;0;0;0;0;0;0;0;0;0;102605;0;0;0;0;0;0;0;0;0;0;328470;0;0;0;0;447;0;326604;0;0;0;0;0;0;0;0;0;0;0;0;1;0;0;0;0;0;0;0;0;83713;0;0;1;5689;0;0;0;0;0;0;0;0;0;0;0;2;0;22105;0;0;0;2;0;0;154;529;0;0;0;0;0;7;17;0;0;29;0;0;0;0;0;0;0;0;0;0;0;1;22;0;0;2;0;0;0;0;327527;0;2;0;0
25456;0;0;0;0;46046426;0;0;86732;0;0;0;0;0;0;0;0;0;0;1;0;61;41072;0;0;1;0;19987;0;0;0;0;0;0;1;0;0;0;0;0;0;0;0;0;0;0;0;2;0;0;34307;0;0;0;0;0;0;11426;0;0;0;0;1;0;0;0;0;11421;0;0;0;19;0;0;5385;6570;0;0;7;0;0;0;0;0;0;0;0;0;0;102689;0;0;0;0;0;0;0;0;0;0;328721;0;0;0;0;447;0;326854;0;0;0;0;0;0;0;0;0;0;0;0;1;0;0;0;0;0;0;0;0;83713;0;0;1;5690;0;0;0;0;0;0;0;0;0;0;0;2;0;22105;0;0;0;2;0;0;154;530;0;0;0;0;0;7;17;0;0;29;0;0;0;0;0;0;0;0;0;0;0;1;22;0;0;2;0;0;0;0;327777;0;2;0;0
25456;0;0;0;0;47047433;0;0;86795;0;0;0;0;0;0;0;0;0;0;1;0;61;41072;0;0;1;0;19987;0;0;0;0;0;0;1;0;0;0;0;0;0;0;0;0;0;0;0;2;0;0;34307;0;0;0;0;0;0;11426;0;0;0;0;1;0;0;0;0;11421;0;0;0;19;0;0;5385;6570;0;0;7;0;0;0;0;0;0;0;0;0;0;102772;0;0;0;0;0;0;0;0;0;0;328972;0;0;0;0;447;0;327105;0;0;0;0;0;0;0;0;0;0;0;0;1;0;0;0;0;0;0;0;0;83713;0;0;1;5690;0;0;0;0;0;0;0;0;0;0;0;2;0;22105;0;0;0;2;0;0;154;532;0;0;0;0;0;7;17;0;0;29;0;0;0;0;0;0;0;0;0;0;0;1;22;0;0;2;0;0;0;0;328028;0;2;0;0
25457;0;0;0;0;48048440;0;0;86857;0;0;0;0;0;0;0;0;0;0;1;0;61;41073;0;0;1;0;19987;0;0;0;0;0;0;1;0;0;0;0;0;0;0;0;0;0;0;0;2;0;0;34308;0;0;0;0;0;0;11426;0;0;0;0;1;0;0;0;0;11421;0;0;0;19;0;0;5385;6570;0;0;7;0;0;0;0;0;0;0;0;0;0;102855;0;0;0;0;0;0;0;0;0;0;329223;0;0;0;0;447;0;327355;0;0;0;0;0;0;0;0;0;0;0;0;1;0;0;0;0;0;0;0;0;83713;0;0;1;5691;0;0;0;0;0;0;0;0;0;0;0;2;0;22105;0;0;0;2;0;0;154;532;0;0;0;0;0;7;17;0;0;29;0;0;0;0;0;0;0;0;0;0;0;1;22;0;0;2;0;0;0;0;328278;0;2;0;0
25458;0;0;0;0;49049450;0;0;86920;0;0;0;0;0;0;0;0;0;0;1;0;61;41073;0;0;1;0;19987;0;0;0;0;0;0;1;0;0;0;0;0;0;0;0;0;0;0;0;2;0;0;34308;0;0;0;0;0;0;11426;0;0;0;0;1;0;0;0;0;11421;0;0;0;19;0;0;5385;6570;0;0;7;0;0;0;0;0;0;0;0;0;0;102939;0;0;0;0;0;0;0;0;0;0;329474;0;0;0;0;447;0;327605;0;0;0;0;0;0;0;0;0;0;0;0;1;0;0;0;0;0;0;0;0;83713;0;0;1;5691;0;0;0;0;0;0;0;0;0;0;0;2;0;22105;0;0;0;2;0;0;154;533;0;0;0;0;0;7;17;0;0;29;0;0;0;0;0;0;0;0;0;0;0;1;22;0;0;2;0;0;0;0;328528;0;2;0;0
25461;0;0;0;0;50050430;0;0;86982;0;0;0;0;0;0;0;0;0;0;1;0;61;41074;0;0;1;0;19987;0;0;0;0;0;0;1;0;0;0;0;0;0;0;0;0;0;0;0;2;0;0;34309;0;0;0;0;0;0;11426;0;0;0;0;1;0;0;0;0;11421;0;0;0;19;0;0;5385;6570;0;0;7;0;0;0;0;0;0;0;0;0;0;103022;0;0;0;0;0;0;0;0;0;0;329725;0;0;0;0;447;0;327855;0;0;0;0;0;0;0;0;0;0;0;0;1;0;0;0;0;0;0;0;0;83713;0;0;1;5692;0;0;0;0;0;0;0;0;0;0;0;2;0;22105;0;0;0;2;0;0;154;534;0;0;0;0;0;7;17;0;0;29;0;0;0;0;0;0;0;0;0;0;0;1;22;0;0;2;0;0;0;0;328779;0;2;0;0
25461;0;0;0;0;51051435;0;0;87045;0;0;0;0;0;0;0;0;0;0;1;0;61;41075;0;0;1;0;19987;0;0;0;0;0;0;1;0;0;0;0;0;0;0;0;0;0;0;0;2;0;0;34309;0;0;0;0;0;0;11426;0;0;0;0;1;0;0;0;0;11421;0;0;0;19;0;0;5385;6570;0;0;7;0;0;0;0;0;0;0;0;0;0;103106;0;0;0;0;0;0;0;0;0;0;329976;0;0;0;0;447;0;328106;0;0;0;0;0;0;0;0;0;0;0;0;1;0;0;0;0;0;0;0;0;83713;0;0;1;5692;0;0;0;0;0;0;0;0;0;0;0;2;0;22105;0;0;0;2;0;0;154;534;0;0;0;0;0;7;17;0;0;29;0;0;0;0;0;0;0;0;0;0;0;1;22;0;0;2;0;0;0;0;329030;0;2;0;0
25462;0;0;0;0;52052441;0;0;87108;0;0;0;0;0;0;0;0;0;0;1;0;61;41077;0;0;1;0;19987;0;0;0;0;0;0;1;0;0;0;0;0;0;0;0;0;0;0;0;2;0;0;34310;0;0;0;0;0;0;11426;0;0;0;0;1;0;0;0;0;11421;0;0;0;19;0;0;5385;6570;0;0;7;0;0;0;0;0;0;0;0;0;0;103189;0;0;0;0;0;0;0;0;0;0;330227;0;0;0;0;447;0;328356;0;0;0;0;0;0;0;0;0;0;0;0;1;0;0;0;0;0;0;0;0;83713;0;0;1;5693;0;0;0;0;0;0;0;0;0;0;0;2;0;22105;0;0;0;2;0;0;154;535;0;0;0;0;0;7;17;0;0;29;0;0;0;0;0;0;0;0;0;0;0;1;22;0;0;2;0;0;0;0;329280;0;2;0;0
25462;0;0;0;0;53053447;0;0;87170;0;0;0;0;0;0;0;0;0;0;1;0;61;41077;0;0;1;0;19987;0;0;0;0;0;0;1;0;0;0;0;0;0;0;0;0;0;0;0;2;0;0;34310;0;0;0;0;0;0;11426;0;0;0;0;1;0;0;0;0;11421;0;0;0;19;0;0;5385;6570;0;0;7;0;0;0;0;0;0;0;0;0;0;103272;0;0;0;0;0;0;0;0;0;0;330478;0;0;0;0;447;0;328606;0;0;0;0;0;0;0;0;0;0;0;0;1;0;0;0;0;0;0;0;0;83713;0;0;1;5693;0;0;0;0;0;0;0;0;0;0;0;2;0;22105;0;0;0;2;0;0;154;535;0;0;0;0;0;7;17;0;0;29;0;0;0;0;0;0;0;0;0;0;0;1;22;0;0;2;0;0;0;0;329530;0;2;0;0
25463;0;0;0;0;54054427;0;0;87233;0;0;0;0;0;0;0;0;0;0;1;0;61;41080;0;0;1;0;19987;0;0;0;0;0;0;1;0;0;0;0;0;0;0;0;0;0;0;0;2;0;0;34311;0;0;0;0;0;0;11426;0;0;0;0;1;0;0;0;0;11421;0;0;0;19;0;0;5385;6570;0;0;7;0;0;0;0;0;0;0;0;0;0;103356;0;0;0;0;0;0;0;0;0;0;330729;0;0;0;0;447;0;328856;0;0;0;0;0;0;0;0;0;0;0;0;1;0;0;0;0;0;0;0;0;83713;0;0;1;5694;0;0;0;0;0;0;0;0;0;0;0;2;0;22105;0;0;0;2;0;0;154;536;0;0;0;0;0;7;17;0;0;29;0;0;0;0;0;0;0;0;0;0;0;1;22;0;0;2;0;0;0;0;329780;0;2;0;0
25463;0;0;0;0;55055433;0;0;87295;0;0;0;0;0;0;0;0;0;0;1;0;61;41080;0;0;1;0;19987;0;0;0;0;0;0;1;0;0;0;0;0;0;0;0;0;0;0;0;2;0;0;34311;0;0;0;0;0;0;11426;0;0;0;0;1;0;0;0;0;11421;0;0;0;19;0;0;5385;6570;0;0;7;0;0;0;0;0;0;0;0;0;0;103439;0;0;0;0;0;0;0;0;0;0;330980;0;0;0;0;447;0;329107;0;0;0;0;0;0;0;0;0;0;0;0;1;0;0;0;0;0;0;0;0;83713;0;0;1;5694;0;0;0;0;0;0;0;0;0;0;0;2;0;22105;0;0;0;2;0;0;154;538;0;0;0;0;0;7;17;0;0;29;0;0;0;0;0;0;0;0;0;0;0;1;22;0;0;2;0;0;0;0;330031;0;2;0;0
25464;0;0;0;0;56056439;0;0;87358;0;0;0;0;0;0;0;0;0;0;1;0;61;41081;0;0;1;0;19987;0;0;0;0;0;0;1;0;0;0;0;0;0;0;0;0;0;0;0;2;0;0;34312;0;0;0;0;0;0;11426;0;0;0;0;1;0;0;0;0;11421;0;0;0;19;0;0;5385;6570;0;0;7;0;0;0;0;0;0;0;0;0;0;103523;0;0;0;0;0;0;0;0;0;0;331231;0;0;0;0;447;0;329357;0;0;0;0;0;0;0;0;0;0;0;0;1;0;0;0;0;0;0;0;0;83713;0;0;1;5695;0;0;0;0;0;0;0;0;0;0;0;2;0;22105;0;0;0;2;0;0;154;538;0;0;0;0;0;7;17;0;0;29;0;0;0;0;0;0;0;0;0;0;0;1;22;0;0;2;0;0;0;0;330281;0;2;0;0
25464;0;0;0;0;57057446;0;0;87420;0;0;0;0;0;0;0;0;0;0;1;0;61;41081;0;0;1;0;19987;0;0;0;0;0;0;1;0;0;0;0;0;0;0;0;0;0;0;0;2;0;0;34312;0;0;0;0;0;0;11426;0;0;0;0;1;0;0;0;0;11421;0;0;0;19;0;0;5385;6570;0;0;7;0;0;0;0;0;0;0;0;0;0;103606;0;0;0;0;0;0;0;0;0;0;331482;0;0;0;0;447;0;329607;0;0;0;0;0;0;0;0;0;0;0;0;1;0;0;0;0;0;0;0;0;83713;0;0;1;5695;0;0;0;0;0;0;0;0;0;0;0;2;0;22105;0;0;0;2;0;0;154;539;0;0;0;0;0;7;17;0;0;29;0;0;0;0;0;0;0;0;0;0;0;1;22;0;0;2;0;0;0;0;330531;0;2;0;0
25465;0;0;0;0;58058427;0;0;87483;0;0;0;0;0;0;0;0;0;0;1;0;61;41082;0;0;1;0;19987;0;0;0;0;0;0;1;0;0;0;0;0;0;0;0;0;0;0;0;2;0;0;34313;0;0;0;0;0;0;11426;0;0;0;0;1;0;0;0;0;11421;0;0;0;19;0;0;5385;6570;0;0;7;0;0;0;0;0;0;0;0;0;0;103690;0;0;0;0;0;0;0;0;0;0;331733;0;0;0;0;447;0;329857;0;0;0;0;0;0;0;0;0;0;0;0;1;0;0;0;0;0;0;0;0;83713;0;0;1;5696;0;0;0;0;0;0;0;0;0;0;0;2;0;22105;0;0;0;2;0;0;154;539;0;0;0;0;0;7;17;0;0;29;0;0;0;0;0;0;0;0;0;0;0;1;22;0;0;2;0;0;0;0;330781;0;2;0;0
25465;0;0;0;0;59059434;0;0;87546;0;0;0;0;0;0;0;0;0;0;1;0;61;41082;0;0;1;0;19987;0;0;0;0;0;0;1;0;0;0;0;0;0;0;0;0;0;0;0;2;0;0;34313;0;0;0;0;0;0;11426;0;0;0;0;1;0;0;0;0;11421;0;0;0;19;0;0;5385;6570;0;0;7;0;0;0;0;0;0;0;0;0;0;103773;0;0;0;0;0;0;0;0;0;0;331984;0;0;0;0;447;0;330108;0;0;0;0;0;0;0;0;0;0;0;0;1;0;0;0;0;0;0;0;0;83713;0;0;1;5696;0;0;0;0;0;0;0;0;0;0;0;2;0;22105;0;0;0;2;0;0;154;539;0;0;0;0;0;7;17;0;0;29;0;0;0;0;0;0;0;0;0;0;0;1;22;0;0;2;0;0;0;0;331032;0;2;0;0
25466;0;0;0;0;60060444;0;0;87608;0;0;0;0;0;0;0;0;0;0;1;0;61;41083;0;0;1;0;19987;0;0;0;0;0;0;1;0;0;0;0;0;0;0;0;0;0;0;0;2;0;0;34314;0;0;0;0;0;0;11426;0;0;0;0;1;0;0;0;0;11421;0;0;0;19;0;0;5385;6570;0;0;7;0;0;0;0;0;0;0;0;0;0;103856;0;0;0;0;0;0;0;0;0;0;332236;0;0;0;0;447;0;330358;0;0;0;0;0;0;0;0;0;0;0;0;1;0;0;0;0;0;0;0;0;83713;0;0;1;5697;0;0;0;0;0;0;0;0;0;0;0;2;0;22105;0;0;0;2;0;0;154;540;0;0;0;0;0;7;17;0;0;29;0;0;0;0;0;0;0;0;0;0;0;1;22;0;0;2;0;0;0;0;331282;0;2;0;0
25466;0;0;0;0;61061449;0;0;87671;0;0;0;0;0;0;0;0;0;0;1;0;61;41083;0;0;1;0;19987;0;0;0;0;0;0;1;0;0;0;0;0;0;0;0;0;0;0;0;2;0;0;34314;0;0;0;0;0;0;11426;0;0;0;0;1;0;0;0;0;11421;0;0;0;19;0;0;5385;6570;0;0;7;0;0;0;0;0;0;0;0;0;0;103940;0;0;0;0;0;0;0;0;0;0;332487;0;0;0;0;447;0;330608;0;0;0;0;0;0;0;0;0;0;0;0;1;0;0;0;0;0;0;0;0;83713;0;0;1;5697;0;0;0;0;0;0;0;0;0;0;0;2;0;22105;0;0;0;2;0;0;154;540;0;0;0;0;0;7;17;0;0;29;0;0;0;0;0;0;0;0;0;0;0;1;22;0;0;2;0;0;0;0;331532;0;2;0;0
25467;0;0;0;0;62062427;0;0;87733;0;0;0;0;0;0;0;0;0;0;1;0;61;41084;0;0;1;0;19987;0;0;0;0;0;0;1;0;0;0;0;0;0;0;0;0;0;0;0;2;0;0;34315;0;0;0;0;0;0;11426;0;0;0;0;1;0;0;0;0;11421;0;0;0;19;0;0;5385;6570;0;0;7;0;0;0;0;0;0;0;0;0;0;104023;0;0;0;0;0;0;0;0;0;0;332738;0;0;0;0;447;0;330858;0;0;0;0;0;0;0;0;0;0;0;0;1;0;0;0;0;0;0;0;0;83713;0;0;1;5698;0;0;0;0;0;0;0;0;0;0;0;2;0;22105;0;0;0;2;0;0;154;541;0;0;0;0;0;7;17;0;0;29;0;0;0;0;0;0;0;0;0;0;0;1;22;0;0;2;0;0;0;0;331782;0;2;0;0
25467;0;0;0;0;63063434;0;0;87796;0;0;0;0;0;0;0;0;0;0;1;0;61;41084;0;0;1;0;19987;0;0;0;0;0;0;1;0;0;0;0;0;0;0;0;0;0;0;0;2;0;0;34315;0;0;0;0;0;0;11426;0;0;0;0;1;0;0;0;0;11421;0;0;0;19;0;0;5385;6570;0;0;7;0;0;0;0;0;0;0;0;0;0;104107;0;0;0;0;0;0;0;0;0;0;332989;0;0;0;0;447;0;331109;0;0;0;0;0;0;0;0;0;0;0;0;1;0;0;0;0;0;0;0;0;83713;0;0;1;5698;0;0;0;0;0;0;0;0;0;0;0;2;0;22105;0;0;0;2;0;0;154;543;0;0;0;0;0;7;17;0;0;29;0;0;0;0;0;0;0;0;0;0;0;1;22;0;0;2;0;0;0;0;332033;0;2;0;0
25468;0;0;0;0;64064440;0;0;87858;0;0;0;0;0;0;0;0;0;0;1;0;61;41086;0;0;1;0;19987;0;0;0;0;0;0;1;0;0;0;0;0;0;0;0;0;0;0;0;2;0;0;34316;0;0;0;0;0;0;11426;0;0;0;0;1;0;0;0;0;11421;0;0;0;19;0;0;5385;6570;0;0;7;0;0;0;0;0;0;0;0;0;0;104190;0;0;0;0;0;0;0;0;0;0;333240;0;0;0;0;447;0;331359;0;0;0;0;0;0;0;0;0;0;0;0;1;0;0;0;0;0;0;0;0;83713;0;0;1;5699;0;0;0;0;0;0;0;0;0;0;0;2;0;22105;0;0;0;2;0;0;154;543;0;0;0;0;0;7;17;0;0;29;0;0;0;0;0;0;0;0;0;0;0;1;22;0;0;2;0;0;0;0;332283;0;2;0;0
25471;0;0;0;0;65065449;0;0;87921;0;0;0;0;0;0;0;0;0;0;1;0;61;41086;0;0;1;0;19987;0;0;0;0;0;0;1;0;0;0;0;0;0;0;0;0;0;0;0;2;0;0;34316;0;0;0;0;0;0;11426;0;0;0;0;1;0;0;0;0;11421;0;0;0;19;0;0;5385;6570;0;0;7;0;0;0;0;0;0;0;0;0;0;104273;0;0;0;0;0;0;0;0;0;0;333491;0;0;0;0;447;0;331609;0;0;0;0;0;0;0;0;0;0;0;0;1;0;0;0;0;0;0;0;0;83713;0;0;1;5699;0;0;0;0;0;0;0;0;0;0;0;2;0;22105;0;0;0;2;0;0;154;544;0;0;0;0;0;7;17;0;0;29;0;0;0;0;0;0;0;0;0;0;0;1;22;0;0;2;0;0;0;0;332533;0;2;0;0
25472;0;0;0;0;66066427;0;0;87983;0;0;0;0;0;0;0;0;0;0;1;0;61;41088;0;0;1;0;19987;0;0;0;0;0;0;1;0;0;0;0;0;0;0;0;0;0;0;0;2;0;0;34317;0;0;0;0;0;0;11426;0;0;0;0;1;0;0;0;0;11421;0;0;0;19;0;0;5385;6570;0;0;7;0;0;0;0;0;0;0;0;0;0;104357;0;0;0;0;0;0;0;0;0;0;333742;0;0;0;0;447;0;331859;0;0;0;0;0;0;0;0;0;0;0;0;1;0;0;0;0;0;0;0;0;83713;0;0;1;5700;0;0;0;0;0;0;0;0;0;0;0;2;0;22105;0;0;0;2;0;0;154;544;0;0;0;0;0;7;17;0;0;29;0;0;0;0;0;0;0;0;0;0;0;1;22;0;0;2;0;0;0;0;332783;0;2;0;0
25472;0;0;0;0;67067433;0;0;88046;0;0;0;0;0;0;0;0;0;0;1;0;61;41090;0;0;1;0;19987;0;0;0;0;0;0;1;0;0;0;0;0;0;0;0;0;0;0;0;2;0;0;34317;0;0;0;0;0;0;11426;0;0;0;0;1;0;0;0;0;11421;0;0;0;19;0;0;5385;6570;0;0;7;0;0;0;0;0;0;0;0;0;0;104440;0;0;0;0;0;0;0;0;0;0;333993;0;0;0;0;447;0;332110;0;0;0;0;0;0;0;0;0;0;0;0;1;0;0;0;0;0;0;0;0;83713;0;0;1;5700;0;0;0;0;0;0;0;0;0;0;0;2;0;22105;0;0;0;2;0;0;154;544;0;0;0;0;0;7;17;0;0;29;0;0;0;0;0;0;0;0;0;0;0;1;22;0;0;2;0;0;0;0;333034;0;2;0;0
25473;0;0;0;0;68068441;0;0;88109;0;0;0;0;0;0;0;0;0;0;1;0;61;41091;0;0;1;0;19987;0;0;0;0;0;0;1;0;0;0;0;0;0;0;0;0;0;0;0;2;0;0;34318;0;0;0;0;0;0;11426;0;0;0;0;1;0;0;0;0;11421;0;0;0;19;0;0;5385;6570;0;0;7;0;0;0;0;0;0;0;0;0;0;104524;0;0;0;0;0;0;0;0;0;0;334244;0;0;0;0;447;0;332360;0;0;0;0;0;0;0;0;0;0;0;0;1;0;0;0;0;0;0;0;0;83713;0;0;1;5701;0;0;0;0;0;0;0;0;0;0;0;2;0;22105;0;0;0;2;0;0;154;545;0;0;0;0;0;7;17;0;0;29;0;0;0;0;0;0;0;0;0;0;0;1;22;0;0;2;0;0;0;0;333284;0;2;0;0
25473;0;0;0;0;69069448;0;0;88171;0;0;0;0;0;0;0;0;0;0;1;0;61;41093;0;0;1;0;19987;0;0;0;0;0;0;1;0;0;0;0;0;0;0;0;0;0;0;0;2;0;0;34318;0;0;0;0;0;0;11426;0;0;0;0;1;0;0;0;0;11421;0;0;0;19;0;0;5385;6570;0;0;7;0;0;0;0;0;0;0;0;0;0;104607;0;0;0;0;0;0;0;0;0;0;334495;0;0;0;0;447;0;332610;0;0;0;0;0;0;0;0;0;0;0;0;1;0;0;0;0;0;0;0;0;83713;0;0;1;5702;0;0;0;0;0;0;0;0;0;0;0;2;0;22105;0;0;0;2;0;0;154;545;0;0;0;0;0;7;17;0;0;29;0;0;0;0;0;0;0;0;0;0;0;1;22;0;0;2;0;0;0;0;333534;0;2;0;0
25474;0;0;0;0;70070427;0;0;88234;0;0;0;0;0;0;0;0;0;0;1;0;61;41094;0;0;1;0;19987;0;0;0;0;0;0;1;0;0;0;0;0;0;0;0;0;0;0;0;2;0;0;34319;0;0;0;0;0;0;11426;0;0;0;0;1;0;0;0;0;11421;0;0;0;19;0;0;5385;6570;0;0;7;0;0;0;0;0;0;0;0;0;0;104691;0;0;0;0;0;0;0;0;0;0;334746;0;0;0;0;447;0;332860;0;0;0;0;0;0;0;0;0;0;0;0;1;0;0;0;0;0;0;0;0;83713;0;0;1;5705;0;0;0;0;0;0;0;0;0;0;0;2;0;22105;0;0;0;2;0;0;154;546;0;0;0;0;0;7;17;0;0;29;0;0;0;0;0;0;0;0;0;0;0;1;22;0;0;2;0;0;0;0;333784;0;2;0;0
25474;0;0;0;0;71071433;0;0;88296;0;0;0;0;0;0;0;0;0;0;1;0;61;41096;0;0;1;0;19987;0;0;0;0;0;0;1;0;0;0;0;0;0;0;0;0;0;0;0;2;0;0;34319;0;0;0;0;0;0;11426;0;0;0;0;1;0;0;0;0;11421;0;0;0;19;0;0;5385;6570;0;0;7;0;0;0;0;0;0;0;0;0;0;104774;0;0;0;0;0;0;0;0;0;0;334997;0;0;0;0;447;0;333111;0;0;0;0;0;0;0;0;0;0;0;0;1;0;0;0;0;0;0;0;0;83713;0;0;1;5705;0;0;0;0;0;0;0;0;0;0;0;2;0;22105;0;0;0;2;0;0;154;547;0;0;0;0;0;7;17;0;0;29;0;0;0;0;0;0;0;0;0;0;0;1;22;0;0;2;0;0;0;0;334035;0;2;0;0
25478;0;0;0;0;72072457;0;0;88359;0;0;0;0;0;0;0;0;0;0;1;0;61;41100;0;0;1;0;19987;0;0;0;0;0;0;1;0;0;0;0;0;0;0;0;0;0;0;0;2;0;0;34320;0;0;0;0;0;0;11426;0;0;0;0;1;0;0;0;0;11421;0;0;0;19;0;0;5385;6570;0;0;7;0;0;0;0;0;0;0;0;0;0;104857;0;0;0;0;0;0;0;0;0;0;335248;0;0;0;0;447;0;333361;0;0;0;0;0;0;0;0;0;0;0;0;1;0;0;0;0;0;0;0;0;83713;0;0;1;5706;0;0;0;0;0;0;0;0;0;0;0;2;0;22105;0;0;0;2;0;0;154;547;0;0;0;0;0;7;17;0;0;29;0;0;0;0;0;0;0;0;0;0;0;1;22;0;0;2;0;0;0;0;334285;0;2;0;0
