28_IR-PCI-MSI_3670017-edge_eno1-TxRx-0_CPU1;HVS_Hyper-V_stimer0_interrupts_CPU0;32_IR-PCI-MSI_1574912-edge_ioat-msix_CPU0;HRE_Hyper-V_reenlightenment_interrupts_CPU0;36_IR-PCI-MSI_524291-edge_nvme0q3_CPU0;18_IR-IO-APIC_18-fasteoi_i801_smbus,_ehci_hcd:usb1,_ehci_hcd:usb4_CPU1;28_IR-PCI-MSI_3670017-edge_eno1-TxRx-0_CPU3;HVS_Hyper-V_stimer0_interrupts_CPU2;DFR_Deferred_Error_APIC_interrupts_CPU2;35_IR-PCI-MSI_524290-edge_nvme0q2_CPU2;HYP_Hypervisor_callback_interrupts_CPU1;34_IR-PCI-MSI_524289-edge_nvme0q1_CPU1;42_IR-PCI-MSI_512000-edge_ahci[0000:00:1f.2]_CPU3;LOC_Local_timer_interrupts_CPU2;DFR_Deferred_Error_APIC_interrupts_CPU3;PIN_Posted-interrupt_notification_event_CPU0;31_IR-PCI-MSI_3670020-edge_eno1-TxRx-3_CPU3;32_IR-PCI-MSI_1574912-edge_ioat-msix_CPU2;NMI_Non-maskable_interrupts_CPU1;CAL_Function_call_interrupts_CPU0;MCE_Machine_check_exceptions_CPU2;35_IR-PCI-MSI_524290-edge_nvme0q2_CPU0;NPI_Nested_posted-interrupt_event_CPU3;CAL_Function_call_interrupts_CPU2;33_IR-PCI-MSI_1576960-edge_ioat-msix_CPU0;49_IR-PCI-MSI_327680-edge_xhci_hcd_CPU0;27_IR-PCI-MSI_3670016-edge_eno1_CPU3;CAL_Function_call_interrupts_CPU1;RES_Rescheduling_interrupts_CPU2;TLB_TLB_shootdowns_CPU1;MCE_Machine_check_exceptions_CPU3;PIN_Posted-interrupt_notification_event_CPU3;48_IR-PCI-MSI_1579008-edge_ioat-msix_CPU2;86_IR-PCI-MSI_2097152-edge_igb_uio_CPU0;HRE_Hyper-V_reenlightenment_interrupts_CPU1;36_IR-PCI-MSI_524291-edge_nvme0q3_CPU3;42_IR-PCI-MSI_512000-edge_ahci[0000:00:1f.2]_CPU1;4_IR-IO-APIC_4-edge_ttyS0_CPU0;26_IR-PCI-MSI_524288-edge_nvme0q0_CPU1;34_IR-PCI-MSI_524289-edge_nvme0q1_CPU0;NMI_Non-maskable_interrupts_CPU3;IWI_IRQ_work_interrupts_CPU3;HYP_Hypervisor_callback_interrupts_CPU2;48_IR-PCI-MSI_1579008-edge_ioat-msix_CPU0;40_IR-PCI-MSI_524295-edge_nvme0q7_CPU0;9_IR-IO-APIC_9-fasteoi_acpi_CPU2;ERR_CPU0;37_IR-PCI-MSI_524292-edge_nvme0q4_CPU3;MCE_Machine_check_exceptions_CPU1;NPI_Nested_posted-interrupt_event_CPU2;THR_Threshold_APIC_interrupts_CPU0;38_IR-PCI-MSI_524293-edge_nvme0q5_CPU3;PIN_Posted-interrupt_notification_event_CPU2;9_IR-IO-APIC_9-fasteoi_acpi_CPU0;PIW_Posted-interrupt_wakeup_event_CPU3;49_IR-PCI-MSI_327680-edge_xhci_hcd_CPU3;RTR_APIC_ICR_read_retries_CPU0;8_IR-IO-APIC_8-edge_rtc0_CPU3;37_IR-PCI-MSI_524292-edge_nvme0q4_CPU2;TRM_Thermal_event_interrupts_CPU1;DFR_Deferred_Error_APIC_interrupts_CPU0;33_IR-PCI-MSI_1576960-edge_ioat-msix_CPU3;38_IR-PCI-MSI_524293-edge_nvme0q5_CPU1;HRE_Hyper-V_reenlightenment_interrupts_CPU3;41_IR-PCI-MSI_524296-edge_nvme0q8_CPU3;28_IR-PCI-MSI_3670017-edge_eno1-TxRx-0_CPU2;87_IR-PCI-MSI_2099200-edge_igb_uio_CPU0;40_IR-PCI-MSI_524295-edge_nvme0q7_CPU2;4_IR-IO-APIC_4-edge_ttyS0_CPU3;36_IR-PCI-MSI_524291-edge_nvme0q3_CPU1;PIW_Posted-interrupt_wakeup_event_CPU2;8_IR-IO-APIC_8-edge_rtc0_CPU0;RES_Rescheduling_interrupts_CPU3;HYP_Hypervisor_callback_interrupts_CPU0;25_IR-PCI-MSI_1572864-edge_ioat-msix_CPU1;IWI_IRQ_work_interrupts_CPU0;RES_Rescheduling_interrupts_CPU1;24_DMAR-MSI_0-edge_dmar0_CPU0;87_IR-PCI-MSI_2099200-edge_igb_uio_CPU1;9_IR-IO-APIC_9-fasteoi_acpi_CPU3;87_IR-PCI-MSI_2099200-edge_igb_uio_CPU2;30_IR-PCI-MSI_3670019-edge_eno1-TxRx-2_CPU1;24_DMAR-MSI_0-edge_dmar0_CPU1;4_IR-IO-APIC_4-edge_ttyS0_CPU1;29_IR-PCI-MSI_3670018-edge_eno1-TxRx-1_CPU2;TLB_TLB_shootdowns_CPU0;MCP_Machine_check_polls_CPU0;25_IR-PCI-MSI_1572864-edge_ioat-msix_CPU3;33_IR-PCI-MSI_1576960-edge_ioat-msix_CPU2;86_IR-PCI-MSI_2097152-edge_igb_uio_CPU3;RTR_APIC_ICR_read_retries_CPU1;LOC_Local_timer_interrupts_CPU3;TRM_Thermal_event_interrupts_CPU2;41_IR-PCI-MSI_524296-edge_nvme0q8_CPU1;PMI_Performance_monitoring_interrupts_CPU0;25_IR-PCI-MSI_1572864-edge_ioat-msix_CPU2;40_IR-PCI-MSI_524295-edge_nvme0q7_CPU3;26_IR-PCI-MSI_524288-edge_nvme0q0_CPU0;SPU_Spurious_interrupts_CPU1;TLB_TLB_shootdowns_CPU3;NMI_Non-maskable_interrupts_CPU2;TLB_TLB_shootdowns_CPU2;8_IR-IO-APIC_8-edge_rtc0_CPU1;31_IR-PCI-MSI_3670020-edge_eno1-TxRx-3_CPU2;HYP_Hypervisor_callback_interrupts_CPU3;SPU_Spurious_interrupts_CPU0;NMI_Non-maskable_interrupts_CPU0;29_IR-PCI-MSI_3670018-edge_eno1-TxRx-1_CPU0;RTR_APIC_ICR_read_retries_CPU2;HRE_Hyper-V_reenlightenment_interrupts_CPU2;LOC_Local_timer_interrupts_CPU1;42_IR-PCI-MSI_512000-edge_ahci[0000:00:1f.2]_CPU2;28_IR-PCI-MSI_3670017-edge_eno1-TxRx-0_CPU0;31_IR-PCI-MSI_3670020-edge_eno1-TxRx-3_CPU0;PIW_Posted-interrupt_wakeup_event_CPU0;27_IR-PCI-MSI_3670016-edge_eno1_CPU0;IWI_IRQ_work_interrupts_CPU1;34_IR-PCI-MSI_524289-edge_nvme0q1_CPU3;35_IR-PCI-MSI_524290-edge_nvme0q2_CPU1;87_IR-PCI-MSI_2099200-edge_igb_uio_CPU3;SPU_Spurious_interrupts_CPU3;24_DMAR-MSI_0-edge_dmar0_CPU2;30_IR-PCI-MSI_3670019-edge_eno1-TxRx-2_CPU2;26_IR-PCI-MSI_524288-edge_nvme0q0_CPU2;29_IR-PCI-MSI_3670018-edge_eno1-TxRx-1_CPU1;39_IR-PCI-MSI_524294-edge_nvme0q6_CPU0;40_IR-PCI-MSI_524295-edge_nvme0q7_CPU1;RTR_APIC_ICR_read_retries_CPU3;36_IR-PCI-MSI_524291-edge_nvme0q3_CPU2;37_IR-PCI-MSI_524292-edge_nvme0q4_CPU1;RES_Rescheduling_interrupts_CPU0;18_IR-IO-APIC_18-fasteoi_i801_smbus,_ehci_hcd:usb1,_ehci_hcd:usb4_CPU0;THR_Threshold_APIC_interrupts_CPU3;IWI_IRQ_work_interrupts_CPU2;TRM_Thermal_event_interrupts_CPU0;39_IR-PCI-MSI_524294-edge_nvme0q6_CPU1;31_IR-PCI-MSI_3670020-edge_eno1-TxRx-3_CPU1;MCE_Machine_check_exceptions_CPU0;CAL_Function_call_interrupts_CPU3;39_IR-PCI-MSI_524294-edge_nvme0q6_CPU2;HVS_Hyper-V_stimer0_interrupts_CPU3;26_IR-PCI-MSI_524288-edge_nvme0q0_CPU3;27_IR-PCI-MSI_3670016-edge_eno1_CPU2;18_IR-IO-APIC_18-fasteoi_i801_smbus,_ehci_hcd:usb1,_ehci_hcd:usb4_CPU2;48_IR-PCI-MSI_1579008-edge_ioat-msix_CPU1;49_IR-PCI-MSI_327680-edge_xhci_hcd_CPU1;24_DMAR-MSI_0-edge_dmar0_CPU3;THR_Threshold_APIC_interrupts_CPU1;9_IR-IO-APIC_9-fasteoi_acpi_CPU1;DFR_Deferred_Error_APIC_interrupts_CPU1;41_IR-PCI-MSI_524296-edge_nvme0q8_CPU2;38_IR-PCI-MSI_524293-edge_nvme0q5_CPU0;37_IR-PCI-MSI_524292-edge_nvme0q4_CPU0;8_IR-IO-APIC_8-edge_rtc0_CPU2;PMI_Performance_monitoring_interrupts_CPU2;86_IR-PCI-MSI_2097152-edge_igb_uio_CPU1;4_IR-IO-APIC_4-edge_ttyS0_CPU2;49_IR-PCI-MSI_327680-edge_xhci_hcd_CPU2;MCP_Machine_check_polls_CPU3;32_IR-PCI-MSI_1574912-edge_ioat-msix_CPU1;MIS_CPU0;42_IR-PCI-MSI_512000-edge_ahci[0000:00:1f.2]_CPU0;TRM_Thermal_event_interrupts_CPU3;35_IR-PCI-MSI_524290-edge_nvme0q2_CPU3;MCP_Machine_check_polls_CPU1;THR_Threshold_APIC_interrupts_CPU2;34_IR-PCI-MSI_524289-edge_nvme0q1_CPU2;30_IR-PCI-MSI_3670019-edge_eno1-TxRx-2_CPU0;NPI_Nested_posted-interrupt_event_CPU1;29_IR-PCI-MSI_3670018-edge_eno1-TxRx-1_CPU3;PIW_Posted-interrupt_wakeup_event_CPU1;NPI_Nested_posted-interrupt_event_CPU0;38_IR-PCI-MSI_524293-edge_nvme0q5_CPU2;MCP_Machine_check_polls_CPU2;32_IR-PCI-MSI_1574912-edge_ioat-msix_CPU3;LOC_Local_timer_interrupts_CPU0;PMI_Performance_monitoring_interrupts_CPU3;27_IR-PCI-MSI_3670016-edge_eno1_CPU1;30_IR-PCI-MSI_3670019-edge_eno1-TxRx-2_CPU3;HVS_Hyper-V_stimer0_interrupts_CPU1;PIN_Posted-interrupt_notification_event_CPU1;86_IR-PCI-MSI_2097152-edge_igb_uio_CPU2;timestamp_us;PMI_Performance_monitoring_interrupts_CPU1;48_IR-PCI-MSI_1579008-edge_ioat-msix_CPU3;SPU_Spurious_interrupts_CPU2;33_IR-PCI-MSI_1576960-edge_ioat-msix_CPU1;18_IR-IO-APIC_18-fasteoi_i801_smbus,_ehci_hcd:usb1,_ehci_hcd:usb4_CPU3;25_IR-PCI-MSI_1572864-edge_ioat-msix_CPU0;39_IR-PCI-MSI_524294-edge_nvme0q6_CPU3;41_IR-PCI-MSI_524296-edge_nvme0q8_CPU0
0;0;2;0;0;0;0;0;0;0;0;0;0;405213;0;0;0;0;0;6563;0;0;0;11771;2;156;0;14939;0;48;0;0;0;0;0;0;0;447;0;3;0;130695;0;2;0;0;0;45;0;0;0;0;0;1;0;0;2;0;0;0;0;0;0;0;0;0;0;0;0;0;0;1;25177;0;0;143468;3131;0;0;0;0;0;0;0;0;30;1;0;0;0;0;406142;0;0;0;0;0;22;0;59;0;0;0;0;0;0;0;19746;0;0;183331;0;14631;23661;0;1;9383;0;0;0;0;0;0;0;0;0;0;0;0;0;20035;58;0;1188;0;0;0;0;5828;0;0;0;0;0;0;0;0;0;0;0;0;0;0;0;0;0;0;0;1;0;0;0;0;0;1;0;0;14596;0;0;0;0;0;1;0;1242934;0;0;0;0;0;0;74;0;0;0;0;0;2;0;0
0;0;2;0;0;0;0;0;0;0;0;0;0;405463;0;0;0;0;0;6563;0;0;0;11771;2;156;0;14939;0;48;0;0;0;0;0;0;0;447;0;3;0;130771;0;2;0;0;0;45;0;0;0;0;0;1;0;0;2;0;0;0;0;0;0;0;0;0;0;0;0;0;0;1;25177;0;0;143563;3131;0;0;0;0;0;0;0;0;30;1;0;0;0;0;406392;0;0;0;0;0;22;0;59;0;0;0;0;0;0;0;19747;0;0;183331;0;14632;23662;0;1;9383;0;0;0;0;0;0;0;0;0;0;0;0;0;20035;58;0;1189;0;0;0;0;5828;0;0;0;0;0;0;0;0;0;0;0;0;0;0;0;0;0;0;0;1;0;0;0;0;0;1;0;0;14597;0;0;0;0;0;1;0;1244099;0;0;0;0;0;0;1001010;0;0;0;0;0;2;0;0
0;0;2;0;0;0;0;0;0;0;0;0;0;405714;0;0;0;0;0;6563;0;0;0;11771;2;156;0;14939;0;48;0;0;0;0;0;0;0;447;0;3;0;130854;0;2;0;0;0;45;0;0;0;0;0;1;0;0;2;0;0;0;0;0;0;0;0;0;0;0;0;0;0;1;25177;0;0;143657;3131;0;0;0;0;0;0;0;0;30;1;0;0;0;0;406643;0;0;0;0;0;22;0;59;0;0;0;0;0;0;0;19747;0;0;183331;0;14632;23662;0;1;9383;0;0;0;0;0;0;0;0;0;0;0;0;0;20035;58;0;1191;0;0;0;0;5828;0;0;0;0;0;0;0;0;0;0;0;0;0;0;0;0;0;0;0;1;0;0;0;0;0;1;0;0;14597;0;0;0;0;0;1;0;1245251;0;0;0;0;0;0;2002019;0;0;0;0;0;2;0;0
0;0;2;0;0;0;0;0;0;0;0;0;0;405964;0;0;0;0;0;6563;0;0;0;11771;2;156;0;14939;0;48;0;0;0;0;0;0;0;447;0;3;0;130936;0;2;0;0;0;45;0;0;0;0;0;1;0;0;2;0;0;0;0;0;0;0;0;0;0;0;0;0;0;1;25177;0;0;143752;3131;0;0;0;0;0;0;0;0;30;1;0;0;0;0;406893;0;0;0;0;0;22;0;59;0;0;0;0;0;0;0;19748;0;0;183331;0;14633;23663;0;1;9383;0;0;0;0;0;0;0;0;0;0;0;0;0;20035;58;0;1192;0;0;0;0;5828;0;0;0;0;0;0;0;0;0;0;0;0;0;0;0;0;0;0;0;1;0;0;0;0;0;1;0;0;14598;0;0;0;0;0;1;0;1246408;0;0;0;0;0;0;3002270;0;0;0;0;0;2;0;0
0;0;2;0;0;0;0;0;0;0;0;0;0;406214;0;0;0;0;0;6563;0;0;0;11771;2;156;0;14939;0;48;0;0;0;0;0;0;0;447;0;3;0;131018;0;2;0;0;0;45;0;0;0;0;0;1;0;0;2;0;0;0;0;0;0;0;0;0;0;0;0;0;0;1;25177;0;0;143846;3131;0;0;0;0;0;0;0;0;30;1;0;0;0;0;407143;0;0;0;0;0;22;0;59;0;0;0;0;0;0;0;19748;0;0;183331;0;14633;23663;0;1;9383;0;0;0;0;0;0;0;0;0;0;0;0;0;20035;58;0;1193;0;0;0;0;5828;0;0;0;0;0;0;0;0;0;0;0;0;0;0;0;0;0;0;0;1;0;0;0;0;0;1;0;0;14598;0;0;0;0;0;1;0;1247559;0;0;0;0;0;0;4003275;0;0;0;0;0;2;0;0
0;0;2;0;0;0;0;0;0;0;0;0;0;406464;0;0;0;0;0;6563;0;0;0;11771;2;156;0;14939;0;48;0;0;0;0;0;0;0;447;0;3;0;131098;0;2;0;0;0;45;0;0;0;0;0;1;0;0;2;0;0;0;0;0;0;0;0;0;0;0;0;0;0;1;25177;0;0;143940;3131;0;0;0;0;0;0;0;0;30;1;0;0;0;0;407393;0;0;0;0;0;22;0;59;0;0;0;0;0;0;0;19749;0;0;183331;0;14634;23664;0;1;9383;0;0;0;0;0;0;0;0;0;0;0;0;0;20035;58;0;1195;0;0;0;0;5828;0;0;0;0;0;0;0;0;0;0;0;0;0;0;0;0;0;0;0;1;0;0;0;0;0;1;0;0;14599;0;0;0;0;0;1;0;1248712;0;0;0;0;0;0;5003319;0;0;0;0;0;2;0;0
0;0;2;0;0;0;0;0;0;0;0;0;0;406714;0;0;0;0;0;6563;0;0;0;11771;2;156;0;14939;0;48;0;0;0;0;0;0;0;447;0;3;0;131179;0;2;0;0;0;45;0;0;0;0;0;1;0;0;2;0;0;0;0;0;0;0;0;0;0;0;0;0;0;1;25177;0;0;144034;3131;0;0;0;0;0;0;0;0;30;1;0;0;0;0;407643;0;0;0;0;0;22;0;59;0;0;0;0;0;0;0;19749;0;0;183331;0;14634;23664;0;1;9383;0;0;0;0;0;0;0;0;0;0;0;0;0;20035;58;0;1195;0;0;0;0;5828;0;0;0;0;0;0;0;0;0;0;0;0;0;0;0;0;0;0;0;1;0;0;0;0;0;1;0;0;14599;0;0;0;0;0;1;0;1249863;0;0;0;0;0;0;6004325;0;0;0;0;0;2;0;0
0;0;2;0;0;0;0;0;0;0;0;0;0;406964;0;0;0;0;0;6563;0;0;0;11771;2;156;0;14939;0;48;0;0;0;0;0;0;0;447;0;3;0;131261;0;2;0;0;0;45;0;0;0;0;0;1;0;0;2;0;0;0;0;0;0;0;0;0;0;0;0;0;0;1;25177;0;0;144129;3131;0;0;0;0;0;0;0;0;30;1;0;0;0;0;407894;0;0;0;0;0;22;0;59;0;0;0;0;0;0;0;19750;0;0;183331;0;14635;23665;0;1;9383;0;0;0;0;0;0;0;0;0;0;0;0;0;20035;58;0;1196;0;0;0;0;5828;0;0;0;0;0;0;0;0;0;0;0;0;0;0;0;0;0;0;0;1;0;0;0;0;0;1;0;0;14600;0;0;0;0;0;1;0;1251017;0;0;0;0;0;0;7004798;0;0;0;0;0;2;0;0
0;0;2;0;0;0;0;0;0;0;0;0;0;407215;0;0;0;0;0;6563;0;0;0;11771;2;156;0;14939;0;48;0;0;0;0;0;0;0;447;0;3;0;131343;0;2;0;0;0;45;0;0;0;0;0;1;0;0;2;0;0;0;0;0;0;0;0;0;0;0;0;0;0;1;25177;0;0;144223;3131;0;0;0;0;0;0;0;0;30;1;0;0;0;0;408144;0;0;0;0;0;22;0;59;0;0;0;0;0;0;0;19750;0;0;183331;0;14643;23665;0;1;9383;0;0;0;0;0;0;0;0;0;0;0;0;0;20035;58;0;1197;0;0;0;0;5828;0;0;0;0;0;0;0;0;0;0;0;0;0;0;0;0;0;0;0;1;0;0;0;0;0;1;0;0;14605;0;0;0;0;0;1;0;1252178;0;0;0;0;0;0;8005232;0;0;0;0;0;2;0;0
0;0;2;0;0;0;0;0;0;0;0;0;0;407465;0;0;0;0;0;6563;0;0;0;11771;2;156;0;14939;0;48;0;0;0;0;0;0;0;447;0;3;0;131426;0;2;0;0;0;45;0;0;0;0;0;1;0;0;2;0;0;0;0;0;0;0;0;0;0;0;0;0;0;1;25177;0;0;144317;3131;0;0;0;0;0;0;0;0;30;1;0;0;0;0;408396;0;0;0;0;0;22;0;59;0;0;0;0;0;0;0;19751;0;0;183331;0;14647;23671;0;1;9383;0;0;0;0;0;0;0;0;0;0;0;0;0;20035;58;0;1198;0;0;0;0;5828;0;0;0;0;0;0;0;0;0;0;0;0;0;0;0;0;0;0;0;1;0;0;0;0;0;1;0;0;14606;0;0;0;0;0;1;0;1253336;0;0;0;0;0;0;9005654;0;0;0;0;0;2;0;0
0;0;2;0;0;0;0;0;0;0;0;0;0;407715;0;0;0;0;0;6563;0;0;0;11771;2;156;0;14939;0;48;0;0;0;0;0;0;0;447;0;3;0;131508;0;2;0;0;0;45;0;0;0;0;0;1;0;0;2;0;0;0;0;0;0;0;0;0;0;0;0;0;0;1;25177;0;0;144412;3131;0;0;0;0;0;0;0;0;30;1;0;0;0;0;408646;0;0;0;0;0;22;0;59;0;0;0;0;0;0;0;19751;0;0;183331;0;14647;23671;0;1;9383;0;0;0;0;0;0;0;0;0;0;0;0;0;20035;58;0;1199;0;0;0;0;5828;0;0;0;0;0;0;0;0;0;0;0;0;0;0;0;0;0;0;0;1;0;0;0;0;0;1;0;0;14606;0;0;0;0;0;1;0;1254487;0;0;0;0;0;0;10006653;0;0;0;0;0;2;0;0
0;0;2;0;0;0;0;0;0;0;0;0;0;407965;0;0;0;0;0;6563;0;0;0;11771;2;156;0;14939;0;48;0;0;0;0;0;0;0;447;0;3;0;131589;0;2;0;0;0;45;0;0;0;0;0;1;0;0;2;0;0;0;0;0;0;0;0;0;0;0;0;0;0;1;25177;0;0;144506;3131;0;0;0;0;0;0;0;0;30;1;0;0;0;0;408896;0;0;0;0;0;22;0;59;0;0;0;0;0;0;0;19752;0;0;183331;0;14648;23672;0;1;9383;0;0;0;0;0;0;0;0;0;0;0;0;0;20035;58;0;1201;0;0;0;0;5828;0;0;0;0;0;0;0;0;0;0;0;0;0;0;0;0;0;0;0;1;0;0;0;0;0;1;0;0;14607;0;0;0;0;0;1;0;1255639;0;0;0;0;0;0;11006693;0;0;0;0;0;2;0;0
0;0;2;0;0;0;0;0;0;0;0;0;0;408215;0;0;0;0;0;6563;0;0;0;11771;2;156;0;14939;0;48;0;0;0;0;0;0;0;447;0;3;0;131671;0;2;0;0;0;45;0;0;0;0;0;1;0;0;2;0;0;0;0;0;0;0;0;0;0;0;0;0;0;1;25177;0;0;144601;3131;0;0;0;0;0;0;0;0;30;1;0;0;0;0;409146;0;0;0;0;0;22;0;59;0;0;0;0;0;0;0;19752;0;0;183331;0;14648;23672;0;1;9383;0;0;0;0;0;0;0;0;0;0;0;0;0;20035;58;0;1202;0;0;0;0;5828;0;0;0;0;0;0;0;0;0;0;0;0;0;0;0;0;0;0;0;1;0;0;0;0;0;1;0;0;14607;0;0;0;0;0;1;0;1256790;0;0;0;0;0;0;12007698;0;0;0;0;0;2;0;0
0;0;2;0;0;0;0;0;0;0;0;0;0;408465;0;0;0;0;0;6563;0;0;0;11771;2;156;0;14939;0;48;0;0;0;0;0;0;0;447;0;3;0;131752;0;2;0;0;0;45;0;0;0;0;0;1;0;0;2;0;0;0;0;0;0;0;0;0;0;0;0;0;0;1;25177;0;0;144695;3131;0;0;0;0;0;0;0;0;30;1;0;0;0;0;409396;0;0;0;0;0;22;0;59;0;0;0;0;0;0;0;19753;0;0;183331;0;14649;23673;0;1;9383;0;0;0;0;0;0;0;0;0;0;0;0;0;20035;58;0;1203;0;0;0;0;5828;0;0;0;0;0;0;0;0;0;0;0;0;0;0;0;0;0;0;0;1;0;0;0;0;0;1;0;0;14608;0;0;0;0;0;1;0;1257943;0;0;0;0;0;0;13007748;0;0;0;0;0;2;0;0
0;0;2;0;0;0;0;0;0;0;0;0;0;408715;0;0;0;0;0;6563;0;0;0;11771;2;156;0;14939;0;48;0;0;0;0;0;0;0;447;0;3;0;131834;0;2;0;0;0;45;0;0;0;0;0;1;0;0;2;0;0;0;0;0;0;0;0;0;0;0;0;0;0;1;25177;0;0;144790;3131;0;0;0;0;0;0;0;0;30;1;0;0;0;0;409646;0;0;0;0;0;22;0;59;0;0;0;0;0;0;0;19753;0;0;183331;0;14649;23673;0;1;9383;0;0;0;0;0;0;0;0;0;0;0;0;0;20035;58;0;1204;0;0;0;0;5828;0;0;0;0;0;0;0;0;0;0;0;0;0;0;0;0;0;0;0;1;0;0;0;0;0;1;0;0;14608;0;0;0;0;0;1;0;1259095;0;0;0;0;0;0;14008754;0;0;0;0;0;2;0;0
0;0;2;0;0;0;0;0;0;0;0;0;0;408965;0;0;0;0;0;6563;0;0;0;11771;2;156;0;14939;0;48;0;0;0;0;0;0;0;447;0;3;0;131914;0;2;0;0;0;45;0;0;0;0;0;1;0;0;2;0;0;0;0;0;0;0;0;0;0;0;0;0;0;1;25177;0;0;144884;3131;0;0;0;0;0;0;0;0;30;1;0;0;0;0;409896;0;0;0;0;0;22;0;59;0;0;0;0;0;0;0;19754;0;0;183331;0;14650;23674;0;1;9383;0;0;0;0;0;0;0;0;0;0;0;0;0;20035;58;0;1207;0;0;0;0;5828;0;0;0;0;0;0;0;0;0;0;0;0;0;0;0;0;0;0;0;1;0;0;0;0;0;1;0;0;14609;0;0;0;0;0;1;0;1260245;0;0;0;0;0;0;15008784;0;0;0;0;0;2;0;0
0;0;2;0;0;0;0;0;0;0;0;0;0;409216;0;0;0;0;0;6563;0;0;0;11771;2;156;0;14939;0;48;0;0;0;0;0;0;0;447;0;3;0;131996;0;2;0;0;0;45;0;0;0;0;0;1;0;0;2;0;0;0;0;0;0;0;0;0;0;0;0;0;0;1;25177;0;0;144979;3131;0;0;0;0;0;0;0;0;30;1;0;0;0;0;410147;0;0;0;0;0;22;0;59;0;0;0;0;0;0;0;19754;0;0;183331;0;14650;23674;0;1;9383;0;0;0;0;0;0;0;0;0;0;0;0;0;20035;58;0;1208;0;0;0;0;5828;0;0;0;0;0;0;0;0;0;0;0;0;0;0;0;0;0;0;0;1;0;0;0;0;0;1;0;0;14609;0;0;0;0;0;1;0;1261396;0;0;0;0;0;0;16009790;0;0;0;0;0;2;0;0
0;0;2;0;0;0;0;0;0;0;0;0;0;409466;0;0;0;0;0;6563;0;0;0;11771;2;156;0;14939;0;48;0;0;0;0;0;0;0;447;0;3;0;132077;0;2;0;0;0;45;0;0;0;0;0;1;0;0;2;0;0;0;0;0;0;0;0;0;0;0;0;0;0;1;25177;0;0;145073;3131;0;0;0;0;0;0;0;0;30;1;0;0;0;0;410397;0;0;0;0;0;22;0;59;0;0;0;0;0;0;0;19755;0;0;183331;0;14651;23675;0;1;9383;0;0;0;0;0;0;0;0;0;0;0;0;0;20035;58;0;1210;0;0;0;0;5828;0;0;0;0;0;0;0;0;0;0;0;0;0;0;0;0;0;0;0;1;0;0;0;0;0;1;0;0;14610;0;0;0;0;0;1;0;1262549;0;0;0;0;0;0;17009837;0;0;0;0;0;2;0;0
0;0;2;0;0;0;0;0;0;0;0;0;0;409716;0;0;0;0;0;6563;0;0;0;11771;2;156;0;14939;0;48;0;0;0;0;0;0;0;447;0;3;0;132158;0;2;0;0;0;45;0;0;0;0;0;1;0;0;2;0;0;0;0;0;0;0;0;0;0;0;0;0;0;1;25177;0;0;145168;3131;0;0;0;0;0;0;0;0;30;1;0;0;0;0;410647;0;0;0;0;0;22;0;59;0;0;0;0;0;0;0;19755;0;0;183331;0;14651;23675;0;1;9383;0;0;0;0;0;0;0;0;0;0;0;0;0;20035;58;0;1211;0;0;0;0;5828;0;0;0;0;0;0;0;0;0;0;0;0;0;0;0;0;0;0;0;1;0;0;0;0;0;1;0;0;14610;0;0;0;0;0;1;0;1263700;0;0;0;0;0;0;18010843;0;0;0;0;0;2;0;0
0;0;2;0;0;0;0;0;0;0;0;0;0;409966;0;0;0;0;0;6563;0;0;0;11771;2;156;0;14939;0;48;0;0;0;0;0;0;0;447;0;3;0;132240;0;2;0;0;0;45;0;0;0;0;0;1;0;0;2;0;0;0;0;0;0;0;0;0;0;0;0;0;0;1;25177;0;0;145262;3131;0;0;0;0;0;0;0;0;30;1;0;0;0;0;410897;0;0;0;0;0;22;0;59;0;0;0;0;0;0;0;19756;0;0;183331;0;14652;23676;0;1;9383;0;0;0;0;0;0;0;0;0;0;0;0;0;20035;58;0;1212;0;0;0;0;5828;0;0;0;0;0;0;0;0;0;0;0;0;0;0;0;0;0;0;0;1;0;0;0;0;0;1;0;0;14611;0;0;0;0;0;1;0;1264853;0;0;0;0;0;0;19010891;0;0;0;0;0;2;0;0
0;0;2;0;0;0;0;0;0;0;0;0;0;410216;0;0;0;0;0;6563;0;0;0;11771;2;156;0;14939;0;48;0;0;0;0;0;0;0;447;0;3;0;132321;0;2;0;0;0;45;0;0;0;0;0;1;0;0;2;0;0;0;0;0;0;0;0;0;0;0;0;0;0;1;25177;0;0;145357;3131;0;0;0;0;0;0;0;0;30;1;0;0;0;0;411147;0;0;0;0;0;22;0;59;0;0;0;0;0;0;0;19756;0;0;183331;0;14652;23676;0;1;9383;0;0;0;0;0;0;0;0;0;0;0;0;0;20035;58;0;1213;0;0;0;0;5828;0;0;0;0;0;0;0;0;0;0;0;0;0;0;0;0;0;0;0;1;0;0;0;0;0;1;0;0;14611;0;0;0;0;0;1;0;1266004;0;0;0;0;0;0;20011896;0;0;0;0;0;2;0;0
0;0;2;0;0;0;0;0;0;0;0;0;0;410466;0;0;0;0;0;6563;0;0;0;11771;2;156;0;14939;0;48;0;0;0;0;0;0;0;447;0;3;0;132402;0;2;0;0;0;45;0;0;0;0;0;1;0;0;2;0;0;0;0;0;0;0;0;0;0;0;0;0;0;1;25177;0;0;145452;3131;0;0;0;0;0;0;0;0;30;1;0;0;0;0;411397;0;0;0;0;0;22;0;59;0;0;0;0;0;0;0;19757;0;0;183331;0;14653;23677;0;1;9383;0;0;0;0;0;0;0;0;0;0;0;0;0;20035;58;0;1215;0;0;0;0;5828;0;0;0;0;0;0;0;0;0;0;0;0;0;0;0;0;0;0;0;1;0;0;0;0;0;1;0;0;14612;0;0;0;0;0;1;0;1267158;0;0;0;0;0;0;21012784;0;0;0;0;0;2;0;0
0;0;2;0;0;0;0;0;0;0;0;0;0;410716;0;0;0;0;0;6563;0;0;0;11771;2;156;0;14939;0;48;0;0;0;0;0;0;0;447;0;3;0;132485;0;2;0;0;0;45;0;0;0;0;0;1;0;0;2;0;0;0;0;0;0;0;0;0;0;0;0;0;0;1;25177;0;0;145546;3131;0;0;0;0;0;0;0;0;30;1;0;0;0;0;411647;0;0;0;0;0;22;0;59;0;0;0;0;0;0;0;19757;0;0;183331;0;14653;23677;0;1;9383;0;0;0;0;0;0;0;0;0;0;0;0;0;20035;58;0;1215;0;0;0;0;5828;0;0;0;0;0;0;0;0;0;0;0;0;0;0;0;0;0;0;0;1;0;0;0;0;0;1;0;0;14612;0;0;0;0;0;1;0;1268309;0;0;0;0;0;0;22012997;0;0;0;0;0;2;0;0
0;0;2;0;0;0;0;0;0;0;0;0;0;410967;0;0;0;0;0;6563;0;0;0;11771;2;156;0;14939;0;48;0;0;0;0;0;0;0;447;0;3;0;132564;0;2;0;0;0;45;0;0;0;0;0;1;0;0;2;0;0;0;0;0;0;0;0;0;0;0;0;0;0;1;25177;0;0;145641;3131;0;0;0;0;0;0;0;0;30;1;0;0;0;0;411898;0;0;0;0;0;22;0;59;0;0;0;0;0;0;0;19758;0;0;183331;0;14656;23681;0;1;9383;0;0;0;0;0;0;0;0;0;0;0;0;0;20035;58;0;1216;0;0;0;0;5828;0;0;0;0;0;0;0;0;0;0;0;0;0;0;0;0;0;0;0;1;0;0;0;0;0;1;0;0;14613;0;0;0;0;0;1;0;1269455;0;0;0;0;0;0;23013618;0;0;0;0;0;2;0;0
0;0;2;0;0;0;0;0;0;0;0;0;0;411217;0;0;0;0;0;6563;0;0;0;11771;2;156;0;14939;0;48;0;0;0;0;0;0;0;447;0;3;0;132645;0;2;0;0;0;45;0;0;0;0;0;1;0;0;2;0;0;0;0;0;0;0;0;0;0;0;0;0;0;1;25177;0;0;145735;3131;0;0;0;0;0;0;0;0;30;1;0;0;0;0;412149;0;0;0;0;0;22;0;59;0;0;0;0;0;0;0;19758;0;0;183331;0;14656;23681;0;1;9383;0;0;0;0;0;0;0;0;0;0;0;0;0;20035;58;0;1217;0;0;0;0;5828;0;0;0;0;0;0;0;0;0;0;0;0;0;0;0;0;0;0;0;1;0;0;0;0;0;1;0;0;14613;0;0;0;0;0;1;0;1270604;0;0;0;0;0;0;24013675;0;0;0;0;0;2;0;0
0;0;2;0;0;0;0;0;0;0;0;0;0;411467;0;0;0;0;0;6563;0;0;0;11771;2;156;0;14939;0;48;0;0;0;0;0;0;0;447;0;3;0;132725;0;2;0;0;0;45;0;0;0;0;0;1;0;0;2;0;0;0;0;0;0;0;0;0;0;0;0;0;0;1;25177;0;0;145829;3131;0;0;0;0;0;0;0;0;30;1;0;0;0;0;412399;0;0;0;0;0;22;0;59;0;0;0;0;0;0;0;19759;0;0;183331;0;14657;23689;0;1;9383;0;0;0;0;0;0;0;0;0;0;0;0;0;20035;58;0;1218;0;0;0;0;5828;0;0;0;0;0;0;0;0;0;0;0;0;0;0;0;0;0;0;0;1;0;0;0;0;0;1;0;0;14614;0;0;0;0;0;1;0;1271758;0;0;0;0;0;0;25014065;0;0;0;0;0;2;0;0
0;0;2;0;0;0;0;0;0;0;0;0;0;411717;0;0;0;0;0;6563;0;0;0;11771;2;156;0;14939;0;48;0;0;0;0;0;0;0;447;0;3;0;132808;0;2;0;0;0;45;0;0;0;0;0;1;0;0;2;0;0;0;0;0;0;0;0;0;0;0;0;0;0;1;25177;0;0;145923;3131;0;0;0;0;0;0;0;0;30;1;0;0;0;0;412649;0;0;0;0;0;22;0;59;0;0;0;0;0;0;0;19759;0;0;183331;0;14657;23689;0;1;9383;0;0;0;0;0;0;0;0;0;0;0;0;0;20035;58;0;1219;0;0;0;0;5828;0;0;0;0;0;0;0;0;0;0;0;0;0;0;0;0;0;0;0;1;0;0;0;0;0;1;0;0;14614;0;0;0;0;0;1;0;1272909;0;0;0;0;0;0;26015064;0;0;0;0;0;2;0;0
0;0;2;0;0;0;0;0;0;0;0;0;0;411967;0;0;0;0;0;6563;0;0;0;11771;2;156;0;14939;0;48;0;0;0;0;0;0;0;447;0;3;0;132890;0;2;0;0;0;45;0;0;0;0;0;1;0;0;2;0;0;0;0;0;0;0;0;0;0;0;0;0;0;1;25177;0;0;146017;3131;0;0;0;0;0;0;0;0;30;1;0;0;0;0;412899;0;0;0;0;0;22;0;59;0;0;0;0;0;0;0;19760;0;0;183331;0;14658;23690;0;1;9383;0;0;0;0;0;0;0;0;0;0;0;0;0;20035;58;0;1221;0;0;0;0;5828;0;0;0;0;0;0;0;0;0;0;0;0;0;0;0;0;0;0;0;1;0;0;0;0;0;1;0;0;14615;0;0;0;0;0;1;0;1274062;0;0;0;0;0;0;27015107;0;0;0;0;0;2;0;0
0;0;2;0;0;0;0;0;0;0;0;0;0;412217;0;0;0;0;0;6563;0;0;0;11771;2;156;0;14939;0;48;0;0;0;0;0;0;0;447;0;3;0;132972;0;2;0;0;0;45;0;0;0;0;0;1;0;0;2;0;0;0;0;0;0;0;0;0;0;0;0;0;0;1;25177;0;0;146111;3131;0;0;0;0;0;0;0;0;30;1;0;0;0;0;413149;0;0;0;0;0;22;0;59;0;0;0;0;0;0;0;19760;0;0;183331;0;14658;23690;0;1;9383;0;0;0;0;0;0;0;0;0;0;0;0;0;20035;58;0;1221;0;0;0;0;5828;0;0;0;0;0;0;0;0;0;0;0;0;0;0;0;0;0;0;0;1;0;0;0;0;0;1;0;0;14615;0;0;0;0;0;1;0;1275213;0;0;0;0;0;0;28016112;0;0;0;0;0;2;0;0
0;0;2;0;0;0;0;0;0;0;0;0;0;412467;0;0;0;0;0;6563;0;0;0;11771;2;156;0;14939;0;48;0;0;0;0;0;0;0;447;0;3;0;133053;0;2;0;0;0;45;0;0;0;0;0;1;0;0;2;0;0;0;0;0;0;0;0;0;0;0;0;0;0;1;25177;0;0;146206;3131;0;0;0;0;0;0;0;0;30;1;0;0;0;0;413399;0;0;0;0;0;22;0;59;0;0;0;0;0;0;0;19761;0;0;183331;0;14659;23691;0;1;9383;0;0;0;0;0;0;0;0;0;0;0;0;0;20035;58;0;1222;0;0;0;0;5828;0;0;0;0;0;0;0;0;0;0;0;0;0;0;0;0;0;0;0;1;0;0;0;0;0;1;0;0;14616;0;0;0;0;0;1;0;1276367;0;0;0;0;0;0;29016784;0;0;0;0;0;2;0;0
0;0;2;0;0;0;0;0;0;0;0;0;0;412718;0;0;0;0;0;6563;0;0;0;11771;2;156;0;14939;0;48;0;0;0;0;0;0;0;447;0;3;0;133134;0;2;0;0;0;45;0;0;0;0;0;1;0;0;2;0;0;0;0;0;0;0;0;0;0;0;0;0;0;1;25177;0;0;146300;3131;0;0;0;0;0;0;0;0;30;1;0;0;0;0;413649;0;0;0;0;0;22;0;59;0;0;0;0;0;0;0;19761;0;0;183331;0;14659;23691;0;1;9383;0;0;0;0;0;0;0;0;0;0;0;0;0;20035;58;0;1223;0;0;0;0;5828;0;0;0;0;0;0;0;0;0;0;0;0;0;0;0;0;0;0;0;1;0;0;0;0;0;1;0;0;14616;0;0;0;0;0;1;0;1277518;0;0;0;0;0;0;30017212;0;0;0;0;0;2;0;0
0;0;2;0;0;0;0;0;0;0;0;0;0;412968;0;0;0;0;0;6563;0;0;0;11771;2;156;0;14939;0;48;0;0;0;0;0;0;0;447;0;3;0;133216;0;2;0;0;0;45;0;0;0;0;0;1;0;0;2;0;0;0;0;0;0;0;0;0;0;0;0;0;0;1;25177;0;0;146394;3131;0;0;0;0;0;0;0;0;30;1;0;0;0;0;413900;0;0;0;0;0;22;0;59;0;0;0;0;0;0;0;19762;0;0;183331;0;14660;23692;0;1;9383;0;0;0;0;0;0;0;0;0;0;0;0;0;20035;58;0;1224;0;0;0;0;5828;0;0;0;0;0;0;0;0;0;0;0;0;0;0;0;0;0;0;0;1;0;0;0;0;0;1;0;0;14617;0;0;0;0;0;1;0;1278669;0;0;0;0;0;0;31018219;0;0;0;0;0;2;0;0
0;0;2;0;0;0;0;0;0;0;0;0;0;413218;0;0;0;0;0;6563;0;0;0;11771;2;156;0;14939;0;48;0;0;0;0;0;0;0;447;0;3;0;133298;0;2;0;0;0;45;0;0;0;0;0;1;0;0;2;0;0;0;0;0;0;0;0;0;0;0;0;0;0;1;25177;0;0;146488;3131;0;0;0;0;0;0;0;0;30;1;0;0;0;0;414150;0;0;0;0;0;22;0;59;0;0;0;0;0;0;0;19762;0;0;183331;0;14660;23697;0;1;9383;0;0;0;0;0;0;0;0;0;0;0;0;0;20035;58;0;1225;0;0;0;0;5828;0;0;0;0;0;0;0;0;0;0;0;0;0;0;0;0;0;0;0;1;0;0;0;0;0;1;0;0;14617;0;0;0;0;0;1;0;1279821;0;0;0;0;0;0;32018496;0;0;0;0;0;2;0;0
0;0;2;0;0;0;0;0;0;0;0;0;0;413468;0;0;0;0;0;6563;0;0;0;11771;2;156;0;14939;0;48;0;0;0;0;0;0;0;447;0;3;0;133380;0;2;0;0;0;45;0;0;0;0;0;1;0;0;2;0;0;0;0;0;0;0;0;0;0;0;0;0;0;1;25177;0;0;146582;3131;0;0;0;0;0;0;0;0;30;1;0;0;0;0;414401;0;0;0;0;0;22;0;59;0;0;0;0;0;0;0;19770;0;0;183331;0;14661;23698;0;1;9383;0;0;0;0;0;0;0;0;0;0;0;0;0;20035;58;0;1227;0;0;0;0;5828;0;0;0;0;0;0;0;0;0;0;0;0;0;0;0;0;0;0;0;1;0;0;0;0;0;1;0;0;14618;0;0;0;0;0;1;0;1280973;0;0;0;0;0;0;33018704;0;0;0;0;0;2;0;0
0;0;2;0;0;0;0;0;0;0;0;0;0;413718;0;0;0;0;0;6563;0;0;0;11771;2;156;0;14939;0;48;0;0;0;0;0;0;0;447;0;3;0;133462;0;2;0;0;0;45;0;0;0;0;0;1;0;0;2;0;0;0;0;0;0;0;0;0;0;0;0;0;0;1;25177;0;0;146676;3131;0;0;0;0;0;0;0;0;30;1;0;0;0;0;414651;0;0;0;0;0;22;0;59;0;0;0;0;0;0;0;19770;0;0;183331;0;14661;23698;0;1;9383;0;0;0;0;0;0;0;0;0;0;0;0;0;20035;58;0;1228;0;0;0;0;5828;0;0;0;0;0;0;0;0;0;0;0;0;0;0;0;0;0;0;0;1;0;0;0;0;0;1;0;0;14618;0;0;0;0;0;1;0;1282124;0;0;0;0;0;0;34019704;0;0;0;0;0;2;0;0
0;0;2;0;0;0;0;0;0;0;0;0;0;413968;0;0;0;0;0;6563;0;0;0;11771;2;156;0;14939;0;48;0;0;0;0;0;0;0;447;0;3;0;133544;0;2;0;0;0;45;0;0;0;0;0;1;0;0;2;0;0;0;0;0;0;0;0;0;0;0;0;0;0;1;25177;0;0;146771;3131;0;0;0;0;0;0;0;0;30;1;0;0;0;0;414901;0;0;0;0;0;22;0;59;0;0;0;0;0;0;0;19771;0;0;183331;0;14662;23699;0;1;9383;0;0;0;0;0;0;0;0;0;0;0;0;0;20035;58;0;1230;0;0;0;0;5828;0;0;0;0;0;0;0;0;0;0;0;0;0;0;0;0;0;0;0;1;0;0;0;0;0;1;0;0;14619;0;0;0;0;0;1;0;1283277;0;0;0;0;0;0;35019768;0;0;0;0;0;2;0;0
0;0;2;0;0;0;0;0;0;0;0;0;0;414218;0;0;0;0;0;6563;0;0;0;11771;2;156;0;14939;0;48;0;0;0;0;0;0;0;447;0;3;0;133626;0;2;0;0;0;45;0;0;0;0;0;1;0;0;2;0;0;0;0;0;0;0;0;0;0;0;0;0;0;1;25177;0;0;146865;3131;0;0;0;0;0;0;0;0;30;1;0;0;0;0;415151;0;0;0;0;0;22;0;59;0;0;0;0;0;0;0;19771;0;0;183331;0;14662;23699;0;1;9383;0;0;0;0;0;0;0;0;0;0;0;0;0;20035;58;0;1230;0;0;0;0;5828;0;0;0;0;0;0;0;0;0;0;0;0;0;0;0;0;0;0;0;1;0;0;0;0;0;1;0;0;14619;0;0;0;0;0;1;0;1284429;0;0;0;0;0;0;36020764;0;0;0;0;0;2;0;0
0;0;2;0;0;0;0;0;0;0;0;0;0;414468;0;0;0;0;0;6563;0;0;0;11771;2;156;0;14939;0;48;0;0;0;0;0;0;0;447;0;3;0;133708;0;2;0;0;0;45;0;0;0;0;0;1;0;0;2;0;0;0;0;0;0;0;0;0;0;0;0;0;0;1;25177;0;0;146959;3131;0;0;0;0;0;0;0;0;30;1;0;0;0;0;415401;0;0;0;0;0;22;0;59;0;0;0;0;0;0;0;19772;0;0;183331;0;14663;23700;0;1;9383;0;0;0;0;0;0;0;0;0;0;0;0;0;20035;58;0;1233;0;0;0;0;5828;0;0;0;0;0;0;0;0;0;0;0;0;0;0;0;0;0;0;0;1;0;0;0;0;0;1;0;0;14620;0;0;0;0;0;1;0;1285584;0;0;0;0;0;0;37021001;0;0;0;0;0;2;0;0
0;0;2;0;0;0;0;0;0;0;0;0;0;414719;0;0;0;0;0;6563;0;0;0;11771;2;156;0;14939;0;48;0;0;0;0;0;0;0;447;0;3;0;133791;0;2;0;0;0;45;0;0;0;0;0;1;0;0;2;0;0;0;0;0;0;0;0;0;0;0;0;0;0;1;25177;0;0;147053;3131;0;0;0;0;0;0;0;0;30;1;0;0;0;0;415652;0;0;0;0;0;22;0;59;0;0;0;0;0;0;0;19772;0;0;183331;0;14663;23700;0;1;9383;0;0;0;0;0;0;0;0;0;0;0;0;0;20035;58;0;1236;0;0;0;0;5828;0;0;0;0;0;0;0;0;0;0;0;0;0;0;0;0;0;0;0;1;0;0;0;0;0;1;0;0;14620;0;0;0;0;0;1;0;1286735;0;0;0;0;0;0;38022005;0;0;0;0;0;2;0;0
0;0;2;0;0;0;0;0;0;0;0;0;0;414969;0;0;0;0;0;6563;0;0;0;11771;2;156;0;14939;0;48;0;0;0;0;0;0;0;447;0;3;0;133871;0;2;0;0;0;45;0;0;0;0;0;1;0;0;2;0;0;0;0;0;0;0;0;0;0;0;0;0;0;1;25177;0;0;147147;3131;0;0;0;0;0;0;0;0;30;1;0;0;0;0;415902;0;0;0;0;0;22;0;59;0;0;0;0;0;0;0;19773;0;0;183331;0;14664;23701;0;1;9383;0;0;0;0;0;0;0;0;0;0;0;0;0;20035;58;0;1237;0;0;0;0;5828;0;0;0;0;0;0;0;0;0;0;0;0;0;0;0;0;0;0;0;1;0;0;0;0;0;1;0;0;14621;0;0;0;0;0;1;0;1287894;0;0;0;0;0;0;39022264;0;0;0;0;0;2;0;0
0;0;2;0;0;0;0;0;0;0;0;0;0;415219;0;0;0;0;0;6563;0;0;0;11771;2;156;0;14939;0;48;0;0;0;0;0;0;0;447;0;3;0;133953;0;2;0;0;0;45;0;0;0;0;0;1;0;0;2;0;0;0;0;0;0;0;0;0;0;0;0;0;0;1;25177;0;0;147241;3131;0;0;0;0;0;0;0;0;30;1;0;0;0;0;416152;0;0;0;0;0;22;0;59;0;0;0;0;0;0;0;19773;0;0;183331;0;14664;23701;0;1;9383;0;0;0;0;0;0;0;0;0;0;0;0;0;20035;58;0;1238;0;0;0;0;5828;0;0;0;0;0;0;0;0;0;0;0;0;0;0;0;0;0;0;0;1;0;0;0;0;0;1;0;0;14621;0;0;0;0;0;1;0;1289045;0;0;0;0;0;0;40023269;0;0;0;0;0;2;0;0
0;0;2;0;0;0;0;0;0;0;0;0;0;415469;0;0;0;0;0;6563;0;0;0;11771;2;156;0;14939;0;48;0;0;0;0;0;0;0;447;0;3;0;134034;0;2;0;0;0;45;0;0;0;0;0;1;0;0;2;0;0;0;0;0;0;0;0;0;0;0;0;0;0;1;25177;0;0;147336;3131;0;0;0;0;0;0;0;0;30;1;0;0;0;0;416402;0;0;0;0;0;22;0;59;0;0;0;0;0;0;0;19774;0;0;183331;0;14665;23702;0;1;9383;0;0;0;0;0;0;0;0;0;0;0;0;0;20035;58;0;1240;0;0;0;0;5828;0;0;0;0;0;0;0;0;0;0;0;0;0;0;0;0;0;0;0;1;0;0;0;0;0;1;0;0;14622;0;0;0;0;0;1;0;1290198;0;0;0;0;0;0;41023319;0;0;0;0;0;2;0;0
0;0;2;0;0;0;0;0;0;0;0;0;0;415719;0;0;0;0;0;6563;0;0;0;11771;2;156;0;14939;0;48;0;0;0;0;0;0;0;447;0;3;0;134115;0;2;0;0;0;45;0;0;0;0;0;1;0;0;2;0;0;0;0;0;0;0;0;0;0;0;0;0;0;1;25177;0;0;147430;3131;0;0;0;0;0;0;0;0;30;1;0;0;0;0;416652;0;0;0;0;0;22;0;59;0;0;0;0;0;0;0;19774;0;0;183331;0;14665;23702;0;1;9383;0;0;0;0;0;0;0;0;0;0;0;0;0;20035;58;0;1241;0;0;0;0;5828;0;0;0;0;0;0;0;0;0;0;0;0;0;0;0;0;0;0;0;1;0;0;0;0;0;1;0;0;14622;0;0;0;0;0;1;0;1291349;0;0;0;0;0;0;42024325;0;0;0;0;0;2;0;0
0;0;2;0;0;0;0;0;0;0;0;0;0;415969;0;0;0;0;0;6563;0;0;0;11771;2;156;0;14939;0;48;0;0;0;0;0;0;0;447;0;3;0;134196;0;2;0;0;0;45;0;0;0;0;0;1;0;0;2;0;0;0;0;0;0;0;0;0;0;0;0;0;0;1;25177;0;0;147524;3131;0;0;0;0;0;0;0;0;30;1;0;0;0;0;416903;0;0;0;0;0;22;0;59;0;0;0;0;0;0;0;19775;0;0;183331;0;14667;23703;0;1;9383;0;0;0;0;0;0;0;0;0;0;0;0;0;20035;58;0;1242;0;0;0;0;5828;0;0;0;0;0;0;0;0;0;0;0;0;0;0;0;0;0;0;0;1;0;0;0;0;0;1;0;0;14623;0;0;0;0;0;1;0;1292503;0;0;0;0;0;0;43024786;0;0;0;0;0;2;0;0
0;0;2;0;0;0;0;0;0;0;0;0;0;416220;0;0;0;0;0;6563;0;0;0;11771;2;156;0;14939;0;48;0;0;0;0;0;0;0;447;0;3;0;134278;0;2;0;0;0;45;0;0;0;0;0;1;0;0;2;0;0;0;0;0;0;0;0;0;0;0;0;0;0;1;25177;0;0;147618;3131;0;0;0;0;0;0;0;0;30;1;0;0;0;0;417153;0;0;0;0;0;22;0;59;0;0;0;0;0;0;0;19775;0;0;183331;0;14667;23703;0;1;9383;0;0;0;0;0;0;0;0;0;0;0;0;0;20035;58;0;1243;0;0;0;0;5828;0;0;0;0;0;0;0;0;0;0;0;0;0;0;0;0;0;0;0;1;0;0;0;0;0;1;0;0;14623;0;0;0;0;0;1;0;1293654;0;0;0;0;0;0;44025424;0;0;0;0;0;2;0;0
0;0;2;0;0;0;0;0;0;0;0;0;0;416470;0;0;0;0;0;6563;0;0;0;11771;2;156;0;14939;0;48;0;0;0;0;0;0;0;447;0;3;0;134361;0;2;0;0;0;45;0;0;0;0;0;1;0;0;2;0;0;0;0;0;0;0;0;0;0;0;0;0;0;1;25177;0;0;147712;3131;0;0;0;0;0;0;0;0;30;1;0;0;0;0;417404;0;0;0;0;0;22;0;59;0;0;0;0;0;0;0;19776;0;0;183331;0;14668;23704;0;1;9383;0;0;0;0;0;0;0;0;0;0;0;0;0;20035;58;0;1245;0;0;0;0;5828;0;0;0;0;0;0;0;0;0;0;0;0;0;0;0;0;0;0;0;1;0;0;0;0;0;1;0;0;14624;0;0;0;0;0;1;0;1294805;0;0;0;0;0;0;45026429;0;0;0;0;0;2;0;0
0;0;2;0;0;0;0;0;0;0;0;0;0;416720;0;0;0;0;0;6563;0;0;0;11771;2;156;0;14939;0;48;0;0;0;0;0;0;0;447;0;3;0;134440;0;2;0;0;0;45;0;0;0;0;0;1;0;0;2;0;0;0;0;0;0;0;0;0;0;0;0;0;0;1;25177;0;0;147806;3131;0;0;0;0;0;0;0;0;30;1;0;0;0;0;417654;0;0;0;0;0;22;0;59;0;0;0;0;0;0;0;19776;0;0;183331;0;14671;23704;0;1;9383;0;0;0;0;0;0;0;0;0;0;0;0;0;20035;58;0;1245;0;0;0;0;5828;0;0;0;0;0;0;0;0;0;0;0;0;0;0;0;0;0;0;0;1;0;0;0;0;0;1;0;0;14626;0;0;0;0;0;1;0;1295958;0;0;0;0;0;0;46026481;0;0;0;0;0;2;0;0
0;0;2;0;0;0;0;0;0;0;0;0;0;416970;0;0;0;0;0;6563;0;0;0;11771;2;156;0;14939;0;48;0;0;0;0;0;0;0;447;0;3;0;134522;0;2;0;0;0;45;0;0;0;0;0;1;0;0;2;0;0;0;0;0;0;0;0;0;0;0;0;0;0;1;25177;0;0;147901;3131;0;0;0;0;0;0;0;0;30;1;0;0;0;0;417904;0;0;0;0;0;22;0;59;0;0;0;0;0;0;0;19777;0;0;183331;0;14672;23705;0;1;9383;0;0;0;0;0;0;0;0;0;0;0;0;0;20035;58;0;1247;0;0;0;0;5828;0;0;0;0;0;0;0;0;0;0;0;0;0;0;0;0;0;0;0;1;0;0;0;0;0;1;0;0;14627;0;0;0;0;0;1;0;1297109;0;0;0;0;0;0;47027486;0;0;0;0;0;2;0;0
0;0;2;0;0;0;0;0;0;0;0;0;0;417220;0;0;0;0;0;6563;0;0;0;11771;2;156;0;14939;0;48;0;0;0;0;0;0;0;447;0;3;0;134604;0;2;0;0;0;45;0;0;0;0;0;1;0;0;2;0;0;0;0;0;0;0;0;0;0;0;0;0;0;1;25177;0;0;147995;3131;0;0;0;0;0;0;0;0;30;1;0;0;0;0;418154;0;0;0;0;0;22;0;59;0;0;0;0;0;0;0;19777;0;0;183331;0;14672;23705;0;1;9383;0;0;0;0;0;0;0;0;0;0;0;0;0;20035;58;0;1248;0;0;0;0;5828;0;0;0;0;0;0;0;0;0;0;0;0;0;0;0;0;0;0;0;1;0;0;0;0;0;1;0;0;14627;0;0;0;0;0;1;0;1298262;0;0;0;0;0;0;48027533;0;0;0;0;0;2;0;0
0;0;2;0;0;0;0;0;0;0;0;0;0;417470;0;0;0;0;0;6563;0;0;0;11771;2;156;0;14939;0;48;0;0;0;0;0;0;0;447;0;3;0;134686;0;2;0;0;0;45;0;0;0;0;0;1;0;0;2;0;0;0;0;0;0;0;0;0;0;0;0;0;0;1;25177;0;0;148089;3131;0;0;0;0;0;0;0;0;30;1;0;0;0;0;418404;0;0;0;0;0;22;0;59;0;0;0;0;0;0;0;19778;0;0;183331;0;14673;23706;0;1;9383;0;0;0;0;0;0;0;0;0;0;0;0;0;20035;58;0;1249;0;0;0;0;5828;0;0;0;0;0;0;0;0;0;0;0;0;0;0;0;0;0;0;0;1;0;0;0;0;0;1;0;0;14628;0;0;0;0;0;1;0;1299413;0;0;0;0;0;0;49028539;0;0;0;0;0;2;0;0
0;0;2;0;0;0;0;0;0;0;0;0;0;417720;0;0;0;0;0;6563;0;0;0;11771;2;156;0;14939;0;48;0;0;0;0;0;0;0;447;0;3;0;134768;0;2;0;0;0;45;0;0;0;0;0;1;0;0;2;0;0;0;0;0;0;0;0;0;0;0;0;0;0;1;25177;0;0;148183;3131;0;0;0;0;0;0;0;0;30;1;0;0;0;0;418654;0;0;0;0;0;22;0;59;0;0;0;0;0;0;0;19778;0;0;183331;0;14673;23706;0;1;9383;0;0;0;0;0;0;0;0;0;0;0;0;0;20035;58;0;1251;0;0;0;0;5828;0;0;0;0;0;0;0;0;0;0;0;0;0;0;0;0;0;0;0;1;0;0;0;0;0;1;0;0;14628;0;0;0;0;0;1;0;1300567;0;0;0;0;0;0;50028784;0;0;0;0;0;2;0;0
0;0;2;0;0;0;0;0;0;0;0;0;0;417971;0;0;0;0;0;6563;0;0;0;11771;2;156;0;14939;0;48;0;0;0;0;0;0;0;447;0;3;0;134849;0;2;0;0;0;45;0;0;0;0;0;1;0;0;2;0;0;0;0;0;0;0;0;0;0;0;0;0;0;1;25177;0;0;148277;3131;0;0;0;0;0;0;0;0;30;1;0;0;0;0;418905;0;0;0;0;0;22;0;59;0;0;0;0;0;0;0;19779;0;0;183331;0;14674;23707;0;1;9383;0;0;0;0;0;0;0;0;0;0;0;0;0;20035;58;0;1253;0;0;0;0;5828;0;0;0;0;0;0;0;0;0;0;0;0;0;0;0;0;0;0;0;1;0;0;0;0;0;1;0;0;14629;0;0;0;0;0;1;0;1301718;0;0;0;0;0;0;51029640;0;0;0;0;0;2;0;0
0;0;2;0;0;0;0;0;0;0;0;0;0;418221;0;0;0;0;0;6563;0;0;0;11771;2;156;0;14939;0;48;0;0;0;0;0;0;0;447;0;3;0;134931;0;2;0;0;0;45;0;0;0;0;0;1;0;0;2;0;0;0;0;0;0;0;0;0;0;0;0;0;0;1;25177;0;0;148371;3131;0;0;0;0;0;0;0;0;30;1;0;0;0;0;419155;0;0;0;0;0;22;0;59;0;0;0;0;0;0;0;19779;0;0;183331;0;14674;23707;0;1;9383;0;0;0;0;0;0;0;0;0;0;0;0;0;20035;58;0;1254;0;0;0;0;5828;0;0;0;0;0;0;0;0;0;0;0;0;0;0;0;0;0;0;0;1;0;0;0;0;0;1;0;0;14629;0;0;0;0;0;1;0;1302869;0;0;0;0;0;0;52030645;0;0;0;0;0;2;0;0
0;0;2;0;0;0;0;0;0;0;0;0;0;418471;0;0;0;0;0;6563;0;0;0;11771;2;156;0;14939;0;48;0;0;0;0;0;0;0;447;0;3;0;135013;0;2;0;0;0;45;0;0;0;0;0;1;0;0;2;0;0;0;0;0;0;0;0;0;0;0;0;0;0;1;25177;0;0;148465;3131;0;0;0;0;0;0;0;0;30;1;0;0;0;0;419405;0;0;0;0;0;22;0;59;0;0;0;0;0;0;0;19780;0;0;183331;0;14675;23708;0;1;9383;0;0;0;0;0;0;0;0;0;0;0;0;0;20035;58;0;1256;0;0;0;0;5828;0;0;0;0;0;0;0;0;0;0;0;0;0;0;0;0;0;0;0;1;0;0;0;0;0;1;0;0;14630;0;0;0;0;0;1;0;1304022;0;0;0;0;0;0;53030692;0;0;0;0;0;2;0;0
0;0;2;0;0;0;0;0;0;0;0;0;0;418721;0;0;0;0;0;6563;0;0;0;11771;2;156;0;14939;0;48;0;0;0;0;0;0;0;447;0;3;0;135095;0;2;0;0;0;45;0;0;0;0;0;1;0;0;2;0;0;0;0;0;0;0;0;0;0;0;0;0;0;1;25177;0;0;148559;3131;0;0;0;0;0;0;0;0;30;1;0;0;0;0;419655;0;0;0;0;0;22;0;59;0;0;0;0;0;0;0;19780;0;0;183331;0;14675;23708;0;1;9383;0;0;0;0;0;0;0;0;0;0;0;0;0;20035;58;0;1257;0;0;0;0;5828;0;0;0;0;0;0;0;0;0;0;0;0;0;0;0;0;0;0;0;1;0;0;0;0;0;1;0;0;14630;0;0;0;0;0;1;0;1305173;0;0;0;0;0;0;54031698;0;0;0;0;0;2;0;0
0;0;2;0;0;0;0;0;0;0;0;0;0;418971;0;0;0;0;0;6563;0;0;0;11771;2;156;0;14939;0;48;0;0;0;0;0;0;0;447;0;3;0;135176;0;2;0;0;0;45;0;0;0;0;0;1;0;0;2;0;0;0;0;0;0;0;0;0;0;0;0;0;0;1;25177;0;0;148654;3131;0;0;0;0;0;0;0;0;30;1;0;0;0;0;419905;0;0;0;0;0;22;0;59;0;0;0;0;0;0;0;19781;0;0;183331;0;14676;23709;0;1;9383;0;0;0;0;0;0;0;0;0;0;0;0;0;20035;58;0;1258;0;0;0;0;5828;0;0;0;0;0;0;0;0;0;0;0;0;0;0;0;0;0;0;0;1;0;0;0;0;0;1;0;0;14631;0;0;0;0;0;1;0;1306326;0;0;0;0;0;0;55031747;0;0;0;0;0;2;0;0
0;0;2;0;0;0;0;0;0;0;0;0;0;419221;0;0;0;0;0;6563;0;0;0;11771;2;156;0;14939;0;48;0;0;0;0;0;0;0;447;0;3;0;135258;0;2;0;0;0;45;0;0;0;0;0;1;0;0;2;0;0;0;0;0;0;0;0;0;0;0;0;0;0;1;25177;0;0;148748;3131;0;0;0;0;0;0;0;0;30;1;0;0;0;0;420155;0;0;0;0;0;22;0;59;0;0;0;0;0;0;0;19781;0;0;183331;0;14676;23709;0;1;9383;0;0;0;0;0;0;0;0;0;0;0;0;0;20035;58;0;1259;0;0;0;0;5828;0;0;0;0;0;0;0;0;0;0;0;0;0;0;0;0;0;0;0;1;0;0;0;0;0;1;0;0;14631;0;0;0;0;0;1;0;1307478;0;0;0;0;0;0;56032753;0;0;0;0;0;2;0;0
0;0;2;0;0;0;0;0;0;0;0;0;0;419471;0;0;0;0;0;6563;0;0;0;11771;2;156;0;14939;0;48;0;0;0;0;0;0;0;447;0;3;0;135339;0;2;0;0;0;45;0;0;0;0;0;1;0;0;2;0;0;0;0;0;0;0;0;0;0;0;0;0;0;1;25177;0;0;148842;3131;0;0;0;0;0;0;0;0;30;1;0;0;0;0;420405;0;0;0;0;0;22;0;59;0;0;0;0;0;0;0;19782;0;0;183331;0;14677;23710;0;1;9383;0;0;0;0;0;0;0;0;0;0;0;0;0;20035;58;0;1262;0;0;0;0;5828;0;0;0;0;0;0;0;0;0;0;0;0;0;0;0;0;0;0;0;1;0;0;0;0;0;1;0;0;14632;0;0;0;0;0;1;0;1308628;0;0;0;0;0;0;57032784;0;0;0;0;0;2;0;0
0;0;2;0;0;0;0;0;0;0;0;0;0;419722;0;0;0;0;0;6563;0;0;0;11771;2;156;0;14939;0;48;0;0;0;0;0;0;0;447;0;3;0;135421;0;2;0;0;0;45;0;0;0;0;0;1;0;0;2;0;0;0;0;0;0;0;0;0;0;0;0;0;0;1;25177;0;0;148936;3131;0;0;0;0;0;0;0;0;30;1;0;0;0;0;420656;0;0;0;0;0;22;0;59;0;0;0;0;0;0;0;19782;0;0;183331;0;14677;23710;0;1;9383;0;0;0;0;0;0;0;0;0;0;0;0;0;20035;58;0;1263;0;0;0;0;5828;0;0;0;0;0;0;0;0;0;0;0;0;0;0;0;0;0;0;0;1;0;0;0;0;0;1;0;0;14632;0;0;0;0;0;1;0;1309779;0;0;0;0;0;0;58033791;0;0;0;0;0;2;0;0
0;0;2;0;0;0;0;0;0;0;0;0;0;419972;0;0;0;0;0;6563;0;0;0;11771;2;156;0;14939;0;48;0;0;0;0;0;0;0;447;0;3;0;135502;0;2;0;0;0;45;0;0;0;0;0;1;0;0;2;0;0;0;0;0;0;0;0;0;0;0;0;0;0;1;25177;0;0;149030;3131;0;0;0;0;0;0;0;0;30;1;0;0;0;0;420906;0;0;0;0;0;22;0;59;0;0;0;0;0;0;0;19783;0;0;183331;0;14678;23711;0;1;9383;0;0;0;0;0;0;0;0;0;0;0;0;0;20035;58;0;1264;0;0;0;0;5828;0;0;0;0;0;0;0;0;0;0;0;0;0;0;0;0;0;0;0;1;0;0;0;0;0;1;0;0;14633;0;0;0;0;0;1;0;1310932;0;0;0;0;0;0;59033838;0;0;0;0;0;2;0;0
0;0;2;0;0;0;0;0;0;0;0;0;0;420222;0;0;0;0;0;6563;0;0;0;11771;2;156;0;14939;0;48;0;0;0;0;0;0;0;447;0;3;0;135585;0;2;0;0;0;45;0;0;0;0;0;1;0;0;2;0;0;0;0;0;0;0;0;0;0;0;0;0;0;1;25177;0;0;149124;3131;0;0;0;0;0;0;0;0;30;1;0;0;0;0;421156;0;0;0;0;0;22;0;59;0;0;0;0;0;0;0;19783;0;0;183331;0;14678;23711;0;1;9383;0;0;0;0;0;0;0;0;0;0;0;0;0;20035;58;0;1266;0;0;0;0;5828;0;0;0;0;0;0;0;0;0;0;0;0;0;0;0;0;0;0;0;1;0;0;0;0;0;1;0;0;14633;0;0;0;0;0;1;0;1312083;0;0;0;0;0;0;60034846;0;0;0;0;0;2;0;0
0;0;2;0;0;0;0;0;0;0;0;0;0;420472;0;0;0;0;0;6563;0;0;0;11771;2;156;0;14939;0;48;0;0;0;0;0;0;0;447;0;3;0;135666;0;2;0;0;0;45;0;0;0;0;0;1;0;0;2;0;0;0;0;0;0;0;0;0;0;0;0;0;0;1;25177;0;0;149219;3131;0;0;0;0;0;0;0;0;30;1;0;0;0;0;421406;0;0;0;0;0;22;0;59;0;0;0;0;0;0;0;19784;0;0;183331;0;14680;23712;0;1;9383;0;0;0;0;0;0;0;0;0;0;0;0;0;20035;58;0;1266;0;0;0;0;5828;0;0;0;0;0;0;0;0;0;0;0;0;0;0;0;0;0;0;0;1;0;0;0;0;0;1;0;0;14634;0;0;0;0;0;1;0;1313236;0;0;0;0;0;0;61034891;0;0;0;0;0;2;0;0
0;0;2;0;0;0;0;0;0;0;0;0;0;420722;0;0;0;0;0;6563;0;0;0;11771;2;156;0;14939;0;48;0;0;0;0;0;0;0;447;0;3;0;135747;0;2;0;0;0;45;0;0;0;0;0;1;0;0;2;0;0;0;0;0;0;0;0;0;0;0;0;0;0;1;25177;0;0;149313;3131;0;0;0;0;0;0;0;0;30;1;0;0;0;0;421656;0;0;0;0;0;22;0;59;0;0;0;0;0;0;0;19784;0;0;183331;0;14680;23712;0;1;9383;0;0;0;0;0;0;0;0;0;0;0;0;0;20035;58;0;1267;0;0;0;0;5828;0;0;0;0;0;0;0;0;0;0;0;0;0;0;0;0;0;0;0;1;0;0;0;0;0;1;0;0;14634;0;0;0;0;0;1;0;1314387;0;0;0;0;0;0;62035898;0;0;0;0;0;2;0;0
0;0;2;0;0;0;0;0;0;0;0;0;0;420972;0;0;0;0;0;6563;0;0;0;11771;2;156;0;14939;0;48;0;0;0;0;0;0;0;447;0;3;0;135830;0;2;0;0;0;45;0;0;0;0;0;1;0;0;2;0;0;0;0;0;0;0;0;0;0;0;0;0;0;1;25177;0;0;149407;3131;0;0;0;0;0;0;0;0;30;1;0;0;0;0;421906;0;0;0;0;0;22;0;59;0;0;0;0;0;0;0;19785;0;0;183331;0;14681;23713;0;1;9383;0;0;0;0;0;0;0;0;0;0;0;0;0;20035;58;0;1269;0;0;0;0;5828;0;0;0;0;0;0;0;0;0;0;0;0;0;0;0;0;0;0;0;1;0;0;0;0;0;1;0;0;14635;0;0;0;0;0;1;0;1315541;0;0;0;0;0;0;63036784;0;0;0;0;0;2;0;0
0;0;2;0;0;0;0;0;0;0;0;0;0;421222;0;0;0;0;0;6563;0;0;0;11771;2;156;0;14939;0;48;0;0;0;0;0;0;0;447;0;3;0;135912;0;2;0;0;0;45;0;0;0;0;0;1;0;0;2;0;0;0;0;0;0;0;0;0;0;0;0;0;0;1;25177;0;0;149501;3131;0;0;0;0;0;0;0;0;30;1;0;0;0;0;422156;0;0;0;0;0;22;0;59;0;0;0;0;0;0;0;19785;0;0;183331;0;14681;23713;0;1;9383;0;0;0;0;0;0;0;0;0;0;0;0;0;20035;58;0;1269;0;0;0;0;5828;0;0;0;0;0;0;0;0;0;0;0;0;0;0;0;0;0;0;0;1;0;0;0;0;0;1;0;0;14635;0;0;0;0;0;1;0;1316692;0;0;0;0;0;0;64036998;0;0;0;0;0;2;0;0
0;0;2;0;0;0;0;0;0;0;0;0;0;421473;0;0;0;0;0;6563;0;0;0;11771;2;156;0;14939;0;48;0;0;0;0;0;0;0;447;0;3;0;135995;0;2;0;0;0;45;0;0;0;0;0;1;0;0;2;0;0;0;0;0;0;0;0;0;0;0;0;0;0;1;25177;0;0;149596;3131;0;0;0;0;0;0;0;0;30;1;0;0;0;0;422407;0;0;0;0;0;22;0;59;0;0;0;0;0;0;0;19786;0;0;183331;0;14682;23714;0;1;9383;0;0;0;0;0;0;0;0;0;0;0;0;0;20035;58;0;1270;0;0;0;0;5828;0;0;0;0;0;0;0;0;0;0;0;0;0;0;0;0;0;0;0;1;0;0;0;0;0;1;0;0;14636;0;0;0;0;0;1;0;1317843;0;0;0;0;0;0;65038004;0;0;0;0;0;2;0;0
0;0;2;0;0;0;0;0;0;0;0;0;0;421723;0;0;0;0;0;6563;0;0;0;11771;2;156;0;14939;0;48;0;0;0;0;0;0;0;447;0;3;0;136075;0;2;0;0;0;45;0;0;0;0;0;1;0;0;2;0;0;0;0;0;0;0;0;0;0;0;0;0;0;1;25177;0;0;149690;3131;0;0;0;0;0;0;0;0;30;1;0;0;0;0;422657;0;0;0;0;0;22;0;59;0;0;0;0;0;0;0;19786;0;0;183331;0;14682;23714;0;1;9383;0;0;0;0;0;0;0;0;0;0;0;0;0;20036;58;0;1272;0;0;0;0;5828;0;0;0;0;0;0;0;0;0;0;0;0;0;0;0;0;0;0;0;1;0;0;0;0;0;1;0;0;14636;0;0;0;0;0;1;0;1318996;0;0;0;0;0;0;66038053;0;0;0;0;0;2;0;0
0;0;2;0;0;0;0;0;0;0;0;0;0;421973;0;0;0;0;0;6563;0;0;0;11771;2;156;0;14939;0;48;0;0;0;0;0;0;0;447;0;3;0;136157;0;2;0;0;0;45;0;0;0;0;0;1;0;0;2;0;0;0;0;0;0;0;0;0;0;0;0;0;0;1;25177;0;0;149784;3131;0;0;0;0;0;0;0;0;30;1;0;0;0;0;422907;0;0;0;0;0;22;0;59;0;0;0;0;0;0;0;19787;0;0;183331;0;14683;23715;0;1;9383;0;0;0;0;0;0;0;0;0;0;0;0;0;20036;58;0;1273;0;0;0;0;5828;0;0;0;0;0;0;0;0;0;0;0;0;0;0;0;0;0;0;0;1;0;0;0;0;0;1;0;0;14637;0;0;0;0;0;1;0;1320147;0;0;0;0;0;0;67039058;0;0;0;0;0;2;0;0
0;0;2;0;0;0;0;0;0;0;0;0;0;422223;0;0;0;0;0;6563;0;0;0;11771;2;156;0;14939;0;48;0;0;0;0;0;0;0;447;0;3;0;136240;0;2;0;0;0;45;0;0;0;0;0;1;0;0;2;0;0;0;0;0;0;0;0;0;0;0;0;0;0;1;25177;0;0;149878;3131;0;0;0;0;0;0;0;0;30;1;0;0;0;0;423157;0;0;0;0;0;22;0;59;0;0;0;0;0;0;0;19787;0;0;183331;0;14683;23715;0;1;9383;0;0;0;0;0;0;0;0;0;0;0;0;0;20036;58;0;1274;0;0;0;0;5828;0;0;0;0;0;0;0;0;0;0;0;0;0;0;0;0;0;0;0;1;0;0;0;0;0;1;0;0;14637;0;0;0;0;0;1;0;1321300;0;0;0;0;0;0;68039105;0;0;0;0;0;2;0;0
0;0;2;0;0;0;0;0;0;0;0;0;0;422473;0;0;0;0;0;6563;0;0;0;11771;2;156;0;14939;0;48;0;0;0;0;0;0;0;447;0;3;0;136321;0;2;0;0;0;45;0;0;0;0;0;1;0;0;2;0;0;0;0;0;0;0;0;0;0;0;0;0;0;1;25177;0;0;149972;3131;0;0;0;0;0;0;0;0;30;1;0;0;0;0;423407;0;0;0;0;0;22;0;59;0;0;0;0;0;0;0;19788;0;0;183331;0;14684;23716;0;1;9383;0;0;0;0;0;0;0;0;0;0;0;0;0;20036;58;0;1276;0;0;0;0;5828;0;0;0;0;0;0;0;0;0;0;0;0;0;0;0;0;0;0;0;1;0;0;0;0;0;1;0;0;14638;0;0;0;0;0;1;0;1322451;0;0;0;0;0;0;69040112;0;0;0;0;0;2;0;0
0;0;2;0;0;0;0;0;0;0;0;0;0;422723;0;0;0;0;0;6563;0;0;0;11771;2;156;0;14939;0;48;0;0;0;0;0;0;0;447;0;3;0;136403;0;2;0;0;0;45;0;0;0;0;0;1;0;0;2;0;0;0;0;0;0;0;0;0;0;0;0;0;0;1;25177;0;0;150066;3131;0;0;0;0;0;0;0;0;30;1;0;0;0;0;423657;0;0;0;0;0;22;0;59;0;0;0;0;0;0;0;19788;0;0;183331;0;14684;23716;0;1;9383;0;0;0;0;0;0;0;0;0;0;0;0;0;20036;58;0;1276;0;0;0;0;5828;0;0;0;0;0;0;0;0;0;0;0;0;0;0;0;0;0;0;0;1;0;0;0;0;0;1;0;0;14638;0;0;0;0;0;1;0;1323605;0;0;0;0;0;0;70040784;0;0;0;0;0;2;0;0
0;0;2;0;0;0;0;0;0;0;0;0;0;422974;0;0;0;0;0;6563;0;0;0;11771;2;156;0;14939;0;48;0;0;0;0;0;0;0;447;0;3;0;136485;0;2;0;0;0;45;0;0;0;0;0;1;0;0;2;0;0;0;0;0;0;0;0;0;0;0;0;0;0;1;25177;0;0;150161;3131;0;0;0;0;0;0;0;0;30;1;0;0;0;0;423907;0;0;0;0;0;22;0;59;0;0;0;0;0;0;0;19789;0;0;183331;0;14685;23717;0;1;9383;0;0;0;0;0;0;0;0;0;0;0;0;0;20036;58;0;1279;0;0;0;0;5828;0;0;0;0;0;0;0;0;0;0;0;0;0;0;0;0;0;0;0;1;0;0;0;0;0;1;0;0;14639;0;0;0;0;0;1;0;1324756;0;0;0;0;0;0;71041210;0;0;0;0;0;2;0;0
0;0;2;0;0;0;0;0;0;0;0;0;0;423224;0;0;0;0;0;6563;0;0;0;11771;2;156;0;14939;0;48;0;0;0;0;0;0;0;447;0;3;0;136565;0;2;0;0;0;45;0;0;0;0;0;1;0;0;2;0;0;0;0;0;0;0;0;0;0;0;0;0;0;1;25177;0;0;150255;3131;0;0;0;0;0;0;0;0;30;1;0;0;0;0;424158;0;0;0;0;0;22;0;59;0;0;0;0;0;0;0;19789;0;0;183331;0;14685;23717;0;1;9383;0;0;0;0;0;0;0;0;0;0;0;0;0;20037;58;0;1281;0;0;0;0;5828;0;0;0;0;0;0;0;0;0;0;0;0;0;0;0;0;0;0;0;1;0;0;0;0;0;1;0;0;14639;0;0;0;0;0;1;0;1325907;0;0;0;0;0;0;72042216;0;0;0;0;0;2;0;0
0;0;2;0;0;0;0;0;0;0;0;0;0;423474;0;0;0;0;0;6563;0;0;0;11771;2;156;0;14939;0;48;0;0;0;0;0;0;0;447;0;3;0;136648;0;2;0;0;0;45;0;0;0;0;0;1;0;0;2;0;0;0;0;0;0;0;0;0;0;0;0;0;0;1;25177;0;0;150349;3131;0;0;0;0;0;0;0;0;30;1;0;0;0;0;424408;0;0;0;0;0;22;0;59;0;0;0;0;0;0;0;19790;0;0;183331;0;14686;23718;0;1;9383;0;0;0;0;0;0;0;0;0;0;0;0;0;20037;58;0;1282;0;0;0;0;5828;0;0;0;0;0;0;0;0;0;0;0;0;0;0;0;0;0;0;0;1;0;0;0;0;0;1;0;0;14640;0;0;0;0;0;1;0;1327060;0;0;0;0;0;0;73042265;0;0;0;0;0;2;0;0
0;0;2;0;0;0;0;0;0;0;0;0;0;423724;0;0;0;0;0;6563;0;0;0;11771;2;156;0;14939;0;48;0;0;0;0;0;0;0;447;0;3;0;136730;0;2;0;0;0;45;0;0;0;0;0;1;0;0;2;0;0;0;0;0;0;0;0;0;0;0;0;0;0;1;25177;0;0;150443;3131;0;0;0;0;0;0;0;0;30;1;0;0;0;0;424658;0;0;0;0;0;22;0;59;0;0;0;0;0;0;0;19790;0;0;183331;0;14686;23718;0;1;9383;0;0;0;0;0;0;0;0;0;0;0;0;0;20037;58;0;1283;0;0;0;0;5828;0;0;0;0;0;0;0;0;0;0;0;0;0;0;0;0;0;0;0;1;0;0;0;0;0;1;0;0;14640;0;0;0;0;0;1;0;1328211;0;0;0;0;0;0;74043271;0;0;0;0;0;2;0;0
0;0;2;0;0;0;0;0;0;0;0;0;0;423974;0;0;0;0;0;6563;0;0;0;11771;2;156;0;14939;0;48;0;0;0;0;0;0;0;447;0;3;0;136812;0;2;0;0;0;45;0;0;0;0;0;1;0;0;2;0;0;0;0;0;0;0;0;0;0;0;0;0;0;1;25177;0;0;150537;3131;0;0;0;0;0;0;0;0;30;1;0;0;0;0;424908;0;0;0;0;0;22;0;59;0;0;0;0;0;0;0;19791;0;0;183331;0;14687;23719;0;1;9383;0;0;0;0;0;0;0;0;0;0;0;0;0;20037;58;0;1285;0;0;0;0;5828;0;0;0;0;0;0;0;0;0;0;0;0;0;0;0;0;0;0;0;1;0;0;0;0;0;1;0;0;14641;0;0;0;0;0;1;0;1329364;0;0;0;0;0;0;75043318;0;0;0;0;0;2;0;0
0;0;2;0;0;0;0;0;0;0;0;0;0;424224;0;0;0;0;0;6563;0;0;0;11771;2;156;0;14939;0;48;0;0;0;0;0;0;0;447;0;3;0;136893;0;2;0;0;0;45;0;0;0;0;0;1;0;0;2;0;0;0;0;0;0;0;0;0;0;0;0;0;0;1;25177;0;0;150631;3131;0;0;0;0;0;0;0;0;30;1;0;0;0;0;425158;0;0;0;0;0;22;0;59;0;0;0;0;0;0;0;19791;0;0;183331;0;14687;23719;0;1;9383;0;0;0;0;0;0;0;0;0;0;0;0;0;20037;58;0;1286;0;0;0;0;5828;0;0;0;0;0;0;0;0;0;0;0;0;0;0;0;0;0;0;0;1;0;0;0;0;0;1;0;0;14641;0;0;0;0;0;1;0;1330515;0;0;0;0;0;0;76044324;0;0;0;0;0;2;0;0
0;0;2;0;0;0;0;0;0;0;0;0;0;424474;0;0;0;0;0;6563;0;0;0;11771;2;156;0;14939;0;48;0;0;0;0;0;0;0;447;0;3;0;136974;0;2;0;0;0;45;0;0;0;0;0;1;0;0;2;0;0;0;0;0;0;0;0;0;0;0;0;0;0;1;25177;0;0;150726;3131;0;0;0;0;0;0;0;0;30;1;0;0;0;0;425408;0;0;0;0;0;22;0;59;0;0;0;0;0;0;0;19795;0;0;183331;0;14688;23720;0;1;9383;0;0;0;0;0;0;0;0;0;0;0;0;0;20037;58;0;1287;0;0;0;0;5828;0;0;0;0;0;0;0;0;0;0;0;0;0;0;0;0;0;0;0;1;0;0;0;0;0;1;0;0;14642;0;0;0;0;0;1;0;1331674;0;0;0;0;0;0;77044801;0;0;0;0;0;2;0;0
