91_IR-PCI-MSI_2097155-edge_eno7-TxRx-3_CPU2;PMI_Performance_monitoring_interrupts_CPU0;NPI_Nested_posted-interrupt_event_CPU0;50_IR-PCI-MSI_2097152-edge_eno7-TxRx-0_CPU0;THR_Threshold_APIC_interrupts_CPU1;27_IR-PCI-MSI_524288-edge_nvme0q0_CPU2;28_IR-PCI-MSI_3670016-edge_eno1_CPU3;MCP_Machine_check_polls_CPU1;THR_Threshold_APIC_interrupts_CPU3;36_IR-PCI-MSI_524292-edge_nvme0q4_CPU1;29_IR-PCI-MSI_3670017-edge_eno1-TxRx-0_CPU2;96_IR-PCI-MSI_2099201-edge_eno8-TxRx-1_CPU1;30_IR-PCI-MSI_3670018-edge_eno1-TxRx-1_CPU2;52_IR-PCI-MSI_2097154-edge_eno7-TxRx-2_CPU1;LOC_Local_timer_interrupts_CPU2;96_IR-PCI-MSI_2099201-edge_eno8-TxRx-1_CPU0;HVS_Hyper-V_stimer0_interrupts_CPU0;47_IR-PCI-MSI_327680-edge_xhci_hcd_CPU1;DFR_Deferred_Error_APIC_interrupts_CPU0;51_IR-PCI-MSI_2097153-edge_eno7-TxRx-1_CPU3;MCE_Machine_check_exceptions_CPU1;PMI_Performance_monitoring_interrupts_CPU1;18_IR-IO-APIC_18-fasteoi_ehci_hcd:usb1,_ehci_hcd:usb4,_i801_smbus_CPU3;95_IR-PCI-MSI_2099200-edge_eno8-TxRx-0_CPU0;63_IR-PCI-MSI_512000-edge_ahci[0000:00:1f.2]_CPU0;TLB_TLB_shootdowns_CPU3;27_IR-PCI-MSI_524288-edge_nvme0q0_CPU3;THR_Threshold_APIC_interrupts_CPU2;37_IR-PCI-MSI_524293-edge_nvme0q5_CPU2;9_IR-IO-APIC_9-fasteoi_acpi_CPU0;30_IR-PCI-MSI_3670018-edge_eno1-TxRx-1_CPU0;92_IR-PCI-MSI_2097156-edge_eno7_CPU0;RTR_APIC_ICR_read_retries_CPU0;47_IR-PCI-MSI_327680-edge_xhci_hcd_CPU3;NPI_Nested_posted-interrupt_event_CPU2;96_IR-PCI-MSI_2099201-edge_eno8-TxRx-1_CPU2;41_IR-PCI-MSI_1576960-edge_ioat-msix_CPU0;25_IR-PCI-MSI_1572864-edge_ioat-msix_CPU0;63_IR-PCI-MSI_512000-edge_ahci[0000:00:1f.2]_CPU1;97_IR-PCI-MSI_2099202-edge_eno8-TxRx-2_CPU0;DFR_Deferred_Error_APIC_interrupts_CPU1;HRE_Hyper-V_reenlightenment_interrupts_CPU2;98_IR-PCI-MSI_2099203-edge_eno8-TxRx-3_CPU0;HYP_Hypervisor_callback_interrupts_CPU3;38_IR-PCI-MSI_524294-edge_nvme0q6_CPU1;41_IR-PCI-MSI_1576960-edge_ioat-msix_CPU1;HYP_Hypervisor_callback_interrupts_CPU0;27_IR-PCI-MSI_524288-edge_nvme0q0_CPU1;63_IR-PCI-MSI_512000-edge_ahci[0000:00:1f.2]_CPU2;LOC_Local_timer_interrupts_CPU1;35_IR-PCI-MSI_524291-edge_nvme0q3_CPU2;97_IR-PCI-MSI_2099202-edge_eno8-TxRx-2_CPU3;9_IR-IO-APIC_9-fasteoi_acpi_CPU1;32_IR-PCI-MSI_3670020-edge_eno1-TxRx-3_CPU3;NMI_Non-maskable_interrupts_CPU0;PIN_Posted-interrupt_notification_event_CPU2;PMI_Performance_monitoring_interrupts_CPU3;TRM_Thermal_event_interrupts_CPU3;PIN_Posted-interrupt_notification_event_CPU0;40_IR-PCI-MSI_524296-edge_nvme0q8_CPU0;95_IR-PCI-MSI_2099200-edge_eno8-TxRx-0_CPU2;NPI_Nested_posted-interrupt_event_CPU3;SPU_Spurious_interrupts_CPU3;39_IR-PCI-MSI_524295-edge_nvme0q7_CPU1;33_IR-PCI-MSI_524289-edge_nvme0q1_CPU0;IWI_IRQ_work_interrupts_CPU3;HVS_Hyper-V_stimer0_interrupts_CPU1;PIW_Posted-interrupt_wakeup_event_CPU2;18_IR-IO-APIC_18-fasteoi_ehci_hcd:usb1,_ehci_hcd:usb4,_i801_smbus_CPU1;51_IR-PCI-MSI_2097153-edge_eno7-TxRx-1_CPU0;98_IR-PCI-MSI_2099203-edge_eno8-TxRx-3_CPU2;CAL_Function_call_interrupts_CPU0;32_IR-PCI-MSI_3670020-edge_eno1-TxRx-3_CPU1;TRM_Thermal_event_interrupts_CPU2;28_IR-PCI-MSI_3670016-edge_eno1_CPU0;THR_Threshold_APIC_interrupts_CPU0;49_IR-PCI-MSI_2361344-edge_vfio-msix[0](0000:04:10.1)_CPU0;26_IR-PCI-MSI_1574912-edge_ioat-msix_CPU2;48_IR-PCI-MSI_2359296-edge_vfio-msix[0](0000:04:10.0)_CPU3;37_IR-PCI-MSI_524293-edge_nvme0q5_CPU0;52_IR-PCI-MSI_2097154-edge_eno7-TxRx-2_CPU3;38_IR-PCI-MSI_524294-edge_nvme0q6_CPU2;33_IR-PCI-MSI_524289-edge_nvme0q1_CPU3;26_IR-PCI-MSI_1574912-edge_ioat-msix_CPU1;91_IR-PCI-MSI_2097155-edge_eno7-TxRx-3_CPU0;MCP_Machine_check_polls_CPU2;MCE_Machine_check_exceptions_CPU2;26_IR-PCI-MSI_1574912-edge_ioat-msix_CPU3;IWI_IRQ_work_interrupts_CPU0;97_IR-PCI-MSI_2099202-edge_eno8-TxRx-2_CPU1;CAL_Function_call_interrupts_CPU1;37_IR-PCI-MSI_524293-edge_nvme0q5_CPU1;29_IR-PCI-MSI_3670017-edge_eno1-TxRx-0_CPU0;28_IR-PCI-MSI_3670016-edge_eno1_CPU1;49_IR-PCI-MSI_2361344-edge_vfio-msix[0](0000:04:10.1)_CPU1;MCP_Machine_check_polls_CPU0;25_IR-PCI-MSI_1572864-edge_ioat-msix_CPU1;92_IR-PCI-MSI_2097156-edge_eno7_CPU3;47_IR-PCI-MSI_327680-edge_xhci_hcd_CPU0;PMI_Performance_monitoring_interrupts_CPU2;33_IR-PCI-MSI_524289-edge_nvme0q1_CPU1;TRM_Thermal_event_interrupts_CPU1;26_IR-PCI-MSI_1574912-edge_ioat-msix_CPU0;34_IR-PCI-MSI_524290-edge_nvme0q2_CPU1;SPU_Spurious_interrupts_CPU0;48_IR-PCI-MSI_2359296-edge_vfio-msix[0](0000:04:10.0)_CPU0;RTR_APIC_ICR_read_retries_CPU2;91_IR-PCI-MSI_2097155-edge_eno7-TxRx-3_CPU1;LOC_Local_timer_interrupts_CPU3;PIN_Posted-interrupt_notification_event_CPU1;8_IR-IO-APIC_8-edge_rtc0_CPU3;PIW_Posted-interrupt_wakeup_event_CPU1;4_IR-IO-APIC_4-edge_ttyS0_CPU0;52_IR-PCI-MSI_2097154-edge_eno7-TxRx-2_CPU2;25_IR-PCI-MSI_1572864-edge_ioat-msix_CPU3;HRE_Hyper-V_reenlightenment_interrupts_CPU1;99_IR-PCI-MSI_2099204-edge_eno8_CPU2;9_IR-IO-APIC_9-fasteoi_acpi_CPU3;RTR_APIC_ICR_read_retries_CPU1;95_IR-PCI-MSI_2099200-edge_eno8-TxRx-0_CPU3;HRE_Hyper-V_reenlightenment_interrupts_CPU0;92_IR-PCI-MSI_2097156-edge_eno7_CPU1;CAL_Function_call_interrupts_CPU2;28_IR-PCI-MSI_3670016-edge_eno1_CPU2;40_IR-PCI-MSI_524296-edge_nvme0q8_CPU2;40_IR-PCI-MSI_524296-edge_nvme0q8_CPU1;39_IR-PCI-MSI_524295-edge_nvme0q7_CPU2;49_IR-PCI-MSI_2361344-edge_vfio-msix[0](0000:04:10.1)_CPU3;TRM_Thermal_event_interrupts_CPU0;24_DMAR-MSI_0-edge_dmar0_CPU0;29_IR-PCI-MSI_3670017-edge_eno1-TxRx-0_CPU3;HVS_Hyper-V_stimer0_interrupts_CPU3;37_IR-PCI-MSI_524293-edge_nvme0q5_CPU3;RES_Rescheduling_interrupts_CPU2;8_IR-IO-APIC_8-edge_rtc0_CPU2;PIW_Posted-interrupt_wakeup_event_CPU3;31_IR-PCI-MSI_3670019-edge_eno1-TxRx-2_CPU0;91_IR-PCI-MSI_2097155-edge_eno7-TxRx-3_CPU3;33_IR-PCI-MSI_524289-edge_nvme0q1_CPU2;24_DMAR-MSI_0-edge_dmar0_CPU2;36_IR-PCI-MSI_524292-edge_nvme0q4_CPU0;DFR_Deferred_Error_APIC_interrupts_CPU3;timestamp_us;48_IR-PCI-MSI_2359296-edge_vfio-msix[0](0000:04:10.0)_CPU1;53_IR-PCI-MSI_1579008-edge_ioat-msix_CPU2;30_IR-PCI-MSI_3670018-edge_eno1-TxRx-1_CPU3;31_IR-PCI-MSI_3670019-edge_eno1-TxRx-2_CPU2;36_IR-PCI-MSI_524292-edge_nvme0q4_CPU2;NMI_Non-maskable_interrupts_CPU1;TLB_TLB_shootdowns_CPU1;50_IR-PCI-MSI_2097152-edge_eno7-TxRx-0_CPU2;LOC_Local_timer_interrupts_CPU0;50_IR-PCI-MSI_2097152-edge_eno7-TxRx-0_CPU1;34_IR-PCI-MSI_524290-edge_nvme0q2_CPU3;48_IR-PCI-MSI_2359296-edge_vfio-msix[0](0000:04:10.0)_CPU2;53_IR-PCI-MSI_1579008-edge_ioat-msix_CPU0;HRE_Hyper-V_reenlightenment_interrupts_CPU3;53_IR-PCI-MSI_1579008-edge_ioat-msix_CPU3;RTR_APIC_ICR_read_retries_CPU3;27_IR-PCI-MSI_524288-edge_nvme0q0_CPU0;4_IR-IO-APIC_4-edge_ttyS0_CPU1;SPU_Spurious_interrupts_CPU1;34_IR-PCI-MSI_524290-edge_nvme0q2_CPU0;4_IR-IO-APIC_4-edge_ttyS0_CPU3;63_IR-PCI-MSI_512000-edge_ahci[0000:00:1f.2]_CPU3;9_IR-IO-APIC_9-fasteoi_acpi_CPU2;IWI_IRQ_work_interrupts_CPU2;31_IR-PCI-MSI_3670019-edge_eno1-TxRx-2_CPU3;98_IR-PCI-MSI_2099203-edge_eno8-TxRx-3_CPU1;24_DMAR-MSI_0-edge_dmar0_CPU3;HVS_Hyper-V_stimer0_interrupts_CPU2;DFR_Deferred_Error_APIC_interrupts_CPU2;MCP_Machine_check_polls_CPU3;ERR_CPU0;38_IR-PCI-MSI_524294-edge_nvme0q6_CPU0;99_IR-PCI-MSI_2099204-edge_eno8_CPU1;32_IR-PCI-MSI_3670020-edge_eno1-TxRx-3_CPU2;51_IR-PCI-MSI_2097153-edge_eno7-TxRx-1_CPU2;HYP_Hypervisor_callback_interrupts_CPU2;4_IR-IO-APIC_4-edge_ttyS0_CPU2;24_DMAR-MSI_0-edge_dmar0_CPU1;29_IR-PCI-MSI_3670017-edge_eno1-TxRx-0_CPU1;36_IR-PCI-MSI_524292-edge_nvme0q4_CPU3;RES_Rescheduling_interrupts_CPU0;38_IR-PCI-MSI_524294-edge_nvme0q6_CPU3;PIW_Posted-interrupt_wakeup_event_CPU0;RES_Rescheduling_interrupts_CPU1;NMI_Non-maskable_interrupts_CPU2;34_IR-PCI-MSI_524290-edge_nvme0q2_CPU2;41_IR-PCI-MSI_1576960-edge_ioat-msix_CPU2;99_IR-PCI-MSI_2099204-edge_eno8_CPU0;51_IR-PCI-MSI_2097153-edge_eno7-TxRx-1_CPU1;HYP_Hypervisor_callback_interrupts_CPU1;30_IR-PCI-MSI_3670018-edge_eno1-TxRx-1_CPU1;18_IR-IO-APIC_18-fasteoi_ehci_hcd:usb1,_ehci_hcd:usb4,_i801_smbus_CPU2;MIS_CPU0;IWI_IRQ_work_interrupts_CPU1;8_IR-IO-APIC_8-edge_rtc0_CPU0;32_IR-PCI-MSI_3670020-edge_eno1-TxRx-3_CPU0;RES_Rescheduling_interrupts_CPU3;18_IR-IO-APIC_18-fasteoi_ehci_hcd:usb1,_ehci_hcd:usb4,_i801_smbus_CPU0;39_IR-PCI-MSI_524295-edge_nvme0q7_CPU3;53_IR-PCI-MSI_1579008-edge_ioat-msix_CPU1;98_IR-PCI-MSI_2099203-edge_eno8-TxRx-3_CPU3;99_IR-PCI-MSI_2099204-edge_eno8_CPU3;47_IR-PCI-MSI_327680-edge_xhci_hcd_CPU2;CAL_Function_call_interrupts_CPU3;NMI_Non-maskable_interrupts_CPU3;92_IR-PCI-MSI_2097156-edge_eno7_CPU2;TLB_TLB_shootdowns_CPU2;NPI_Nested_posted-interrupt_event_CPU1;35_IR-PCI-MSI_524291-edge_nvme0q3_CPU1;35_IR-PCI-MSI_524291-edge_nvme0q3_CPU3;39_IR-PCI-MSI_524295-edge_nvme0q7_CPU0;25_IR-PCI-MSI_1572864-edge_ioat-msix_CPU2;SPU_Spurious_interrupts_CPU2;8_IR-IO-APIC_8-edge_rtc0_CPU1;52_IR-PCI-MSI_2097154-edge_eno7-TxRx-2_CPU0;MCE_Machine_check_exceptions_CPU3;41_IR-PCI-MSI_1576960-edge_ioat-msix_CPU3;40_IR-PCI-MSI_524296-edge_nvme0q8_CPU3;MCE_Machine_check_exceptions_CPU0;31_IR-PCI-MSI_3670019-edge_eno1-TxRx-2_CPU1;95_IR-PCI-MSI_2099200-edge_eno8-TxRx-0_CPU1;50_IR-PCI-MSI_2097152-edge_eno7-TxRx-0_CPU3;49_IR-PCI-MSI_2361344-edge_vfio-msix[0](0000:04:10.1)_CPU2;PIN_Posted-interrupt_notification_event_CPU3;35_IR-PCI-MSI_524291-edge_nvme0q3_CPU0;TLB_TLB_shootdowns_CPU0;97_IR-PCI-MSI_2099202-edge_eno8-TxRx-2_CPU2;96_IR-PCI-MSI_2099201-edge_eno8-TxRx-1_CPU3
0;0;0;1733;0;0;0;1;0;0;0;0;0;0;49984;1752;0;0;0;0;0;0;0;1752;0;103;0;0;0;1;40116;126;3;0;0;0;2;2;0;1752;0;0;1752;0;0;0;0;0;0;48438;0;0;0;0;0;14;0;0;0;0;0;0;0;0;50;26;0;0;0;1733;0;41;0;0;1;0;0;0;0;0;0;0;0;0;1733;1;0;0;199324;0;88743;0;25779;0;0;1;0;0;150;0;0;0;2;0;0;0;0;0;49980;2;0;0;446;0;0;0;0;0;0;0;0;0;12056;0;0;0;0;0;0;0;0;0;0;25;0;0;34685;0;0;0;0;0;74;0;0;0;0;0;0;0;0;779454;0;0;0;2;0;0;0;22;0;0;0;0;0;0;29;0;0;0;0;0;1;0;0;0;0;0;0;0;0;0;0;41;0;0;77249;0;0;0;117;0;0;0;0;0;226618;1;54648;20;66;0;0;0;0;0;12052;0;0;103;0;0;0;0;0;0;0;1733;0;0;0;0;0;0;0;0;3;0;0;0;0
0;0;0;1733;0;0;0;1;0;0;0;0;0;0;49984;1753;0;0;0;0;0;0;0;1753;0;103;0;0;0;1;40117;126;3;0;0;0;2;2;0;1753;0;0;1753;0;0;0;0;0;0;48441;0;0;0;0;0;14;0;0;0;0;0;0;0;0;50;26;0;0;0;1733;0;41;0;0;1;0;0;0;0;0;0;0;0;0;1733;1;0;0;199388;0;88744;0;25780;0;0;1;0;0;150;0;0;0;2;0;0;0;0;0;49980;2;0;0;446;0;0;0;0;0;0;0;0;0;12056;0;0;0;0;0;0;0;0;0;0;25;0;0;34686;0;0;0;0;0;1001728;0;0;0;0;0;0;0;0;779706;0;0;0;2;0;0;0;22;0;0;0;0;0;0;29;0;0;0;0;0;1;0;0;0;0;0;0;0;0;0;0;41;0;0;77250;0;0;0;117;0;0;0;0;0;226621;1;54649;20;66;0;0;0;0;0;12052;0;0;103;0;0;0;0;0;0;0;1733;0;0;0;0;0;0;0;0;3;0;0;0;0
0;0;0;1734;0;0;0;1;0;0;0;0;0;0;49984;1753;0;0;0;0;0;0;0;1753;0;103;0;0;0;1;40117;126;3;0;0;0;2;2;0;1753;0;0;1753;0;0;0;0;0;0;48443;0;0;0;0;0;14;0;0;0;0;0;0;0;0;50;26;0;0;0;1734;0;41;0;0;1;0;0;0;0;0;0;0;0;0;1734;1;0;0;199451;0;88745;0;25780;0;0;1;0;0;150;0;0;0;2;0;0;0;0;0;49980;2;0;0;446;0;0;0;0;0;0;0;0;0;12056;0;0;0;0;0;0;0;0;0;0;25;0;0;34686;0;0;0;0;0;2002750;0;0;0;0;0;0;0;0;779959;0;0;0;2;0;0;0;22;0;0;0;0;0;0;29;0;0;0;0;0;1;0;0;0;0;0;0;0;0;0;0;41;0;0;77251;0;0;0;117;0;0;0;0;0;226623;1;54649;20;66;0;0;0;0;0;12052;0;0;103;0;0;0;0;0;0;0;1734;0;0;0;0;0;0;0;0;3;0;0;0;0
0;0;0;1734;0;0;0;1;0;0;0;0;0;0;49984;1754;0;0;0;0;0;0;0;1754;0;103;0;0;0;1;40118;126;3;0;0;0;2;2;0;1754;0;0;1754;0;0;0;0;0;0;48445;0;0;0;0;0;14;0;0;0;0;0;0;0;0;50;26;0;0;0;1734;0;41;0;0;1;0;0;0;0;0;0;0;0;0;1734;1;0;0;199519;0;88746;0;25784;0;0;1;0;0;150;0;0;0;2;0;0;0;0;0;49980;2;0;0;446;0;0;0;0;0;0;0;0;0;12056;0;0;0;0;0;0;0;0;0;0;25;0;0;34693;0;0;0;0;0;3003766;0;0;0;0;0;0;0;0;780213;0;0;0;2;0;0;0;22;0;0;0;0;0;0;29;0;0;0;0;0;1;0;0;0;0;0;0;0;0;0;0;41;0;0;77252;0;0;0;117;0;0;0;0;0;226626;1;54650;20;66;0;0;0;0;0;12052;0;0;103;0;0;0;0;0;0;0;1734;0;0;0;0;0;0;0;0;3;0;0;0;0
0;0;0;1735;0;0;0;1;0;0;0;0;0;0;49984;1754;0;0;0;0;0;0;0;1754;0;103;0;0;0;1;40118;126;3;0;0;0;2;2;0;1754;0;0;1754;0;0;0;0;0;0;48447;0;0;0;0;0;14;0;0;0;0;0;0;0;0;50;26;0;0;0;1735;0;41;0;0;1;0;0;0;0;0;0;0;0;0;1735;1;0;0;199584;0;88747;0;25784;0;0;1;0;0;150;0;0;0;2;0;0;0;0;0;49980;2;0;0;446;0;0;0;0;0;0;0;0;0;12056;0;0;0;0;0;0;0;0;0;0;25;0;0;34693;0;0;0;0;0;4004773;0;0;0;0;0;0;0;0;780466;0;0;0;2;0;0;0;22;0;0;0;0;0;0;29;0;0;0;0;0;1;0;0;0;0;0;0;0;0;0;0;41;0;0;77253;0;0;0;117;0;0;0;0;0;226628;1;54650;20;66;0;0;0;0;0;12052;0;0;103;0;0;0;0;0;0;0;1735;0;0;0;0;0;0;0;0;3;0;0;0;0
0;0;0;1735;0;0;0;1;0;0;0;0;0;0;49984;1755;0;0;0;0;0;0;0;1755;0;103;0;0;0;1;40119;126;3;0;0;0;2;2;0;1755;0;0;1755;0;0;0;0;0;0;48450;0;0;0;0;0;14;0;0;0;0;0;0;0;0;50;26;0;0;0;1735;0;41;0;0;1;0;0;0;0;0;0;0;0;0;1735;1;0;0;199648;0;88748;0;25785;0;0;1;0;0;150;0;0;0;2;0;0;0;0;0;49980;2;0;0;446;0;0;0;0;0;0;0;0;0;12056;0;0;0;0;0;0;0;0;0;0;25;0;0;34694;0;0;0;0;0;5005717;0;0;0;0;0;0;0;0;780718;0;0;0;2;0;0;0;22;0;0;0;0;0;0;29;0;0;0;0;0;1;0;0;0;0;0;0;0;0;0;0;41;0;0;77254;0;0;0;117;0;0;0;0;0;226631;1;54651;20;66;0;0;0;0;0;12052;0;0;103;0;0;0;0;0;0;0;1735;0;0;0;0;0;0;0;0;3;0;0;0;0
0;0;0;1736;0;0;0;1;0;0;0;0;0;0;49984;1755;0;0;0;0;0;0;0;1755;0;103;0;0;0;1;40119;126;3;0;0;0;2;2;0;1755;0;0;1755;0;0;0;0;0;0;48452;0;0;0;0;0;14;0;0;0;0;0;0;0;0;50;26;0;0;0;1736;0;41;0;0;1;0;0;0;0;0;0;0;0;0;1736;1;0;0;199713;0;88749;0;25785;0;0;1;0;0;150;0;0;0;2;0;0;0;0;0;49980;2;0;0;446;0;0;0;0;0;0;0;0;0;12056;0;0;0;0;0;0;0;0;0;0;25;0;0;34694;0;0;0;0;0;6006734;0;0;0;0;0;0;0;0;780970;0;0;0;2;0;0;0;22;0;0;0;0;0;0;29;0;0;0;0;0;1;0;0;0;0;0;0;0;0;0;0;41;0;0;77255;0;0;0;117;0;0;0;0;0;226633;1;54651;20;66;0;0;0;0;0;12052;0;0;103;0;0;0;0;0;0;0;1736;0;0;0;0;0;0;0;0;3;0;0;0;0
0;0;0;1736;0;0;0;1;0;0;0;0;0;0;49984;1756;0;0;0;0;0;0;0;1756;0;103;0;0;0;1;40120;126;3;0;0;0;2;2;0;1756;0;0;1756;0;0;0;0;0;0;48454;0;0;0;0;0;14;0;0;0;0;0;0;0;0;50;26;0;0;0;1736;0;41;0;0;1;0;0;0;0;0;0;0;0;0;1736;1;0;0;199777;0;88750;0;25786;0;0;1;0;0;150;0;0;0;2;0;0;0;0;0;49980;2;0;0;446;0;0;0;0;0;0;0;0;0;12056;0;0;0;0;0;0;0;0;0;0;25;0;0;34695;0;0;0;0;0;7007765;0;0;0;0;0;0;0;0;781223;0;0;0;2;0;0;0;22;0;0;0;0;0;0;29;0;0;0;0;0;1;0;0;0;0;0;0;0;0;0;0;41;0;0;77256;0;0;0;117;0;0;0;0;0;226635;1;54652;20;66;0;0;0;0;0;12052;0;0;103;0;0;0;0;0;0;0;1736;0;0;0;0;0;0;0;0;3;0;0;0;0
0;0;0;1738;0;0;0;1;0;0;0;0;0;0;49984;1756;0;0;0;0;0;0;0;1756;0;103;0;0;0;1;40120;127;3;0;0;0;2;2;0;1756;0;0;1756;0;0;0;0;0;0;48459;0;0;0;0;0;14;0;0;0;0;0;0;0;0;50;26;0;0;0;1738;0;41;0;0;1;0;0;0;0;0;0;0;0;0;1738;1;0;0;199843;0;88756;0;25797;0;0;1;0;0;150;0;0;0;2;0;0;0;0;0;49980;2;0;0;446;0;0;0;0;0;0;0;0;0;12056;0;0;0;0;0;0;0;0;0;0;25;0;0;34703;0;0;0;0;0;8008786;0;0;0;0;0;0;0;0;781476;0;0;0;2;0;0;0;22;0;0;0;0;0;0;29;0;0;0;0;0;1;0;0;0;0;0;0;0;0;0;0;41;0;0;77262;0;0;0;117;0;0;0;0;0;226644;1;54652;20;66;0;0;0;0;0;12052;0;0;103;0;0;0;0;0;0;0;1738;0;0;0;0;0;0;0;0;3;0;0;0;0
0;0;0;1738;0;0;0;1;0;0;0;0;0;0;49984;1761;0;0;0;0;0;0;0;1761;0;103;0;0;0;1;40121;127;3;0;0;0;2;2;0;1761;0;0;1761;0;0;0;0;0;0;48463;0;0;0;0;0;14;0;0;0;0;0;0;0;0;50;26;0;0;0;1738;0;41;0;0;1;0;0;0;0;0;0;0;0;0;1738;1;0;0;199913;0;88761;0;25798;0;0;1;0;0;150;0;0;0;2;0;0;0;0;0;49980;2;0;0;446;0;0;0;0;0;0;0;0;0;12056;0;0;0;0;0;0;0;0;0;0;25;0;0;34717;0;0;0;0;0;9009738;0;0;0;0;0;0;0;0;781731;0;0;0;2;0;0;0;22;0;0;0;0;0;0;29;0;0;0;0;0;1;0;0;0;0;0;0;0;0;0;0;41;0;0;77267;0;0;0;119;0;0;0;0;0;226651;1;54653;20;66;0;0;0;0;0;12052;0;0;103;0;0;0;0;0;0;0;1738;0;0;0;0;0;0;0;0;3;0;0;0;0
0;0;0;1742;0;0;0;1;0;0;0;0;0;0;49984;1762;0;0;0;0;0;0;0;1762;0;103;0;0;0;1;40121;129;3;0;0;0;2;2;0;1762;0;0;1762;0;0;0;0;0;0;48465;0;0;0;0;0;14;0;0;0;0;0;0;0;0;50;26;0;0;0;1742;0;41;0;0;1;0;0;0;0;0;0;0;0;0;1742;1;0;0;199980;0;88762;0;25798;0;0;1;0;0;150;0;0;0;2;0;0;0;0;0;49980;2;0;0;446;0;0;0;0;0;0;0;0;0;12056;0;0;0;0;0;0;0;0;0;0;25;0;0;34717;0;0;0;0;0;10010763;0;0;0;0;0;0;0;0;781984;0;0;0;2;0;0;0;22;0;0;0;0;0;0;29;0;0;0;0;0;1;0;0;0;0;0;0;0;0;0;0;41;0;0;77268;0;0;0;120;0;0;0;0;0;226653;1;54653;20;66;0;0;0;0;0;12052;0;0;103;0;0;0;0;0;0;0;1742;0;0;0;0;0;0;0;0;3;0;0;0;0
0;0;0;1742;0;0;0;1;0;0;0;0;0;0;49984;1765;0;0;0;0;0;0;0;1765;0;103;0;0;0;1;40122;129;3;0;0;0;2;2;0;1765;0;0;1765;0;0;0;0;0;0;48469;0;0;0;0;0;14;0;0;0;0;0;0;0;0;50;26;0;0;0;1742;0;41;0;0;1;0;0;0;0;0;0;0;0;0;1742;1;0;0;200044;0;88764;0;25800;0;0;1;0;0;150;0;0;0;2;0;0;0;0;0;49980;2;0;0;446;0;0;0;0;0;0;0;0;0;12056;0;0;0;0;0;0;0;0;0;0;25;0;0;34718;0;0;0;0;0;11011784;0;0;0;0;0;0;0;0;782239;0;0;0;2;0;0;0;22;0;0;0;0;0;0;29;0;0;0;0;0;1;0;0;0;0;0;0;0;0;0;0;41;0;0;77270;0;0;0;121;0;0;0;0;0;226658;1;54654;20;66;0;0;0;0;0;12052;0;0;103;0;0;0;0;0;0;0;1742;0;0;0;0;0;0;0;0;3;0;0;0;0
0;0;0;1745;0;0;0;1;0;0;0;0;0;0;49984;1765;0;0;0;0;0;0;0;1765;0;103;0;0;0;1;40122;130;3;0;0;0;2;2;0;1765;0;0;1765;0;0;0;0;0;0;48471;0;0;0;0;0;14;0;0;0;0;0;0;0;0;50;26;0;0;0;1745;0;41;0;0;1;0;0;0;0;0;0;0;0;0;1745;1;0;0;200108;0;88765;0;25800;0;0;1;0;0;150;0;0;0;2;0;0;0;0;0;49980;2;0;0;446;0;0;0;0;0;0;0;0;0;12056;0;0;0;0;0;0;0;0;0;0;25;0;0;34718;0;0;0;0;0;12012805;0;0;0;0;0;0;0;0;782494;0;0;0;2;0;0;0;22;0;0;0;0;0;0;29;0;0;0;0;0;1;0;0;0;0;0;0;0;0;0;0;41;0;0;77271;0;0;0;121;0;0;0;0;0;226660;1;54654;20;66;0;0;0;0;0;12052;0;0;103;0;0;0;0;0;0;0;1745;0;0;0;0;0;0;0;0;3;0;0;0;0
0;0;0;1745;0;0;0;1;0;0;0;0;0;0;49984;1766;0;0;0;0;0;0;0;1766;0;103;0;0;0;1;40123;130;3;0;0;0;2;2;0;1766;0;0;1766;0;0;0;0;0;0;48474;0;0;0;0;0;14;0;0;0;0;0;0;0;0;50;26;0;0;0;1745;0;41;0;0;1;0;0;0;0;0;0;0;0;0;1745;1;0;0;200171;0;88766;0;25801;0;0;1;0;0;150;0;0;0;2;0;0;0;0;0;49980;2;0;0;446;0;0;0;0;0;0;0;0;0;12056;0;0;0;0;0;0;0;0;0;0;25;0;0;34719;0;0;0;0;0;13013723;0;0;0;0;0;0;0;0;782746;0;0;0;2;0;0;0;22;0;0;0;0;0;0;29;0;0;0;0;0;1;0;0;0;0;0;0;0;0;0;0;41;0;0;77272;0;0;0;121;0;0;0;0;0;226663;1;54655;20;66;0;0;0;0;0;12052;0;0;103;0;0;0;0;0;0;0;1745;0;0;0;0;0;0;0;0;3;0;0;0;0
0;0;0;1746;0;0;0;1;0;0;0;0;0;0;49984;1766;0;0;0;0;0;0;0;1766;0;103;0;0;0;1;40123;130;3;0;0;0;2;2;0;1766;0;0;1766;0;0;0;0;0;0;48476;0;0;0;0;0;14;0;0;0;0;0;0;0;0;50;26;0;0;0;1746;0;41;0;0;1;0;0;0;0;0;0;0;0;0;1746;1;0;0;200235;0;88767;0;25801;0;0;1;0;0;150;0;0;0;2;0;0;0;0;0;49980;2;0;0;446;0;0;0;0;0;0;0;0;0;12056;0;0;0;0;0;0;0;0;0;0;25;0;0;34719;0;0;0;0;0;14014733;0;0;0;0;0;0;0;0;782998;0;0;0;2;0;0;0;22;0;0;0;0;0;0;29;0;0;0;0;0;1;0;0;0;0;0;0;0;0;0;0;41;0;0;77273;0;0;0;121;0;0;0;0;0;226665;1;54655;20;66;0;0;0;0;0;12052;0;0;103;0;0;0;0;0;0;0;1746;0;0;0;0;0;0;0;0;3;0;0;0;0
0;0;0;1746;0;0;0;1;0;0;0;0;0;0;49984;1767;0;0;0;0;0;0;0;1767;0;103;0;0;0;1;40124;130;3;0;0;0;2;2;0;1767;0;0;1767;0;0;0;0;0;0;48478;0;0;0;0;0;14;0;0;0;0;0;0;0;0;50;26;0;0;0;1746;0;41;0;0;1;0;0;0;0;0;0;0;0;0;1746;1;0;0;200299;0;88768;0;25802;0;0;1;0;0;150;0;0;0;2;0;0;0;0;0;49980;2;0;0;446;0;0;0;0;0;0;0;0;0;12056;0;0;0;0;0;0;0;0;0;0;25;0;0;34720;0;0;0;0;0;15015751;0;0;0;0;0;0;0;0;783251;0;0;0;2;0;0;0;22;0;0;0;0;0;0;29;0;0;0;0;0;1;0;0;0;0;0;0;0;0;0;0;41;0;0;77274;0;0;0;121;0;0;0;0;0;226667;1;54656;20;66;0;0;0;0;0;12052;0;0;103;0;0;0;0;0;0;0;1746;0;0;0;0;0;0;0;0;3;0;0;0;0
0;0;0;1747;0;0;0;1;0;0;0;0;0;0;49984;1767;0;0;0;0;0;0;0;1767;0;103;0;0;0;1;40124;130;3;0;0;0;2;2;0;1767;0;0;1767;0;0;0;0;0;0;48480;0;0;0;0;0;14;0;0;0;0;0;0;0;0;50;26;0;0;0;1747;0;41;0;0;1;0;0;0;0;0;0;0;0;0;1747;1;0;0;200363;0;88769;0;25802;0;0;1;0;0;150;0;0;0;2;0;0;0;0;0;49980;2;0;0;446;0;0;0;0;0;0;0;0;0;12056;0;0;0;0;0;0;0;0;0;0;25;0;0;34720;0;0;0;0;0;16016761;0;0;0;0;0;0;0;0;783504;0;0;0;2;0;0;0;22;0;0;0;0;0;0;29;0;0;0;0;0;1;0;0;0;0;0;0;0;0;0;0;41;0;0;77275;0;0;0;121;0;0;0;0;0;226669;1;54656;20;66;0;0;0;0;0;12052;0;0;103;0;0;0;0;0;0;0;1747;0;0;0;0;0;0;0;0;3;0;0;0;0
0;0;0;1747;0;0;0;1;0;0;0;0;0;0;49984;1768;0;0;0;0;0;0;0;1768;0;103;0;0;0;1;40125;130;3;0;0;0;2;2;0;1768;0;0;1768;0;0;0;0;0;0;48483;0;0;0;0;0;14;0;0;0;0;0;0;0;0;50;26;0;0;0;1747;0;41;0;0;1;0;0;0;0;0;0;0;0;0;1747;1;0;0;200426;0;88770;0;25803;0;0;1;0;0;150;0;0;0;2;0;0;0;0;0;49980;2;0;0;446;0;0;0;0;0;0;0;0;0;12056;0;0;0;0;0;0;0;0;0;0;25;0;0;34721;0;0;0;0;0;17017719;0;0;0;0;0;0;0;0;783756;0;0;0;2;0;0;0;22;0;0;0;0;0;0;29;0;0;0;0;0;1;0;0;0;0;0;0;0;0;0;0;41;0;0;77276;0;0;0;121;0;0;0;0;0;226672;1;54657;20;66;0;0;0;0;0;12052;0;0;103;0;0;0;0;0;0;0;1747;0;0;0;0;0;0;0;0;3;0;0;0;0
0;0;0;1748;0;0;0;1;0;0;0;0;0;0;49984;1768;0;0;0;0;0;0;0;1768;0;103;0;0;0;1;40125;130;3;0;0;0;2;2;0;1768;0;0;1768;0;0;0;0;0;0;48485;0;0;0;0;0;14;0;0;0;0;0;0;0;0;50;26;0;0;0;1748;0;41;0;0;1;0;0;0;0;0;0;0;0;0;1748;1;0;0;200490;0;88771;0;25803;0;0;1;0;0;150;0;0;0;2;0;0;0;0;0;49980;2;0;0;446;0;0;0;0;0;0;0;0;0;12056;0;0;0;0;0;0;0;0;0;0;25;0;0;34721;0;0;0;0;0;18018732;0;0;0;0;0;0;0;0;784009;0;0;0;2;0;0;0;22;0;0;0;0;0;0;29;0;0;0;0;0;1;0;0;0;0;0;0;0;0;0;0;41;0;0;77277;0;0;0;121;0;0;0;0;0;226674;1;54657;20;66;0;0;0;0;0;12052;0;0;103;0;0;0;0;0;0;0;1748;0;0;0;0;0;0;0;0;3;0;0;0;0
0;0;0;1748;0;0;0;1;0;0;0;0;0;0;49984;1769;0;0;0;0;0;0;0;1769;0;103;0;0;0;1;40126;130;3;0;0;0;2;2;0;1769;0;0;1769;0;0;0;0;0;0;48487;0;0;0;0;0;14;0;0;0;0;0;0;0;0;50;26;0;0;0;1748;0;41;0;0;1;0;0;0;0;0;0;0;0;0;1748;1;0;0;200554;0;88772;0;25804;0;0;1;0;0;150;0;0;0;2;0;0;0;0;0;49980;2;0;0;446;0;0;0;0;0;0;0;0;0;12056;0;0;0;0;0;0;0;0;0;0;25;0;0;34722;0;0;0;0;0;19019742;0;0;0;0;0;0;0;0;784262;0;0;0;2;0;0;0;22;0;0;0;0;0;0;29;0;0;0;0;0;1;0;0;0;0;0;0;0;0;0;0;41;0;0;77278;0;0;0;121;0;0;0;0;0;226676;1;54658;20;66;0;0;0;0;0;12052;0;0;103;0;0;0;0;0;0;0;1748;0;0;0;0;0;0;0;0;3;0;0;0;0
0;0;0;1749;0;0;0;1;0;0;0;0;0;0;49984;1769;0;0;0;0;0;0;0;1769;0;103;0;0;0;1;40126;130;3;0;0;0;2;2;0;1769;0;0;1769;0;0;0;0;0;0;48489;0;0;0;0;0;14;0;0;0;0;0;0;0;0;50;26;0;0;0;1749;0;41;0;0;1;0;0;0;0;0;0;0;0;0;1749;1;0;0;200618;0;88773;0;25804;0;0;1;0;0;150;0;0;0;2;0;0;0;0;0;49980;2;0;0;446;0;0;0;0;0;0;0;0;0;12056;0;0;0;0;0;0;0;0;0;0;25;0;0;34722;0;0;0;0;0;20020752;0;0;0;0;0;0;0;0;784515;0;0;0;2;0;0;0;22;0;0;0;0;0;0;29;0;0;0;0;0;1;0;0;0;0;0;0;0;0;0;0;41;0;0;77279;0;0;0;121;0;0;0;0;0;226678;1;54658;20;66;0;0;0;0;0;12052;0;0;103;0;0;0;0;0;0;0;1749;0;0;0;0;0;0;0;0;3;0;0;0;0
0;0;0;1749;0;0;0;1;0;0;0;0;0;0;49984;1770;0;0;0;0;0;0;0;1770;0;103;0;0;0;1;40127;130;3;0;0;0;2;2;0;1770;0;0;1770;0;0;0;0;0;0;48492;0;0;0;0;0;14;0;0;0;0;0;0;0;0;50;26;0;0;0;1749;0;41;0;0;1;0;0;0;0;0;0;0;0;0;1749;1;0;0;200681;0;88774;0;25805;0;0;1;0;0;150;0;0;0;2;0;0;0;0;0;49980;2;0;0;446;0;0;0;0;0;0;0;0;0;12056;0;0;0;0;0;0;0;0;0;0;25;0;0;34723;0;0;0;0;0;21021725;0;0;0;0;0;0;0;0;784768;0;0;0;2;0;0;0;22;0;0;0;0;0;0;29;0;0;0;0;0;1;0;0;0;0;0;0;0;0;0;0;41;0;0;77280;0;0;0;121;0;0;0;0;0;226681;1;54659;20;66;0;0;0;0;0;12052;0;0;103;0;0;0;0;0;0;0;1749;0;0;0;0;0;0;0;0;3;0;0;0;0
0;0;0;1750;0;0;0;1;0;0;0;0;0;0;49984;1770;0;0;0;0;0;0;0;1770;0;103;0;0;0;1;40127;130;3;0;0;0;2;2;0;1770;0;0;1770;0;0;0;0;0;0;48494;0;0;0;0;0;14;0;0;0;0;0;0;0;0;50;26;0;0;0;1750;0;41;0;0;1;0;0;0;0;0;0;0;0;0;1750;1;0;0;200745;0;88775;0;25805;0;0;1;0;0;150;0;0;0;2;0;0;0;0;0;49980;2;0;0;446;0;0;0;0;0;0;0;0;0;12056;0;0;0;0;0;0;0;0;0;0;25;0;0;34723;0;0;0;0;0;22022733;0;0;0;0;0;0;0;0;785020;0;0;0;2;0;0;0;22;0;0;0;0;0;0;29;0;0;0;0;0;1;0;0;0;0;0;0;0;0;0;0;41;0;0;77281;0;0;0;121;0;0;0;0;0;226683;1;54659;20;66;0;0;0;0;0;12052;0;0;103;0;0;0;0;0;0;0;1750;0;0;0;0;0;0;0;0;3;0;0;0;0
0;0;0;1750;0;0;0;1;0;0;0;0;0;0;49984;1771;0;0;0;0;0;0;0;1771;0;103;0;0;0;1;40128;130;3;0;0;0;2;2;0;1771;0;0;1771;0;0;0;0;0;0;48498;0;0;0;0;0;14;0;0;0;0;0;0;0;0;50;26;0;0;0;1750;0;41;0;0;1;0;0;0;0;0;0;0;0;0;1750;1;0;0;200809;0;88778;0;25806;0;0;1;0;0;150;0;0;0;2;0;0;0;0;0;49980;2;0;0;446;0;0;0;0;0;0;0;0;0;12056;0;0;0;0;0;0;0;0;0;0;25;0;0;34730;0;0;0;0;0;23023768;0;0;0;0;0;0;0;0;785273;0;0;0;2;0;0;0;22;0;0;0;0;0;0;29;0;0;0;0;0;1;0;0;0;0;0;0;0;0;0;0;41;0;0;77284;0;0;0;121;0;0;0;0;0;226688;1;54660;20;66;0;0;0;0;0;12052;0;0;103;0;0;0;0;0;0;0;1750;0;0;0;0;0;0;0;0;3;0;0;0;0
0;0;0;1751;0;0;0;1;0;0;0;0;0;0;49984;1771;0;0;0;0;0;0;0;1771;0;103;0;0;0;1;40128;130;3;0;0;0;2;2;0;1771;0;0;1771;0;0;0;0;0;0;48500;0;0;0;0;0;14;0;0;0;0;0;0;0;0;50;26;0;0;0;1751;0;41;0;0;1;0;0;0;0;0;0;0;0;0;1751;1;0;0;200877;0;88779;0;25806;0;0;1;0;0;150;0;0;0;2;0;0;0;0;0;49980;2;0;0;446;0;0;0;0;0;0;0;0;0;12056;0;0;0;0;0;0;0;0;0;0;25;0;0;34730;0;0;0;0;0;24024790;0;0;0;0;0;0;0;0;785527;0;0;0;2;0;0;0;22;0;0;0;0;0;0;29;0;0;0;0;0;1;0;0;0;0;0;0;0;0;0;0;41;0;0;77285;0;0;0;121;0;0;0;0;0;226690;1;54660;20;66;0;0;0;0;0;12052;0;0;103;0;0;0;0;0;0;0;1751;0;0;0;0;0;0;0;0;3;0;0;0;0
0;0;0;1751;0;0;0;1;0;0;0;0;0;0;49984;1772;0;0;0;0;0;0;0;1772;0;103;0;0;0;1;40135;130;3;0;0;0;2;2;0;1772;0;0;1772;0;0;0;0;0;0;48504;0;0;0;0;0;14;0;0;0;0;0;0;0;0;50;26;0;0;0;1751;0;41;0;0;1;0;0;0;0;0;0;0;0;0;1751;1;0;0;200941;0;88784;0;25810;0;0;1;0;0;150;0;0;0;2;0;0;0;0;0;49980;2;0;0;446;0;0;0;0;0;0;0;0;0;12056;0;0;0;0;0;0;0;0;0;0;25;0;0;34731;0;0;0;0;0;25025732;0;0;0;0;0;0;0;0;785779;0;0;0;2;0;0;0;22;0;0;0;0;0;0;29;0;0;0;0;0;1;0;0;0;0;0;0;0;0;0;0;41;0;0;77290;0;0;0;121;0;0;0;0;0;226697;1;54668;20;66;0;0;0;0;0;12052;0;0;103;0;0;0;0;0;0;0;1751;0;0;0;0;0;0;0;0;3;0;0;0;0
0;0;0;1752;0;0;0;1;0;0;0;0;0;0;49984;1772;0;0;0;0;0;0;0;1772;0;103;0;0;0;1;40135;130;3;0;0;0;2;2;0;1772;0;0;1772;0;0;0;0;0;0;48506;0;0;0;0;0;14;0;0;0;0;0;0;0;0;50;26;0;0;0;1752;0;41;0;0;1;0;0;0;0;0;0;0;0;0;1752;1;0;0;201006;0;88785;0;25810;0;0;1;0;0;150;0;0;0;2;0;0;0;0;0;49980;2;0;0;446;0;0;0;0;0;0;0;0;0;12056;0;0;0;0;0;0;0;0;0;0;25;0;0;34731;0;0;0;0;0;26026736;0;0;0;0;0;0;0;0;786031;0;0;0;2;0;0;0;22;0;0;0;0;0;0;29;0;0;0;0;0;1;0;0;0;0;0;0;0;0;0;0;41;0;0;77291;0;0;0;121;0;0;0;0;0;226699;1;54668;20;66;0;0;0;0;0;12052;0;0;103;0;0;0;0;0;0;0;1752;0;0;0;0;0;0;0;0;3;0;0;0;0
0;0;0;1752;0;0;0;1;0;0;0;0;0;0;49984;1773;0;0;0;0;0;0;0;1773;0;103;0;0;0;1;40137;130;3;0;0;0;2;2;0;1773;0;0;1773;0;0;0;0;0;0;48508;0;0;0;0;0;14;0;0;0;0;0;0;0;0;50;26;0;0;0;1752;0;41;0;0;1;0;0;0;0;0;0;0;0;0;1752;1;0;0;201070;0;88786;0;25811;0;0;1;0;0;150;0;0;0;2;0;0;0;0;0;49980;2;0;0;446;0;0;0;0;0;0;0;0;0;12056;0;0;0;0;0;0;0;0;0;0;25;0;0;34732;0;0;0;0;0;27027752;0;0;0;0;0;0;0;0;786285;0;0;0;2;0;0;0;22;0;0;0;0;0;0;29;0;0;0;0;0;1;0;0;0;0;0;0;0;0;0;0;41;0;0;77292;0;0;0;121;0;0;0;0;0;226702;1;54669;20;66;0;0;0;0;0;12052;0;0;103;0;0;0;0;0;0;0;1752;0;0;0;0;0;0;0;0;3;0;0;0;0
0;0;0;1753;0;0;0;1;0;0;0;0;0;0;49984;1773;0;0;0;0;0;0;0;1773;0;103;0;0;0;1;40137;130;3;0;0;0;2;2;0;1773;0;0;1773;0;0;0;0;0;0;48510;0;0;0;0;0;14;0;0;0;0;0;0;0;0;50;26;0;0;0;1753;0;41;0;0;1;0;0;0;0;0;0;0;0;0;1753;1;0;0;201134;0;88787;0;25811;0;0;1;0;0;150;0;0;0;2;0;0;0;0;0;49980;2;0;0;446;0;0;0;0;0;0;0;0;0;12056;0;0;0;0;0;0;0;0;0;0;25;0;0;34732;0;0;0;0;0;28028760;0;0;0;0;0;0;0;0;786538;0;0;0;2;0;0;0;22;0;0;0;0;0;0;29;0;0;0;0;0;1;0;0;0;0;0;0;0;0;0;0;41;0;0;77293;0;0;0;121;0;0;0;0;0;226704;1;54669;20;66;0;0;0;0;0;12052;0;0;103;0;0;0;0;0;0;0;1753;0;0;0;0;0;0;0;0;3;0;0;0;0
0;0;0;1753;0;0;0;1;0;0;0;0;0;0;49984;1774;0;0;0;0;0;0;0;1774;0;103;0;0;0;1;40138;130;3;0;0;0;2;2;0;1774;0;0;1774;0;0;0;0;0;0;48513;0;0;0;0;0;14;0;0;0;0;0;0;0;0;50;26;0;0;0;1753;0;41;0;0;1;0;0;0;0;0;0;0;0;0;1753;1;0;0;201198;0;88788;0;25812;0;0;1;0;0;150;0;0;0;2;0;0;0;0;0;49980;2;0;0;446;0;0;0;0;0;0;0;0;0;12056;0;0;0;0;0;0;0;0;0;0;25;0;0;34733;0;0;0;0;0;29029720;0;0;0;0;0;0;0;0;786790;0;0;0;2;0;0;0;22;0;0;0;0;0;0;29;0;0;0;0;0;1;0;0;0;0;0;0;0;0;0;0;41;0;0;77294;0;0;0;121;0;0;0;0;0;226707;1;54670;20;66;0;0;0;0;0;12052;0;0;103;0;0;0;0;0;0;0;1753;0;0;0;0;0;0;0;0;3;0;0;0;0
0;0;0;1754;0;0;0;1;0;0;0;0;0;0;49984;1774;0;0;0;0;0;0;0;1774;0;103;0;0;0;1;40138;130;3;0;0;0;2;2;0;1774;0;0;1774;0;0;0;0;0;0;48515;0;0;0;0;0;14;0;0;0;0;0;0;0;0;50;26;0;0;0;1754;0;41;0;0;1;0;0;0;0;0;0;0;0;0;1754;1;0;0;201263;0;88789;0;25812;0;0;1;0;0;150;0;0;0;2;0;0;0;0;0;49980;2;0;0;446;0;0;0;0;0;0;0;0;0;12056;0;0;0;0;0;0;0;0;0;0;25;0;0;34733;0;0;0;0;0;30030737;0;0;0;0;0;0;0;0;787043;0;0;0;2;0;0;0;22;0;0;0;0;0;0;29;0;0;0;0;0;1;0;0;0;0;0;0;0;0;0;0;41;0;0;77295;0;0;0;121;0;0;0;0;0;226709;1;54670;20;66;0;0;0;0;0;12052;0;0;103;0;0;0;0;0;0;0;1754;0;0;0;0;0;0;0;0;3;0;0;0;0
0;0;0;1754;0;0;0;1;0;0;0;0;0;0;49984;1775;0;0;0;0;0;0;0;1775;0;103;0;0;0;1;40139;130;3;0;0;0;2;2;0;1775;0;0;1775;0;0;0;0;0;0;48517;0;0;0;0;0;14;0;0;0;0;0;0;0;0;50;26;0;0;0;1754;0;41;0;0;1;0;0;0;0;0;0;0;0;0;1754;1;0;0;201327;0;88790;0;25813;0;0;1;0;0;150;0;0;0;2;0;0;0;0;0;49980;2;0;0;446;0;0;0;0;0;0;0;0;0;12056;0;0;0;0;0;0;0;0;0;0;25;0;0;34734;0;0;0;0;0;31031748;0;0;0;0;0;0;0;0;787296;0;0;0;2;0;0;0;22;0;0;0;0;0;0;29;0;0;0;0;0;1;0;0;0;0;0;0;0;0;0;0;41;0;0;77296;0;0;0;121;0;0;0;0;0;226711;1;54671;20;66;0;0;0;0;0;12052;0;0;103;0;0;0;0;0;0;0;1754;0;0;0;0;0;0;0;0;3;0;0;0;0
0;0;0;1755;0;0;0;1;0;0;0;0;0;0;49984;1775;0;0;0;0;0;0;0;1775;0;103;0;0;0;1;40143;130;3;0;0;0;2;2;0;1775;0;0;1775;0;0;0;0;0;0;48521;0;0;0;0;0;14;0;0;0;0;0;0;0;0;50;26;0;0;0;1755;0;41;0;0;1;0;0;0;0;0;0;0;0;0;1755;1;0;0;201391;0;88793;0;25815;0;0;1;0;0;150;0;0;0;2;0;0;0;0;0;49980;2;0;0;446;0;0;0;0;0;0;0;0;0;12056;0;0;0;0;0;0;0;0;0;0;25;0;0;34734;0;0;0;0;0;32032770;0;0;0;0;0;0;0;0;787549;0;0;0;2;0;0;0;22;0;0;0;0;0;0;29;0;0;0;0;0;1;0;0;0;0;0;0;0;0;0;0;41;0;0;77299;0;0;0;121;0;0;0;0;0;226718;1;54676;20;66;0;0;0;0;0;12052;0;0;103;0;0;0;0;0;0;0;1755;0;0;0;0;0;0;0;0;3;0;0;0;0
0;0;0;1755;0;0;0;1;0;0;0;0;0;0;49984;1775;0;0;0;0;0;0;0;1775;0;103;0;0;0;1;40158;130;3;0;0;0;2;2;0;1775;0;0;1775;0;0;0;0;0;0;48525;0;0;0;0;0;14;0;0;0;0;0;0;0;0;50;26;0;0;0;1755;0;41;0;0;1;0;0;0;0;0;0;0;0;0;1755;1;0;0;201461;0;88797;0;25816;0;0;1;0;0;150;0;0;0;2;0;0;0;0;0;49980;2;0;0;446;0;0;0;0;0;0;0;0;0;12056;0;0;0;0;0;0;0;0;0;0;25;0;0;34735;0;0;0;0;0;33033736;0;0;0;0;0;0;0;0;787802;0;0;0;2;0;0;0;22;0;0;0;0;0;0;29;0;0;0;0;0;1;0;0;0;0;0;0;0;0;0;0;41;0;0;77303;0;0;0;121;0;0;0;0;0;226725;1;54677;20;66;0;0;0;0;0;12052;0;0;103;0;0;0;0;0;0;0;1755;0;0;0;0;0;0;0;0;3;0;0;0;0
0;0;0;1756;0;0;0;1;0;0;0;0;0;0;49984;1776;0;0;0;0;0;0;0;1776;0;103;0;0;0;1;40158;130;3;0;0;0;2;2;0;1776;0;0;1776;0;0;0;0;0;0;48527;0;0;0;0;0;14;0;0;0;0;0;0;0;0;50;26;0;0;0;1756;0;41;0;0;1;0;0;0;0;0;0;0;0;0;1756;1;0;0;201525;0;88798;0;25816;0;0;1;0;0;150;0;0;0;2;0;0;0;0;0;49980;2;0;0;446;0;0;0;0;0;0;0;0;0;12056;0;0;0;0;0;0;0;0;0;0;25;0;0;34735;0;0;0;0;0;34034740;0;0;0;0;0;0;0;0;788054;0;0;0;2;0;0;0;22;0;0;0;0;0;0;29;0;0;0;0;0;1;0;0;0;0;0;0;0;0;0;0;41;0;0;77304;0;0;0;121;0;0;0;0;0;226727;1;54677;20;66;0;0;0;0;0;12052;0;0;103;0;0;0;0;0;0;0;1756;0;0;0;0;0;0;0;0;3;0;0;0;0
0;0;0;1756;0;0;0;1;0;0;0;0;0;0;49984;1776;0;0;0;0;0;0;0;1776;0;103;0;0;0;1;40159;130;3;0;0;0;2;2;0;1776;0;0;1776;0;0;0;0;0;0;48529;0;0;0;0;0;14;0;0;0;0;0;0;0;0;50;26;0;0;0;1756;0;41;0;0;1;0;0;0;0;0;0;0;0;0;1756;1;0;0;201589;0;88799;0;25817;0;0;1;0;0;150;0;0;0;2;0;0;0;0;0;49980;2;0;0;446;0;0;0;0;0;0;0;0;0;12056;0;0;0;0;0;0;0;0;0;0;25;0;0;34736;0;0;0;0;0;35035749;0;0;0;0;0;0;0;0;788307;0;0;0;2;0;0;0;22;0;0;0;0;0;0;29;0;0;0;0;0;1;0;0;0;0;0;0;0;0;0;0;41;0;0;77305;0;0;0;121;0;0;0;0;0;226730;1;54678;20;66;0;0;0;0;0;12052;0;0;103;0;0;0;0;0;0;0;1756;0;0;0;0;0;0;0;0;3;0;0;0;0
0;0;0;1757;0;0;0;1;0;0;0;0;0;0;49984;1777;0;0;0;0;0;0;0;1777;0;103;0;0;0;1;40159;130;3;0;0;0;2;2;0;1777;0;0;1777;0;0;0;0;0;0;48531;0;0;0;0;0;14;0;0;0;0;0;0;0;0;50;26;0;0;0;1757;0;41;0;0;1;0;0;0;0;0;0;0;0;0;1757;1;0;0;201654;0;88800;0;25817;0;0;1;0;0;150;0;0;0;2;0;0;0;0;0;49980;2;0;0;446;0;0;0;0;0;0;0;0;0;12056;0;0;0;0;0;0;0;0;0;0;25;0;0;34736;0;0;0;0;0;36036767;0;0;0;0;0;0;0;0;788561;0;0;0;2;0;0;0;22;0;0;0;0;0;0;29;0;0;0;0;0;1;0;0;0;0;0;0;0;0;0;0;41;0;0;77306;0;0;0;121;0;0;0;0;0;226732;1;54678;20;66;0;0;0;0;0;12052;0;0;103;0;0;0;0;0;0;0;1757;0;0;0;0;0;0;0;0;3;0;0;0;0
0;0;0;1757;0;0;0;1;0;0;0;0;0;0;49984;1777;0;0;0;0;0;0;0;1777;0;103;0;0;0;1;40160;130;3;0;0;0;2;2;0;1777;0;0;1777;0;0;0;0;0;0;48534;0;0;0;0;0;14;0;0;0;0;0;0;0;0;50;26;0;0;0;1757;0;41;0;0;1;0;0;0;0;0;0;0;0;0;1757;1;0;0;201718;0;88801;0;25818;0;0;1;0;0;150;0;0;0;2;0;0;0;0;0;49980;2;0;0;446;0;0;0;0;0;0;0;0;0;12056;0;0;0;0;0;0;0;0;0;0;25;0;0;34737;0;0;0;0;0;37037719;0;0;0;0;0;0;0;0;788813;0;0;0;2;0;0;0;22;0;0;0;0;0;0;29;0;0;0;0;0;1;0;0;0;0;0;0;0;0;0;0;41;0;0;77307;0;0;0;121;0;0;0;0;0;226735;1;54679;20;66;0;0;0;0;0;12052;0;0;103;0;0;0;0;0;0;0;1757;0;0;0;0;0;0;0;0;3;0;0;0;0
0;0;0;1758;0;0;0;1;0;0;0;0;0;0;49984;1778;0;0;0;0;0;0;0;1778;0;103;0;0;0;1;40160;130;3;0;0;0;2;2;0;1778;0;0;1778;0;0;0;0;0;0;48536;0;0;0;0;0;14;0;0;0;0;0;0;0;0;50;26;0;0;0;1758;0;41;0;0;1;0;0;0;0;0;0;0;0;0;1758;1;0;0;201782;0;88802;0;25818;0;0;1;0;0;150;0;0;0;2;0;0;0;0;0;49980;2;0;0;446;0;0;0;0;0;0;0;0;0;12056;0;0;0;0;0;0;0;0;0;0;25;0;0;34737;0;0;0;0;0;38038731;0;0;0;0;0;0;0;0;789065;0;0;0;2;0;0;0;22;0;0;0;0;0;0;29;0;0;0;0;0;1;0;0;0;0;0;0;0;0;0;0;41;0;0;77308;0;0;0;121;0;0;0;0;0;226737;1;54679;20;66;0;0;0;0;0;12052;0;0;103;0;0;0;0;0;0;0;1758;0;0;0;0;0;0;0;0;3;0;0;0;0
0;0;0;1758;0;0;0;1;0;0;0;0;0;0;49984;1778;0;0;0;0;0;0;0;1778;0;103;0;0;0;1;40161;130;3;0;0;0;2;2;0;1778;0;0;1778;0;0;0;0;0;0;48538;0;0;0;0;0;14;0;0;0;0;0;0;0;0;50;26;0;0;0;1758;0;41;0;0;1;0;0;0;0;0;0;0;0;0;1758;1;0;0;201846;0;88803;0;25819;0;0;1;0;0;150;0;0;0;2;0;0;0;0;0;49980;2;0;0;446;0;0;0;0;0;0;0;0;0;12056;0;0;0;0;0;0;0;0;0;0;25;0;0;34738;0;0;0;0;0;39039747;0;0;0;0;0;0;0;0;789319;0;0;0;2;0;0;0;22;0;0;0;0;0;0;29;0;0;0;0;0;1;0;0;0;0;0;0;0;0;0;0;41;0;0;77309;0;0;0;121;0;0;0;0;0;226739;1;54680;20;66;0;0;0;0;0;12052;0;0;103;0;0;0;0;0;0;0;1758;0;0;0;0;0;0;0;0;3;0;0;0;0
0;0;0;1759;0;0;0;1;0;0;0;0;0;0;49984;1779;0;0;0;0;0;0;0;1779;0;103;0;0;0;1;40161;130;3;0;0;0;2;2;0;1779;0;0;1779;0;0;0;0;0;0;48540;0;0;0;0;0;14;0;0;0;0;0;0;0;0;50;26;0;0;0;1759;0;41;0;0;1;0;0;0;0;0;0;0;0;0;1759;1;0;0;201910;0;88804;0;25819;0;0;1;0;0;150;0;0;0;2;0;0;0;0;0;49980;2;0;0;446;0;0;0;0;0;0;0;0;0;12056;0;0;0;0;0;0;0;0;0;0;25;0;0;34738;0;0;0;0;0;40040758;0;0;0;0;0;0;0;0;789572;0;0;0;2;0;0;0;22;0;0;0;0;0;0;29;0;0;0;0;0;1;0;0;0;0;0;0;0;0;0;0;41;0;0;77310;0;0;0;121;0;0;0;0;0;226741;1;54680;20;66;0;0;0;0;0;12052;0;0;103;0;0;0;0;0;0;0;1759;0;0;0;0;0;0;0;0;3;0;0;0;0
0;0;0;1759;0;0;0;1;0;0;0;0;0;0;49984;1779;0;0;0;0;0;0;0;1779;0;103;0;0;0;1;40162;130;3;0;0;0;2;2;0;1779;0;0;1779;0;0;0;0;0;0;48543;0;0;0;0;0;14;0;0;0;0;0;0;0;0;50;26;0;0;0;1759;0;41;0;0;1;0;0;0;0;0;0;0;0;0;1759;1;0;0;201973;0;88805;0;25820;0;0;1;0;0;150;0;0;0;2;0;0;0;0;0;49980;2;0;0;446;0;0;0;0;0;0;0;0;0;12056;0;0;0;0;0;0;0;0;0;0;25;0;0;34739;0;0;0;0;0;41041722;0;0;0;0;0;0;0;0;789824;0;0;0;2;0;0;0;22;0;0;0;0;0;0;29;0;0;0;0;0;1;0;0;0;0;0;0;0;0;0;0;41;0;0;77311;0;0;0;121;0;0;0;0;0;226744;1;54681;20;66;0;0;0;0;0;12052;0;0;103;0;0;0;0;0;0;0;1759;0;0;0;0;0;0;0;0;3;0;0;0;0
0;0;0;1760;0;0;0;1;0;0;0;0;0;0;49984;1780;0;0;0;0;0;0;0;1780;0;103;0;0;0;1;40162;130;3;0;0;0;2;2;0;1780;0;0;1780;0;0;0;0;0;0;48545;0;0;0;0;0;14;0;0;0;0;0;0;0;0;50;26;0;0;0;1760;0;41;0;0;1;0;0;0;0;0;0;0;0;0;1760;1;0;0;202037;0;88806;0;25820;0;0;1;0;0;150;0;0;0;2;0;0;0;0;0;49980;2;0;0;446;0;0;0;0;0;0;0;0;0;12056;0;0;0;0;0;0;0;0;0;0;25;0;0;34739;0;0;0;0;0;42042739;0;0;0;0;0;0;0;0;790076;0;0;0;2;0;0;0;22;0;0;0;0;0;0;29;0;0;0;0;0;1;0;0;0;0;0;0;0;0;0;0;41;0;0;77312;0;0;0;121;0;0;0;0;0;226746;1;54681;20;66;0;0;0;0;0;12052;0;0;103;0;0;0;0;0;0;0;1760;0;0;0;0;0;0;0;0;3;0;0;0;0
0;0;0;1760;0;0;0;1;0;0;0;0;0;0;49984;1780;0;0;0;0;0;0;0;1780;0;103;0;0;0;1;40163;130;3;0;0;0;2;2;0;1780;0;0;1780;0;0;0;0;0;0;48547;0;0;0;0;0;14;0;0;0;0;0;0;0;0;50;26;0;0;0;1760;0;41;0;0;1;0;0;0;0;0;0;0;0;0;1760;1;0;0;202101;0;88807;0;25821;0;0;1;0;0;150;0;0;0;2;0;0;0;0;0;49980;2;0;0;446;0;0;0;0;0;0;0;0;0;12056;0;0;0;0;0;0;0;0;0;0;25;0;0;34740;0;0;0;0;0;43043749;0;0;0;0;0;0;0;0;790329;0;0;0;2;0;0;0;22;0;0;0;0;0;0;29;0;0;0;0;0;1;0;0;0;0;0;0;0;0;0;0;41;0;0;77313;0;0;0;121;0;0;0;0;0;226749;1;54682;20;66;0;0;0;0;0;12052;0;0;103;0;0;0;0;0;0;0;1760;0;0;0;0;0;0;0;0;3;0;0;0;0
0;0;0;1760;0;0;0;1;0;0;0;0;0;0;49984;1781;0;0;0;0;0;0;0;1781;0;103;0;0;0;1;40163;130;3;0;0;0;2;2;0;1781;0;0;1781;0;0;0;0;0;0;48549;0;0;0;0;0;14;0;0;0;0;0;0;0;0;50;26;0;0;0;1760;0;41;0;0;1;0;0;0;0;0;0;0;0;0;1760;1;0;0;202166;0;88808;0;25821;0;0;1;0;0;150;0;0;0;2;0;0;0;0;0;49980;2;0;0;446;0;0;0;0;0;0;0;0;0;12056;0;0;0;0;0;0;0;0;0;0;25;0;0;34740;0;0;0;0;0;44044760;0;0;0;0;0;0;0;0;790582;0;0;0;2;0;0;0;22;0;0;0;0;0;0;29;0;0;0;0;0;1;0;0;0;0;0;0;0;0;0;0;41;0;0;77314;0;0;0;121;0;0;0;0;0;226751;1;54682;20;66;0;0;0;0;0;12052;0;0;103;0;0;0;0;0;0;0;1760;0;0;0;0;0;0;0;0;3;0;0;0;0
0;0;0;1761;0;0;0;1;0;0;0;0;0;0;49984;1781;0;0;0;0;0;0;0;1781;0;103;0;0;0;1;40164;130;3;0;0;0;2;2;0;1781;0;0;1781;0;0;0;0;0;0;48552;0;0;0;0;0;14;0;0;0;0;0;0;0;0;50;26;0;0;0;1761;0;41;0;0;1;0;0;0;0;0;0;0;0;0;1761;1;0;0;202231;0;88809;0;25822;0;0;1;0;0;150;0;0;0;2;0;0;0;0;0;49980;2;0;0;446;0;0;0;0;0;0;0;0;0;12056;0;0;0;0;0;0;0;0;0;0;25;0;0;34741;0;0;0;0;0;45045724;0;0;0;0;0;0;0;0;790835;0;0;0;2;0;0;0;22;0;0;0;0;0;0;29;0;0;0;0;0;1;0;0;0;0;0;0;0;0;0;0;41;0;0;77315;0;0;0;121;0;0;0;0;0;226754;1;54683;20;66;0;0;0;0;0;12052;0;0;103;0;0;0;0;0;0;0;1761;0;0;0;0;0;0;0;0;3;0;0;0;0
0;0;0;1761;0;0;0;1;0;0;0;0;0;0;49984;1782;0;0;0;0;0;0;0;1782;0;103;0;0;0;1;40164;130;3;0;0;0;2;2;0;1782;0;0;1782;0;0;0;0;0;0;48554;0;0;0;0;0;14;0;0;0;0;0;0;0;0;50;26;0;0;0;1761;0;41;0;0;1;0;0;0;0;0;0;0;0;0;1761;1;0;0;202295;0;88810;0;25822;0;0;1;0;0;150;0;0;0;2;0;0;0;0;0;49980;2;0;0;446;0;0;0;0;0;0;0;0;0;12056;0;0;0;0;0;0;0;0;0;0;25;0;0;34741;0;0;0;0;0;46046731;0;0;0;0;0;0;0;0;791087;0;0;0;2;0;0;0;22;0;0;0;0;0;0;29;0;0;0;0;0;1;0;0;0;0;0;0;0;0;0;0;41;0;0;77316;0;0;0;121;0;0;0;0;0;226756;1;54683;20;66;0;0;0;0;0;12052;0;0;103;0;0;0;0;0;0;0;1761;0;0;0;0;0;0;0;0;3;0;0;0;0
0;0;0;1762;0;0;0;1;0;0;0;0;0;0;49984;1782;0;0;0;0;0;0;0;1782;0;103;0;0;0;1;40165;130;3;0;0;0;2;2;0;1782;0;0;1782;0;0;0;0;0;0;48556;0;0;0;0;0;14;0;0;0;0;0;0;0;0;50;26;0;0;0;1762;0;41;0;0;1;0;0;0;0;0;0;0;0;0;1762;1;0;0;202359;0;88811;0;25823;0;0;1;0;0;150;0;0;0;2;0;0;0;0;0;49980;2;0;0;446;0;0;0;0;0;0;0;0;0;12056;0;0;0;0;0;0;0;0;0;0;25;0;0;34742;0;0;0;0;0;47047746;0;0;0;0;0;0;0;0;791340;0;0;0;2;0;0;0;22;0;0;0;0;0;0;29;0;0;0;0;0;1;0;0;0;0;0;0;0;0;0;0;41;0;0;77317;0;0;0;121;0;0;0;0;0;226758;1;54684;20;66;0;0;0;0;0;12052;0;0;103;0;0;0;0;0;0;0;1762;0;0;0;0;0;0;0;0;3;0;0;0;0
0;0;0;1762;0;0;0;1;0;0;0;0;0;0;49984;1783;0;0;0;0;0;0;0;1783;0;103;0;0;0;1;40165;130;3;0;0;0;2;2;0;1783;0;0;1783;0;0;0;0;0;0;48558;0;0;0;0;0;14;0;0;0;0;0;0;0;0;50;26;0;0;0;1762;0;41;0;0;1;0;0;0;0;0;0;0;0;0;1762;1;0;0;202423;0;88812;0;25823;0;0;1;0;0;150;0;0;0;2;0;0;0;0;0;49980;2;0;0;446;0;0;0;0;0;0;0;0;0;12056;0;0;0;0;0;0;0;0;0;0;25;0;0;34742;0;0;0;0;0;48048759;0;0;0;0;0;0;0;0;791594;0;0;0;2;0;0;0;22;0;0;0;0;0;0;29;0;0;0;0;0;1;0;0;0;0;0;0;0;0;0;0;41;0;0;77318;0;0;0;121;0;0;0;0;0;226760;1;54684;20;66;0;0;0;0;0;12052;0;0;103;0;0;0;0;0;0;0;1762;0;0;0;0;0;0;0;0;3;0;0;0;0
0;0;0;1763;0;0;0;1;0;0;0;0;0;0;49984;1783;0;0;0;0;0;0;0;1783;0;103;0;0;0;1;40166;130;3;0;0;0;2;2;0;1783;0;0;1783;0;0;0;0;0;0;48561;0;0;0;0;0;14;0;0;0;0;0;0;0;0;50;26;0;0;0;1763;0;41;0;0;1;0;0;0;0;0;0;0;0;0;1763;1;0;0;202487;0;88813;0;25824;0;0;1;0;0;150;0;0;0;2;0;0;0;0;0;49980;2;0;0;446;0;0;0;0;0;0;0;0;0;12056;0;0;0;0;0;0;0;0;0;0;25;0;0;34743;0;0;0;0;0;49049724;0;0;0;0;0;0;0;0;791846;0;0;0;2;0;0;0;22;0;0;0;0;0;0;29;0;0;0;0;0;1;0;0;0;0;0;0;0;0;0;0;41;0;0;77319;0;0;0;121;0;0;0;0;0;226763;1;54685;20;66;0;0;0;0;0;12052;0;0;103;0;0;0;0;0;0;0;1763;0;0;0;0;0;0;0;0;3;0;0;0;0
0;0;0;1763;0;0;0;1;0;0;0;0;0;0;49984;1784;0;0;0;0;0;0;0;1784;0;103;0;0;0;1;40166;130;3;0;0;0;2;2;0;1784;0;0;1784;0;0;0;0;0;0;48563;0;0;0;0;0;14;0;0;0;0;0;0;0;0;50;26;0;0;0;1763;0;41;0;0;1;0;0;0;0;0;0;0;0;0;1763;1;0;0;202550;0;88814;0;25824;0;0;1;0;0;150;0;0;0;2;0;0;0;0;0;49980;2;0;0;446;0;0;0;0;0;0;0;0;0;12056;0;0;0;0;0;0;0;0;0;0;25;0;0;34743;0;0;0;0;0;50050733;0;0;0;0;0;0;0;0;792098;0;0;0;2;0;0;0;22;0;0;0;0;0;0;29;0;0;0;0;0;1;0;0;0;0;0;0;0;0;0;0;41;0;0;77320;0;0;0;121;0;0;0;0;0;226765;1;54685;20;66;0;0;0;0;0;12052;0;0;103;0;0;0;0;0;0;0;1763;0;0;0;0;0;0;0;0;3;0;0;0;0
0;0;0;1764;0;0;0;1;0;0;0;0;0;0;49984;1784;0;0;0;0;0;0;0;1784;0;103;0;0;0;1;40167;130;3;0;0;0;2;2;0;1784;0;0;1784;0;0;0;0;0;0;48565;0;0;0;0;0;14;0;0;0;0;0;0;0;0;50;26;0;0;0;1764;0;41;0;0;1;0;0;0;0;0;0;0;0;0;1764;1;0;0;202614;0;88815;0;25825;0;0;1;0;0;150;0;0;0;2;0;0;0;0;0;49980;2;0;0;446;0;0;0;0;0;0;0;0;0;12056;0;0;0;0;0;0;0;0;0;0;25;0;0;34744;0;0;0;0;0;51051750;0;0;0;0;0;0;0;0;792351;0;0;0;2;0;0;0;22;0;0;0;0;0;0;29;0;0;0;0;0;1;0;0;0;0;0;0;0;0;0;0;41;0;0;77321;0;0;0;121;0;0;0;0;0;226768;1;54686;20;66;0;0;0;0;0;12052;0;0;103;0;0;0;0;0;0;0;1764;0;0;0;0;0;0;0;0;3;0;0;0;0
0;0;0;1764;0;0;0;1;0;0;0;0;0;0;49984;1785;0;0;0;0;0;0;0;1785;0;103;0;0;0;1;40167;130;3;0;0;0;2;2;0;1785;0;0;1785;0;0;0;0;0;0;48567;0;0;0;0;0;14;0;0;0;0;0;0;0;0;50;26;0;0;0;1764;0;41;0;0;1;0;0;0;0;0;0;0;0;0;1764;1;0;0;202678;0;88816;0;25825;0;0;1;0;0;150;0;0;0;2;0;0;0;0;0;49980;2;0;0;446;0;0;0;0;0;0;0;0;0;12056;0;0;0;0;0;0;0;0;0;0;25;0;0;34744;0;0;0;0;0;52052761;0;0;0;0;0;0;0;0;792605;0;0;0;2;0;0;0;22;0;0;0;0;0;0;29;0;0;0;0;0;1;0;0;0;0;0;0;0;0;0;0;41;0;0;77322;0;0;0;121;0;0;0;0;0;226770;1;54686;20;66;0;0;0;0;0;12052;0;0;103;0;0;0;0;0;0;0;1764;0;0;0;0;0;0;0;0;3;0;0;0;0
0;0;0;1765;0;0;0;1;0;0;0;0;0;0;49984;1785;0;0;0;0;0;0;0;1785;0;103;0;0;0;1;40168;130;3;0;0;0;2;2;0;1785;0;0;1785;0;0;0;0;0;0;48570;0;0;0;0;0;14;0;0;0;0;0;0;0;0;50;26;0;0;0;1765;0;41;0;0;1;0;0;0;0;0;0;0;0;0;1765;1;0;0;202742;0;88817;0;25826;0;0;1;0;0;150;0;0;0;2;0;0;0;0;0;49980;2;0;0;446;0;0;0;0;0;0;0;0;0;12056;0;0;0;0;0;0;0;0;0;0;25;0;0;34745;0;0;0;0;0;53053718;0;0;0;0;0;0;0;0;792857;0;0;0;2;0;0;0;22;0;0;0;0;0;0;29;0;0;0;0;0;1;0;0;0;0;0;0;0;0;0;0;41;0;0;77323;0;0;0;121;0;0;0;0;0;226773;1;54687;20;66;0;0;0;0;0;12052;0;0;103;0;0;0;0;0;0;0;1765;0;0;0;0;0;0;0;0;3;0;0;0;0
0;0;0;1765;0;0;0;1;0;0;0;0;0;0;49984;1786;0;0;0;0;0;0;0;1786;0;103;0;0;0;1;40168;130;3;0;0;0;2;2;0;1786;0;0;1786;0;0;0;0;0;0;48572;0;0;0;0;0;14;0;0;0;0;0;0;0;0;50;26;0;0;0;1765;0;41;0;0;1;0;0;0;0;0;0;0;0;0;1765;1;0;0;202807;0;88818;0;25826;0;0;1;0;0;150;0;0;0;2;0;0;0;0;0;49980;2;0;0;446;0;0;0;0;0;0;0;0;0;12056;0;0;0;0;0;0;0;0;0;0;25;0;0;34745;0;0;0;0;0;54054734;0;0;0;0;0;0;0;0;793110;0;0;0;2;0;0;0;22;0;0;0;0;0;0;29;0;0;0;0;0;1;0;0;0;0;0;0;0;0;0;0;41;0;0;77324;0;0;0;121;0;0;0;0;0;226775;1;54687;20;66;0;0;0;0;0;12052;0;0;103;0;0;0;0;0;0;0;1765;0;0;0;0;0;0;0;0;3;0;0;0;0
0;0;0;1766;0;0;0;1;0;0;0;0;0;0;49984;1786;0;0;0;0;0;0;0;1786;0;103;0;0;0;1;40169;130;3;0;0;0;2;2;0;1786;0;0;1786;0;0;0;0;0;0;48574;0;0;0;0;0;14;0;0;0;0;0;0;0;0;50;26;0;0;0;1766;0;41;0;0;1;0;0;0;0;0;0;0;0;0;1766;1;0;0;202871;0;88819;0;25827;0;0;1;0;0;150;0;0;0;2;0;0;0;0;0;49980;2;0;0;446;0;0;0;0;0;0;0;0;0;12056;0;0;0;0;0;0;0;0;0;0;25;0;0;34746;0;0;0;0;0;55055743;0;0;0;0;0;0;0;0;793363;0;0;0;2;0;0;0;22;0;0;0;0;0;0;29;0;0;0;0;0;1;0;0;0;0;0;0;0;0;0;0;41;0;0;77325;0;0;0;121;0;0;0;0;0;226777;1;54688;20;66;0;0;0;0;0;12052;0;0;103;0;0;0;0;0;0;0;1766;0;0;0;0;0;0;0;0;3;0;0;0;0
0;0;0;1766;0;0;0;1;0;0;0;0;0;0;49984;1787;0;0;0;0;0;0;0;1787;0;103;0;0;0;1;40169;130;3;0;0;0;2;2;0;1787;0;0;1787;0;0;0;0;0;0;48576;0;0;0;0;0;14;0;0;0;0;0;0;0;0;50;26;0;0;0;1766;0;41;0;0;1;0;0;0;0;0;0;0;0;0;1766;1;0;0;202935;0;88820;0;25827;0;0;1;0;0;150;0;0;0;2;0;0;0;0;0;49980;2;0;0;446;0;0;0;0;0;0;0;0;0;12056;0;0;0;0;0;0;0;0;0;0;25;0;0;34746;0;0;0;0;0;56056752;0;0;0;0;0;0;0;0;793616;0;0;0;2;0;0;0;22;0;0;0;0;0;0;29;0;0;0;0;0;1;0;0;0;0;0;0;0;0;0;0;41;0;0;77326;0;0;0;121;0;0;0;0;0;226779;1;54688;20;66;0;0;0;0;0;12052;0;0;103;0;0;0;0;0;0;0;1766;0;0;0;0;0;0;0;0;3;0;0;0;0
0;0;0;1767;0;0;0;1;0;0;0;0;0;0;49984;1787;0;0;0;0;0;0;0;1787;0;103;0;0;0;1;40170;130;3;0;0;0;2;2;0;1787;0;0;1787;0;0;0;0;0;0;48579;0;0;0;0;0;14;0;0;0;0;0;0;0;0;50;26;0;0;0;1767;0;41;0;0;1;0;0;0;0;0;0;0;0;0;1767;1;0;0;202999;0;88821;0;25828;0;0;1;0;0;150;0;0;0;2;0;0;0;0;0;49980;2;0;0;446;0;0;0;0;0;0;0;0;0;12056;0;0;0;0;0;0;0;0;0;0;25;0;0;34747;0;0;0;0;0;57057726;0;0;0;0;0;0;0;0;793869;0;0;0;2;0;0;0;22;0;0;0;0;0;0;29;0;0;0;0;0;1;0;0;0;0;0;0;0;0;0;0;41;0;0;77327;0;0;0;121;0;0;0;0;0;226782;1;54689;20;66;0;0;0;0;0;12052;0;0;103;0;0;0;0;0;0;0;1767;0;0;0;0;0;0;0;0;3;0;0;0;0
0;0;0;1767;0;0;0;1;0;0;0;0;0;0;49984;1788;0;0;0;0;0;0;0;1788;0;103;0;0;0;1;40170;130;3;0;0;0;2;2;0;1788;0;0;1788;0;0;0;0;0;0;48581;0;0;0;0;0;14;0;0;0;0;0;0;0;0;50;26;0;0;0;1767;0;41;0;0;1;0;0;0;0;0;0;0;0;0;1767;1;0;0;203063;0;88822;0;25828;0;0;1;0;0;150;0;0;0;2;0;0;0;0;0;49980;2;0;0;446;0;0;0;0;0;0;0;0;0;12056;0;0;0;0;0;0;0;0;0;0;25;0;0;34747;0;0;0;0;0;58058734;0;0;0;0;0;0;0;0;794121;0;0;0;2;0;0;0;22;0;0;0;0;0;0;29;0;0;0;0;0;1;0;0;0;0;0;0;0;0;0;0;41;0;0;77328;0;0;0;121;0;0;0;0;0;226784;1;54689;20;66;0;0;0;0;0;12052;0;0;103;0;0;0;0;0;0;0;1767;0;0;0;0;0;0;0;0;3;0;0;0;0
0;0;0;1768;0;0;0;1;0;0;0;0;0;0;49984;1788;0;0;0;0;0;0;0;1788;0;103;0;0;0;1;40171;130;3;0;0;0;2;2;0;1788;0;0;1788;0;0;0;0;0;0;48585;0;0;0;0;0;14;0;0;0;0;0;0;0;0;50;26;0;0;0;1768;0;41;0;0;1;0;0;0;0;0;0;0;0;0;1768;1;0;0;203128;0;88825;0;25831;0;0;1;0;0;150;0;0;0;2;0;0;0;0;0;49980;2;0;0;446;0;0;0;0;0;0;0;0;0;12056;0;0;0;0;0;0;0;0;0;0;25;0;0;34748;0;0;0;0;0;59059751;0;0;0;0;0;0;0;0;794374;0;0;0;2;0;0;0;22;0;0;0;0;0;0;29;0;0;0;0;0;1;0;0;0;0;0;0;0;0;0;0;41;0;0;77331;0;0;0;121;0;0;0;0;0;226789;1;54692;20;66;0;0;0;0;0;12052;0;0;103;0;0;0;0;0;0;0;1768;0;0;0;0;0;0;0;0;3;0;0;0;0
0;0;0;1768;0;0;0;1;0;0;0;0;0;0;49984;1789;0;0;0;0;0;0;0;1789;0;103;0;0;0;1;40171;130;3;0;0;0;2;2;0;1789;0;0;1789;0;0;0;0;0;0;48587;0;0;0;0;0;14;0;0;0;0;0;0;0;0;50;26;0;0;0;1768;0;41;0;0;1;0;0;0;0;0;0;0;0;0;1768;1;0;0;203192;0;88826;0;25831;0;0;1;0;0;150;0;0;0;2;0;0;0;0;0;49980;2;0;0;446;0;0;0;0;0;0;0;0;0;12056;0;0;0;0;0;0;0;0;0;0;25;0;0;34748;0;0;0;0;0;60060765;0;0;0;0;0;0;0;0;794627;0;0;0;2;0;0;0;22;0;0;0;0;0;0;29;0;0;0;0;0;1;0;0;0;0;0;0;0;0;0;0;41;0;0;77332;0;0;0;121;0;0;0;0;0;226791;1;54692;20;66;0;0;0;0;0;12052;0;0;103;0;0;0;0;0;0;0;1768;0;0;0;0;0;0;0;0;3;0;0;0;0
0;0;0;1769;0;0;0;1;0;0;0;0;0;0;49984;1789;0;0;0;0;0;0;0;1789;0;103;0;0;0;1;40172;130;3;0;0;0;2;2;0;1789;0;0;1789;0;0;0;0;0;0;48590;0;0;0;0;0;14;0;0;0;0;0;0;0;0;50;26;0;0;0;1769;0;41;0;0;1;0;0;0;0;0;0;0;0;0;1769;1;0;0;203257;0;88827;0;25832;0;0;1;0;0;150;0;0;0;2;0;0;0;0;0;49980;2;0;0;446;0;0;0;0;0;0;0;0;0;12056;0;0;0;0;0;0;0;0;0;0;25;0;0;34749;0;0;0;0;0;61061720;0;0;0;0;0;0;0;0;794879;0;0;0;2;0;0;0;22;0;0;0;0;0;0;29;0;0;0;0;0;1;0;0;0;0;0;0;0;0;0;0;41;0;0;77333;0;0;0;121;0;0;0;0;0;226794;1;54693;20;66;0;0;0;0;0;12052;0;0;103;0;0;0;0;0;0;0;1769;0;0;0;0;0;0;0;0;3;0;0;0;0
0;0;0;1769;0;0;0;1;0;0;0;0;0;0;49984;1790;0;0;0;0;0;0;0;1790;0;103;0;0;0;1;40172;130;3;0;0;0;2;2;0;1790;0;0;1790;0;0;0;0;0;0;48592;0;0;0;0;0;14;0;0;0;0;0;0;0;0;50;26;0;0;0;1769;0;41;0;0;1;0;0;0;0;0;0;0;0;0;1769;1;0;0;203321;0;88828;0;25832;0;0;1;0;0;150;0;0;0;2;0;0;0;0;0;49980;2;0;0;446;0;0;0;0;0;0;0;0;0;12056;0;0;0;0;0;0;0;0;0;0;25;0;0;34749;0;0;0;0;0;62062731;0;0;0;0;0;0;0;0;795131;0;0;0;2;0;0;0;22;0;0;0;0;0;0;29;0;0;0;0;0;1;0;0;0;0;0;0;0;0;0;0;41;0;0;77334;0;0;0;121;0;0;0;0;0;226796;1;54693;20;66;0;0;0;0;0;12052;0;0;103;0;0;0;0;0;0;0;1769;0;0;0;0;0;0;0;0;3;0;0;0;0
0;0;0;1770;0;0;0;1;0;0;0;0;0;0;49984;1790;0;0;0;0;0;0;0;1790;0;103;0;0;0;1;40173;130;3;0;0;0;2;2;0;1790;0;0;1790;0;0;0;0;0;0;48594;0;0;0;0;0;14;0;0;0;0;0;0;0;0;50;26;0;0;0;1770;0;41;0;0;1;0;0;0;0;0;0;0;0;0;1770;1;0;0;203386;0;88829;0;25833;0;0;1;0;0;150;0;0;0;2;0;0;0;0;0;49980;2;0;0;446;0;0;0;0;0;0;0;0;0;12056;0;0;0;0;0;0;0;0;0;0;25;0;0;34750;0;0;0;0;0;63063750;0;0;0;0;0;0;0;0;795385;0;0;0;2;0;0;0;22;0;0;0;0;0;0;29;0;0;0;0;0;1;0;0;0;0;0;0;0;0;0;0;41;0;0;77335;0;0;0;121;0;0;0;0;0;226798;1;54694;20;66;0;0;0;0;0;12052;0;0;103;0;0;0;0;0;0;0;1770;0;0;0;0;0;0;0;0;3;0;0;0;0
0;0;0;1770;0;0;0;1;0;0;0;0;0;0;49984;1791;0;0;0;0;0;0;0;1791;0;103;0;0;0;1;40173;130;3;0;0;0;2;2;0;1791;0;0;1791;0;0;0;0;0;0;48596;0;0;0;0;0;14;0;0;0;0;0;0;0;0;50;26;0;0;0;1770;0;41;0;0;1;0;0;0;0;0;0;0;0;0;1770;1;0;0;203449;0;88830;0;25833;0;0;1;0;0;150;0;0;0;2;0;0;0;0;0;49980;2;0;0;446;0;0;0;0;0;0;0;0;0;12056;0;0;0;0;0;0;0;0;0;0;25;0;0;34750;0;0;0;0;0;64064756;0;0;0;0;0;0;0;0;795638;0;0;0;2;0;0;0;22;0;0;0;0;0;0;29;0;0;0;0;0;1;0;0;0;0;0;0;0;0;0;0;41;0;0;77336;0;0;0;121;0;0;0;0;0;226800;1;54694;20;66;0;0;0;0;0;12052;0;0;103;0;0;0;0;0;0;0;1770;0;0;0;0;0;0;0;0;3;0;0;0;0
0;0;0;1771;0;0;0;1;0;0;0;0;0;0;49984;1791;0;0;0;0;0;0;0;1791;0;103;0;0;0;1;40174;130;3;0;0;0;2;2;0;1791;0;0;1791;0;0;0;0;0;0;48599;0;0;0;0;0;14;0;0;0;0;0;0;0;0;50;26;0;0;0;1771;0;41;0;0;1;0;0;0;0;0;0;0;0;0;1771;1;0;0;203513;0;88831;0;25834;0;0;1;0;0;150;0;0;0;2;0;0;0;0;0;49980;2;0;0;446;0;0;0;0;0;0;0;0;0;12056;0;0;0;0;0;0;0;0;0;0;25;0;0;34751;0;0;0;0;0;65065720;0;0;0;0;0;0;0;0;795890;0;0;0;2;0;0;0;22;0;0;0;0;0;0;29;0;0;0;0;0;1;0;0;0;0;0;0;0;0;0;0;41;0;0;77337;0;0;0;121;0;0;0;0;0;226803;1;54695;20;66;0;0;0;0;0;12052;0;0;103;0;0;0;0;0;0;0;1771;0;0;0;0;0;0;0;0;3;0;0;0;0
0;0;0;1771;0;0;0;1;0;0;0;0;0;0;49984;1792;0;0;0;0;0;0;0;1792;0;103;0;0;0;1;40174;130;3;0;0;0;2;2;0;1792;0;0;1792;0;0;0;0;0;0;48601;0;0;0;0;0;14;0;0;0;0;0;0;0;0;50;26;0;0;0;1771;0;41;0;0;1;0;0;0;0;0;0;0;0;0;1771;1;0;0;203577;0;88832;0;25834;0;0;1;0;0;150;0;0;0;2;0;0;0;0;0;49980;2;0;0;446;0;0;0;0;0;0;0;0;0;12056;0;0;0;0;0;0;0;0;0;0;25;0;0;34751;0;0;0;0;0;66066736;0;0;0;0;0;0;0;0;796143;0;0;0;2;0;0;0;22;0;0;0;0;0;0;29;0;0;0;0;0;1;0;0;0;0;0;0;0;0;0;0;41;0;0;77338;0;0;0;121;0;0;0;0;0;226805;1;54695;20;66;0;0;0;0;0;12052;0;0;103;0;0;0;0;0;0;0;1771;0;0;0;0;0;0;0;0;3;0;0;0;0
0;0;0;1772;0;0;0;1;0;0;0;0;0;0;49984;1792;0;0;0;0;0;0;0;1792;0;103;0;0;0;1;40175;130;3;0;0;0;2;2;0;1792;0;0;1792;0;0;0;0;0;0;48603;0;0;0;0;0;14;0;0;0;0;0;0;0;0;50;26;0;0;0;1772;0;41;0;0;1;0;0;0;0;0;0;0;0;0;1772;1;0;0;203641;0;88833;0;25835;0;0;1;0;0;150;0;0;0;2;0;0;0;0;0;49980;2;0;0;446;0;0;0;0;0;0;0;0;0;12056;0;0;0;0;0;0;0;0;0;0;25;0;0;34752;0;0;0;0;0;67067744;0;0;0;0;0;0;0;0;796396;0;0;0;2;0;0;0;22;0;0;0;0;0;0;29;0;0;0;0;0;1;0;0;0;0;0;0;0;0;0;0;41;0;0;77339;0;0;0;121;0;0;0;0;0;226808;1;54696;20;66;0;0;0;0;0;12052;0;0;103;0;0;0;0;0;0;0;1772;0;0;0;0;0;0;0;0;3;0;0;0;0
0;0;0;1772;0;0;0;1;0;0;0;0;0;0;49984;1793;0;0;0;0;0;0;0;1793;0;103;0;0;0;1;40175;130;3;0;0;0;2;2;0;1793;0;0;1793;0;0;0;0;0;0;48605;0;0;0;0;0;14;0;0;0;0;0;0;0;0;50;26;0;0;0;1772;0;41;0;0;1;0;0;0;0;0;0;0;0;0;1772;1;0;0;203705;0;88834;0;25835;0;0;1;0;0;150;0;0;0;2;0;0;0;0;0;49980;2;0;0;446;0;0;0;0;0;0;0;0;0;12056;0;0;0;0;0;0;0;0;0;0;25;0;0;34752;0;0;0;0;0;68068755;0;0;0;0;0;0;0;0;796649;0;0;0;2;0;0;0;22;0;0;0;0;0;0;29;0;0;0;0;0;1;0;0;0;0;0;0;0;0;0;0;41;0;0;77340;0;0;0;121;0;0;0;0;0;226810;1;54696;20;66;0;0;0;0;0;12052;0;0;103;0;0;0;0;0;0;0;1772;0;0;0;0;0;0;0;0;3;0;0;0;0
0;0;0;1773;0;0;0;1;0;0;0;0;0;0;49984;1793;0;0;0;0;0;0;0;1793;0;103;0;0;0;1;40176;130;3;0;0;0;2;2;0;1793;0;0;1793;0;0;0;0;0;0;48608;0;0;0;0;0;14;0;0;0;0;0;0;0;0;50;26;0;0;0;1773;0;41;0;0;1;0;0;0;0;0;0;0;0;0;1773;1;0;0;203769;0;88835;0;25836;0;0;1;0;0;150;0;0;0;2;0;0;0;0;0;49980;2;0;0;446;0;0;0;0;0;0;0;0;0;12056;0;0;0;0;0;0;0;0;0;0;25;0;0;34753;0;0;0;0;0;69069722;0;0;0;0;0;0;0;0;796901;0;0;0;2;0;0;0;22;0;0;0;0;0;0;29;0;0;0;0;0;1;0;0;0;0;0;0;0;0;0;0;41;0;0;77341;0;0;0;121;0;0;0;0;0;226813;1;54697;20;66;0;0;0;0;0;12052;0;0;103;0;0;0;0;0;0;0;1773;0;0;0;0;0;0;0;0;3;0;0;0;0
0;0;0;1773;0;0;0;1;0;0;0;0;0;0;49984;1794;0;0;0;0;0;0;0;1794;0;103;0;0;0;1;40176;130;3;0;0;0;2;2;0;1794;0;0;1794;0;0;0;0;0;0;48610;0;0;0;0;0;14;0;0;0;0;0;0;0;0;50;26;0;0;0;1773;0;41;0;0;1;0;0;0;0;0;0;0;0;0;1773;1;0;0;203833;0;88836;0;25836;0;0;1;0;0;150;0;0;0;2;0;0;0;0;0;49980;2;0;0;446;0;0;0;0;0;0;0;0;0;12056;0;0;0;0;0;0;0;0;0;0;25;0;0;34753;0;0;0;0;0;70070730;0;0;0;0;0;0;0;0;797153;0;0;0;2;0;0;0;22;0;0;0;0;0;0;29;0;0;0;0;0;1;0;0;0;0;0;0;0;0;0;0;41;0;0;77342;0;0;0;121;0;0;0;0;0;226815;1;54697;20;66;0;0;0;0;0;12052;0;0;103;0;0;0;0;0;0;0;1773;0;0;0;0;0;0;0;0;3;0;0;0;0
0;0;0;1774;0;0;0;1;0;0;0;0;0;0;49984;1794;0;0;0;0;0;0;0;1794;0;103;0;0;0;1;40177;130;3;0;0;0;2;2;0;1794;0;0;1794;0;0;0;0;0;0;48612;0;0;0;0;0;14;0;0;0;0;0;0;0;0;50;26;0;0;0;1774;0;41;0;0;1;0;0;0;0;0;0;0;0;0;1774;1;0;0;203897;0;88837;0;25837;0;0;1;0;0;150;0;0;0;2;0;0;0;0;0;49980;2;0;0;446;0;0;0;0;0;0;0;0;0;12056;0;0;0;0;0;0;0;0;0;0;25;0;0;34754;0;0;0;0;0;71071741;0;0;0;0;0;0;0;0;797406;0;0;0;2;0;0;0;22;0;0;0;0;0;0;29;0;0;0;0;0;1;0;0;0;0;0;0;0;0;0;0;41;0;0;77343;0;0;0;121;0;0;0;0;0;226817;1;54698;20;66;0;0;0;0;0;12052;0;0;103;0;0;0;0;0;0;0;1774;0;0;0;0;0;0;0;0;3;0;0;0;0
0;0;0;1774;0;0;0;1;0;0;0;0;0;0;49984;1795;0;0;0;0;0;0;0;1795;0;103;0;0;0;1;40177;130;3;0;0;0;2;2;0;1795;0;0;1795;0;0;0;0;0;0;48614;0;0;0;0;0;14;0;0;0;0;0;0;0;0;50;26;0;0;0;1774;0;41;0;0;1;0;0;0;0;0;0;0;0;0;1774;1;0;0;203962;0;88838;0;25837;0;0;1;0;0;150;0;0;0;2;0;0;0;0;0;49980;2;0;0;446;0;0;0;0;0;0;0;0;0;12056;0;0;0;0;0;0;0;0;0;0;25;0;0;34754;0;0;0;0;0;72072758;0;0;0;0;0;0;0;0;797660;0;0;0;2;0;0;0;22;0;0;0;0;0;0;29;0;0;0;0;0;1;0;0;0;0;0;0;0;0;0;0;41;0;0;77344;0;0;0;121;0;0;0;0;0;226819;1;54698;20;66;0;0;0;0;0;12052;0;0;103;0;0;0;0;0;0;0;1774;0;0;0;0;0;0;0;0;3;0;0;0;0
0;0;0;1775;0;0;0;1;0;0;0;0;0;0;49984;1795;0;0;0;0;0;0;0;1795;0;103;0;0;0;1;40178;130;3;0;0;0;2;2;0;1795;0;0;1795;0;0;0;0;0;0;48617;0;0;0;0;0;14;0;0;0;0;0;0;0;0;50;26;0;0;0;1775;0;41;0;0;1;0;0;0;0;0;0;0;0;0;1775;1;0;0;204025;0;88839;0;25838;0;0;1;0;0;150;0;0;0;2;0;0;0;0;0;49980;2;0;0;446;0;0;0;0;0;0;0;0;0;12056;0;0;0;0;0;0;0;0;0;0;25;0;0;34755;0;0;0;0;0;73073723;0;0;0;0;0;0;0;0;797912;0;0;0;2;0;0;0;22;0;0;0;0;0;0;29;0;0;0;0;0;1;0;0;0;0;0;0;0;0;0;0;41;0;0;77345;0;0;0;121;0;0;0;0;0;226822;1;54699;20;66;0;0;0;0;0;12052;0;0;103;0;0;0;0;0;0;0;1775;0;0;0;0;0;0;0;0;3;0;0;0;0
0;0;0;1776;0;0;0;1;0;0;0;0;0;0;49984;1797;0;0;0;0;0;0;0;1797;0;103;0;0;0;1;40178;131;3;0;0;0;2;2;0;1797;0;0;1797;0;0;0;0;0;0;48619;0;0;0;0;0;14;0;0;0;0;0;0;0;0;50;26;0;0;0;1776;0;41;0;0;1;0;0;0;0;0;0;0;0;0;1776;1;0;0;204090;0;88840;0;25838;0;0;1;0;0;150;0;0;0;2;0;0;0;0;0;49980;2;0;0;446;0;0;0;0;0;0;0;0;0;12056;0;0;0;0;0;0;0;0;0;0;25;0;0;34755;0;0;0;0;0;74074756;0;0;0;0;0;0;0;0;798164;0;0;0;2;0;0;0;22;0;0;0;0;0;0;29;0;0;0;0;0;1;0;0;0;0;0;0;0;0;0;0;41;0;0;77346;0;0;0;122;0;0;0;0;0;226824;1;54699;20;66;0;0;0;0;0;12052;0;0;103;0;0;0;0;0;0;0;1776;0;0;0;0;0;0;0;0;3;0;0;0;0
0;0;0;1779;0;0;0;1;0;0;0;0;0;0;49984;1797;0;0;0;0;0;0;0;1797;0;103;0;0;0;1;40179;132;3;0;0;0;2;2;0;1797;0;0;1797;0;0;0;0;0;0;48621;0;0;0;0;0;14;0;0;0;0;0;0;0;0;50;26;0;0;0;1779;0;41;0;0;1;0;0;0;0;0;0;0;0;0;1779;1;0;0;204156;0;88841;0;25839;0;0;1;0;0;150;0;0;0;2;0;0;0;0;0;49980;2;0;0;446;0;0;0;0;0;0;0;0;0;12056;0;0;0;0;0;0;0;0;0;0;25;0;0;34756;0;0;0;0;0;75075770;0;0;0;0;0;0;0;0;798420;0;0;0;2;0;0;0;22;0;0;0;0;0;0;29;0;0;0;0;0;1;0;0;0;0;0;0;0;0;0;0;41;0;0;77347;0;0;0;122;0;0;0;0;0;226827;1;54700;20;66;0;0;0;0;0;12052;0;0;103;0;0;0;0;0;0;0;1779;0;0;0;0;0;0;0;0;3;0;0;0;0
0;0;0;1779;0;0;0;1;0;0;0;0;0;0;49984;1800;0;0;0;0;0;0;0;1800;0;103;0;0;0;1;40179;132;3;0;0;0;2;2;0;1800;0;0;1800;0;0;0;0;0;0;48623;0;0;0;0;0;14;0;0;0;0;0;0;0;0;50;26;0;0;0;1779;0;41;0;0;1;0;0;0;0;0;0;0;0;0;1779;1;0;0;204222;0;88842;0;25839;0;0;1;0;0;150;0;0;0;2;0;0;0;0;0;49980;2;0;0;446;0;0;0;0;0;0;0;0;0;12056;0;0;0;0;0;0;0;0;0;0;25;0;0;34756;0;0;0;0;0;76076790;0;0;0;0;0;0;0;0;798674;0;0;0;2;0;0;0;22;0;0;0;0;0;0;29;0;0;0;0;0;1;0;0;0;0;0;0;0;0;0;0;41;0;0;77348;0;0;0;123;0;0;0;0;0;226829;1;54700;20;66;0;0;0;0;0;12052;0;0;103;0;0;0;0;0;0;0;1779;0;0;0;0;0;0;0;0;3;0;0;0;0
0;0;0;1780;0;0;0;1;0;0;0;0;0;0;49984;1800;0;0;0;0;0;0;0;1800;0;103;0;0;0;1;40187;132;3;0;0;0;2;2;0;1800;0;0;1800;0;0;0;0;0;0;48629;0;0;0;0;0;14;0;0;0;0;0;0;0;0;50;26;0;0;0;1780;0;41;0;0;1;0;0;0;0;0;0;0;0;0;1780;1;0;0;204288;0;88845;0;25840;0;0;1;0;0;150;0;0;0;2;0;0;0;0;0;49980;2;0;0;446;0;0;0;0;0;0;0;0;0;12056;0;0;0;0;0;0;0;0;0;0;25;0;0;34757;0;0;0;0;0;77077740;0;0;0;0;0;0;0;0;798926;0;0;0;2;0;0;0;22;0;0;0;0;0;0;29;0;0;0;0;0;1;0;0;0;0;0;0;0;0;0;0;41;0;0;77351;0;0;0;123;0;0;0;0;0;226835;1;54701;20;66;0;0;0;0;0;12052;0;0;103;0;0;0;0;0;0;0;1780;0;0;0;0;0;0;0;0;3;0;0;0;0
